game_id,season,game_type,week,gameday,weekday,gametime,away_team,away_score,home_team,home_score,location,result,total,overtime,old_game_id,gsis,nfl_detail_id,pfr,pff,espn,ftn,away_rest,home_rest,away_moneyline,home_moneyline,spread_line,away_spread_odds,home_spread_odds,total_line,under_odds,over_odds,div_game,roof,surface,temp,wind,away_qb_id,home_qb_id,away_qb_name,home_qb_name,away_coach,home_coach,referee,stadium_id,stadium,team,opponent,is_home,season_type,opponent_team,completions,attempts,passing_yards,passing_tds,passing_interceptions,sacks_suffered,sack_yards_lost,sack_fumbles,sack_fumbles_lost,passing_air_yards,passing_yards_after_catch,passing_first_downs,passing_epa,passing_cpoe,passing_2pt_conversions,carries,rushing_yards,rushing_tds,rushing_fumbles,rushing_fumbles_lost,rushing_first_downs,rushing_epa,rushing_2pt_conversions,receptions,targets,receiving_yards,receiving_tds,receiving_fumbles,receiving_fumbles_lost,receiving_air_yards,receiving_yards_after_catch,receiving_first_downs,receiving_epa,receiving_2pt_conversions,special_teams_tds,def_tackles_solo,def_tackles_with_assist,def_tackle_assists,def_tackles_for_loss,def_tackles_for_loss_yards,def_fumbles_forced,def_sacks,def_sack_yards,def_qb_hits,def_interceptions,def_interception_yards,def_pass_defended,def_tds,def_fumbles,def_safeties,misc_yards,fumble_recovery_own,fumble_recovery_yards_own,fumble_recovery_opp,fumble_recovery_yards_opp,fumble_recovery_tds,penalties,penalty_yards,timeouts,punt_returns,punt_return_yards,kickoff_returns,kickoff_return_yards,fg_made,fg_att,fg_missed,fg_blocked,fg_long,fg_pct,fg_made_0_19,fg_made_20_29,fg_made_30_39,fg_made_40_49,fg_made_50_59,fg_made_60_,fg_missed_0_19,fg_missed_20_29,fg_missed_30_39,fg_missed_40_49,fg_missed_50_59,fg_missed_60_,fg_made_list,fg_missed_list,fg_blocked_list,fg_made_distance,fg_missed_distance,fg_blocked_distance,pat_made,pat_att,pat_missed,pat_blocked,pat_pct,gwfg_made,gwfg_att,gwfg_missed,gwfg_blocked,gwfg_distance,win_prob,win
2025_01_ARI_NO,2025,REG,1,2025-09-07,Sunday,13:00,ARI,20.0,NO,13.0,Home,-7.0,33.0,0.0,2025090705,59850.0,,202509070nor,28425,401772718,6741,7,7,-270.0,220.0,-6.0,-108.0,-112.0,44.5,-112.0,-108.0,0,dome,sportturf,,,00-0035228,00-0039376,Kyler Murray,Spencer Rattler,Jonathan Gannon,Kellen Moore,Scott Novak,NOR00,Mercedes-Benz Superdome,ARI,NO,False,REG,NO,21.0,29.0,163.0,2.0,0.0,5.0,-33.0,0.0,0.0,166.0,100.0,11.0,1.5247993258601382,-1.733811045515126,0.0,27.0,146.0,0.0,0.0,0.0,6.0,1.1585398027950686,0.0,21.0,29.0,163.0,2.0,0.0,0.0,166.0,100.0,11.0,8.777653060046058,0.0,0.0,36.0,2.0,36.0,3.0,10.0,0.0,1.0,6.0,2.0,0.0,0.0,10.0,0.0,0.0,0.0,0.0,0.0,0.0,0.0,0.0,0.0,9.0,54.0,0.0,3.0,30.0,3.0,73.0,2.0,3.0,0.0,1.0,50.0,0.6666666666666666,0.0,0.0,0.0,1.0,1.0,0.0,0.0,0.0,0.0,0.0,0.0,0.0,42;50,,46,92.0,0.0,46.0,2.0,2.0,0.0,0.0,1.0,0.0,0.0,0.0,0.0,0.0,0.3822491099432143,1
2025_02_CAR_ARI,2025,REG,2,2025-09-14,Sunday,16:05,CAR,22.0,ARI,27.0,Home,5.0,49.0,0.0,2025091409,59869.0,,202509140crd,28445,401772730,6760,7,7,250.0,-310.0,7.0,-110.0,-110.0,45.5,-110.0,-110.0,0,closed,grass,,,00-0039150,00-0035228,Bryce Young,Kyler Murray,Dave Canales,Jonathan Gannon,Ron Torbert,PHO00,State Farm Stadium,ARI,CAR,True,REG,CAR,17.0,25.0,220.0,1.0,1.0,1.0,-9.0,0.0,0.0,160.0,113.0,10.0,6.139767758614543,0.763731837272644,0.0,22.0,82.0,1.0,0.0,0.0,5.0,-0.17023573273456716,0.0,17.0,25.0,220.0,1.0,0.0,0.0,160.0,113.0,10.0,8.406594365901473,0.0,0.0,44.0,2.0,30.0,6.0,33.0,1.0,3.0,25.0,10.0,1.0,4.0,9.0,0.0,0.0,0.0,0.0,0.0,0.0,1.0,1.0,1.0,12.0,96.0,3.0,1.0,29.0,4.0,87.0,2.0,2.0,0.0,0.0,47.0,1.0,0.0,1.0,0.0,1.0,0.0,0.0,0.0,0.0,0.0,0.0,0.0,0.0,29;47,,,76.0,0.0,0.0,3.0,3.0,0.0,0.0,1.0,0.0,0.0,0.0,0.0,0.0,0.7199016119278604,1
2025_03_ARI_SF,2025,REG,3,2025-09-21,Sunday,16:25,ARI,15.0,SF,16.0,Home,1.0,31.0,0.0,2025092112,59888.0,,202509210sfo,28464,401772843,6779,7,7,105.0,-125.0,1.5,-112.0,-108.0,44.5,-112.0,-108.0,1,outdoors,grass,72.0,7.0,00-0035228,00-0036972,Kyler Murray,Mac Jones,Jonathan Gannon,Kyle Shanahan,John Hussey,SFO01,Levi's Stadium,ARI,SF,False,REG,SF,22.0,35.0,159.0,1.0,0.0,1.0,-5.0,0.0,0.0,177.0,92.0,8.0,-0.6186131590061501,-2.625567948116976,0.0,28.0,106.0,0.0,1.0,0.0,7.0,-0.08796402605366893,0.0,22.0,34.0,159.0,1.0,0.0,0.0,177.0,92.0,8.0,2.002655035599213,0.0,0.0,38.0,1.0,27.0,3.0,9.0,0.0,1.0,2.0,8.0,1.0,18.0,4.0,0.0,0.0,1.0,0.0,1.0,1.0,0.0,0.0,0.0,5.0,30.0,2.0,1.0,8.0,4.0,115.0,2.0,3.0,1.0,0.0,34.0,0.6666666666666666,0.0,1.0,1.0,0.0,0.0,0.0,0.0,0.0,0.0,0.0,1.0,0.0,34;28,57,,62.0,57.0,0.0,1.0,1.0,0.0,0.0,1.0,0.0,0.0,0.0,0.0,0.0,0.2753268601353416,0
2025_04_SEA_ARI,2025,REG,4,2025-09-25,Thursday,20:15,SEA,23.0,ARI,20.0,Home,-3.0,43.0,0.0,2025092500,59891.0,,202509250crd,28466,401772938,6782,4,4,-125.0,105.0,-1.5,-110.0,-110.0,43.5,-108.0,-112.0,1,closed,grass,,,00-0034869,00-0035228,Sam Darnold,Kyler Murray,Mike Macdonald,Jonathan Gannon,Alex Kemp,PHO00,State Farm Stadium,ARI,SEA,True,REG,SEA,27.0,41.0,200.0,2.0,2.0,6.0,-36.0,0.0,0.0,238.0,125.0,13.0,-3.3043997842296657,-4.957857504487038,0.0,17.0,89.0,0.0,0.0,0.0,2.0,-1.8990376775618643,0.0,27.0,40.0,200.0,2.0,0.0,0.0,238.0,125.0,13.0,5.983421891421109,0.0,0.0,35.0,3.0,47.0,9.0,31.0,2.0,3.0,13.0,3.0,0.0,0.0,2.0,0.0,0.0,0.0,0.0,0.0,0.0,1.0,1.0,0.0,7.0,46.0,6.0,1.0,15.0,5.0,126.0,2.0,2.0,0.0,0.0,57.0,1.0,0.0,0.0,1.0,0.0,1.0,0.0,0.0,0.0,0.0,0.0,0.0,0.0,33;57,,,90.0,0.0,0.0,2.0,2.0,0.0,0.0,1.0,0.0,0.0,0.0,0.0,0.0,0.1260309950338751,0
2025_05_TEN_ARI,2025,REG,5,2025-10-05,Sunday,16:05,TEN,22.0,ARI,21.0,Home,-1.0,43.0,0.0,2025100507,59915.0,,202510050crd,28491,401772747,6806,7,10,330.0,-425.0,7.5,-108.0,-112.0,41.5,-110.0,-110.0,0,closed,grass,,,00-0040676,00-0035228,Cam Ward,Kyler Murray,Brian Callahan,Jonathan Gannon,Shawn Smith,PHO00,State Farm Stadium,ARI,TEN,True,REG,TEN,23.0,32.0,220.0,0.0,0.0,3.0,-28.0,0.0,0.0,209.0,115.0,8.0,1.1999048311263323,5.623544057210286,0.0,29.0,168.0,3.0,2.0,2.0,10.0,-5.952887479506899,0.0,23.0,30.0,220.0,0.0,0.0,0.0,209.0,115.0,8.0,8.775004187074956,0.0,0.0,36.0,0.0,22.0,4.0,19.0,1.0,2.0,16.0,4.0,1.0,0.0,8.0,0.0,1.0,0.0,0.0,0.0,1.0,1.0,1.0,0.0,8.0,47.0,4.0,2.0,16.0,4.0,90.0,0.0,0.0,0.0,0.0,,,0.0,0.0,0.0,0.0,0.0,0.0,0.0,0.0,0.0,0.0,0.0,0.0,,,,0.0,0.0,0.0,3.0,3.0,0.0,0.0,1.0,0.0,0.0,0.0,0.0,0.0,0.6754501322250738,0
2025_06_ARI_IND,2025,REG,6,2025-10-12,Sunday,13:00,ARI,27.0,IND,31.0,Home,4.0,58.0,0.0,2025101203,59925.0,,202510120clt,28500,401772856,6816,7,7,360.0,-470.0,8.5,-110.0,-110.0,46.5,-122.0,102.0,0,closed,fieldturf,,,00-0033119,00-0035710,Jacoby Brissett,Daniel Jones,Jonathan Gannon,Shane Steichen,Shawn Hochuli,IND00,Lucas Oil Stadium,ARI,IND,False,REG,IND,27.0,44.0,320.0,2.0,1.0,2.0,-8.0,0.0,0.0,391.0,129.0,17.0,6.258094309852431,4.625235918240669,0.0,24.0,88.0,1.0,0.0,0.0,8.0,0.033021019626175985,0.0,27.0,39.0,320.0,2.0,0.0,0.0,391.0,129.0,17.0,11.496769517700635,0.0,0.0,36.0,1.0,29.0,3.0,12.0,0.0,1.0,7.0,6.0,1.0,9.0,4.0,0.0,0.0,0.0,0.0,0.0,0.0,0.0,0.0,0.0,7.0,65.0,5.0,1.0,12.0,4.0,114.0,2.0,2.0,0.0,0.0,44.0,1.0,0.0,0.0,0.0,2.0,0.0,0.0,0.0,0.0,0.0,0.0,0.0,0.0,40;44,,,84.0,0.0,0.0,3.0,3.0,0.0,0.0,1.0,0.0,0.0,0.0,0.0,0.0,0.6313098354138469,0
2025_07_GB_ARI,2025,REG,7,2025-10-19,Sunday,16:25,GB,27.0,ARI,23.0,Home,-4.0,50.0,0.0,2025101909,59946.0,,202510190crd,28521,401772863,6837,7,7,-395.0,310.0,-7.0,-115.0,-105.0,44.5,-110.0,-110.0,0,closed,grass,,,00-0036264,00-0033119,Jordan Love,Jacoby Brissett,Matt LaFleur,Jonathan Gannon,Alex Moore,PHO00,State Farm Stadium,ARI,GB,True,REG,GB,25.0,36.0,279.0,2.0,0.0,6.0,-43.0,1.0,1.0,312.0,99.0,13.0,1.0358332606710152,4.730957395890179,0.0,28.0,94.0,0.0,0.0,0.0,5.0,-4.690612517471891,0.0,25.0,34.0,279.0,2.0,0.0,0.0,312.0,99.0,13.0,16.369037803876854,0.0,0.0,31.0,2.0,22.0,5.0,16.0,1.0,1.0,11.0,2.0,0.0,0.0,3.0,0.0,0.0,0.0,0.0,0.0,0.0,0.0,0.0,0.0,6.0,55.0,6.0,1.0,13.0,3.0,88.0,3.0,3.0,0.0,0.0,40.0,1.0,0.0,0.0,2.0,1.0,0.0,0.0,0.0,0.0,0.0,0.0,0.0,0.0,32;40;39,,,111.0,0.0,0.0,2.0,2.0,0.0,0.0,1.0,0.0,0.0,0.0,0.0,0.0,0.5175342000251998,0
2025_09_ARI_DAL,2025,REG,9,2025-11-03,Monday,20:15,ARI,27.0,DAL,17.0,Home,-10.0,44.0,0.0,2025110300,59977.0,,202511030dal,28552,401772818,6868,15,8,145.0,-175.0,3.5,-115.0,-105.0,53.5,-105.0,-115.0,0,closed,matrixturf,,,00-0033119,00-0033077,Jacoby Brissett,Dak Prescott,Jonathan Gannon,Brian Schottenheimer,Adrian Hill,DAL00,AT&T Stadium,ARI,DAL,False,REG,DAL,21.0,31.0,261.0,2.0,0.0,5.0,-40.0,0.0,0.0,248.0,127.0,14.0,7.010368498253448,7.376096371946664,0.0,29.0,119.0,1.0,1.0,0.0,9.0,0.12887395697180182,0.0,21.0,29.0,261.0,2.0,0.0,0.0,248.0,127.0,14.0,16.809535870074107,0.0,0.0,42.0,1.0,27.0,6.0,42.0,4.0,5.0,40.0,9.0,1.0,0.0,6.0,0.0,0.0,0.0,0.0,1.0,2.0,2.0,2.0,0.0,2.0,10.0,1.0,1.0,5.0,4.0,102.0,2.0,2.0,0.0,0.0,48.0,1.0,0.0,0.0,1.0,1.0,0.0,0.0,0.0,0.0,0.0,0.0,0.0,0.0,48;34,,,82.0,0.0,0.0,3.0,3.0,0.0,0.0,1.0,0.0,0.0,0.0,0.0,0.0,0.9814168414907046,1
2025_10_ARI_SEA,2025,REG,10,2025-11-09,Sunday,16:05,ARI,22.0,SEA,44.0,Home,22.0,66.0,0.0,2025110908,59987.0,,202511090sea,28562,401772773,6878,6,7,270.0,-340.0,7.0,-115.0,-105.0,44.5,-102.0,-118.0,1,outdoors,fieldturf,59.0,5.0,00-0033119,00-0034869,Jacoby Brissett,Sam Darnold,Jonathan Gannon,Mike Macdonald,Alan Eck,SEA00,Lumen Field,ARI,SEA,False,REG,SEA,22.0,45.0,258.0,2.0,0.0,5.0,-52.0,2.0,2.0,329.0,119.0,13.0,-12.49219041776075,-11.351046575741334,1.0,23.0,129.0,1.0,0.0,0.0,7.0,-3.1146162207296584,0.0,22.0,44.0,258.0,2.0,0.0,0.0,329.0,119.0,13.0,9.124866703772685,1.0,0.0,35.0,3.0,29.0,5.0,13.0,2.0,1.0,4.0,1.0,1.0,4.0,2.0,0.0,0.0,0.0,0.0,0.0,0.0,2.0,2.0,0.0,5.0,37.0,2.0,0.0,0.0,7.0,146.0,0.0,0.0,0.0,0.0,,,0.0,0.0,0.0,0.0,0.0,0.0,0.0,0.0,0.0,0.0,0.0,0.0,,,,0.0,0.0,0.0,2.0,2.0,0.0,0.0,1.0,0.0,0.0,0.0,0.0,0.0,0.3621182646954193,0
2025_11_SF_ARI,2025,REG,11,2025-11-16,Sunday,16:05,SF,41.0,ARI,22.0,Home,-19.0,63.0,0.0,2025111608,60001.0,,202511160crd,28577,401772885,6892,7,7,-192.0,160.0,-3.5,-105.0,-115.0,48.5,-112.0,-108.0,1,closed,grass,,,00-0037834,00-0033119,Brock Purdy,Jacoby Brissett,Kyle Shanahan,Jonathan Gannon,Carl Cheffers,PHO00,State Farm Stadium,ARI,SF,True,REG,SF,47.0,57.0,452.0,2.0,2.0,0.0,0.0,0.0,0.0,388.0,198.0,18.0,9.212935896495566,12.436020800045558,0.0,14.0,36.0,1.0,0.0,0.0,5.0,-1.931191046387423,0.0,47.0,56.0,452.0,2.0,1.0,1.0,388.0,198.0,18.0,6.845637771613639,0.0,0.0,27.0,1.0,31.0,3.0,23.0,0.0,1.0,14.0,3.0,0.0,0.0,4.0,0.0,0.0,0.0,0.0,0.0,0.0,0.0,0.0,0.0,17.0,130.0,5.0,2.0,51.0,7.0,180.0,1.0,2.0,1.0,0.0,26.0,0.5,0.0,1.0,0.0,0.0,0.0,0.0,0.0,0.0,0.0,0.0,1.0,0.0,26,58,,26.0,58.0,0.0,1.0,1.0,0.0,0.0,1.0,0.0,0.0,0.0,0.0,0.0,0.0129245221626038,0
2025_12_JAX_ARI,2025,REG,12,2025-11-23,Sunday,16:05,JAX,27.0,ARI,24.0,Home,-3.0,51.0,1.0,2025112307,60015.0,,202511230crd,28590,401772783,6906,7,7,-135.0,114.0,-2.5,-108.0,-112.0,47.5,-115.0,-105.0,0,closed,grass,,,00-0036971,00-0033119,Trevor Lawrence,Jacoby Brissett,Liam Coen,Jonathan Gannon,Scott Novak,PHO00,State Farm Stadium,ARI,JAX,True,REG,JAX,34.0,50.0,315.0,1.0,0.0,6.0,-44.0,0.0,0.0,381.0,159.0,15.0,-10.048487106693832,3.2745109304137854,0.0,20.0,55.0,1.0,0.0,0.0,6.0,-1.1198895788402297,0.0,34.0,46.0,315.0,1.0,0.0,0.0,381.0,159.0,15.0,4.353484631043935,0.0,0.0,33.0,1.0,29.0,3.0,15.0,1.0,3.0,19.0,5.0,3.0,0.0,7.0,0.0,0.0,0.0,0.0,1.0,1.0,1.0,1.0,1.0,7.0,53.0,4.0,0.0,0.0,5.0,127.0,1.0,2.0,1.0,0.0,29.0,0.5,0.0,1.0,0.0,0.0,0.0,0.0,0.0,0.0,1.0,0.0,0.0,0.0,29,33,,29.0,33.0,0.0,3.0,3.0,0.0,0.0,1.0,0.0,0.0,0.0,0.0,0.0,0.7410897541386628,0
2025_13_ARI_TB,2025,REG,13,2025-11-30,Sunday,13:00,ARI,17.0,TB,20.0,Home,3.0,37.0,0.0,2025113005,60030.0,,202511300tam,28605,401772895,6921,7,7,164.0,-198.0,4.5,-115.0,-105.0,44.5,-108.0,-112.0,0,outdoors,grass,80.0,8.0,00-0033119,00-0034855,Jacoby Brissett,Baker Mayfield,Jonathan Gannon,Todd Bowles,Bill Vinovich,TAM00,Raymond James Stadium,ARI,TB,False,REG,TB,29.0,40.0,301.0,2.0,1.0,2.0,-10.0,0.0,0.0,289.0,145.0,16.0,5.769273175322185,11.05167479128451,0.0,19.0,95.0,0.0,1.0,1.0,6.0,-7.014189565903507,0.0,29.0,37.0,301.0,2.0,0.0,0.0,289.0,145.0,16.0,9.171802182806214,0.0,0.0,27.0,3.0,39.0,5.0,16.0,1.0,2.0,10.0,1.0,0.0,0.0,3.0,0.0,0.0,0.0,0.0,0.0,0.0,0.0,0.0,0.0,4.0,33.0,6.0,3.0,6.0,5.0,139.0,1.0,2.0,1.0,0.0,52.0,0.5,0.0,0.0,0.0,0.0,1.0,0.0,0.0,0.0,0.0,1.0,0.0,0.0,52,43,,52.0,43.0,0.0,2.0,2.0,0.0,0.0,1.0,0.0,0.0,0.0,0.0,0.0,0.2255184907463758,0
2025_14_LA_ARI,2025,REG,14,2025-12-07,Sunday,16:25,LA,,ARI,,Home,,,,2025120709,,,202512070crd,28622,401772901,6938,7,7,-455.0,350.0,-8.5,-105.0,-115.0,47.5,-110.0,-110.0,1,closed,grass,,,00-0026498,00-0033119,Matthew Stafford,Jacoby Brissett,Sean McVay,Jonathan Gannon,,PHO00,State Farm Stadium,ARI,LA,True,,,,,,,,,,,,,,,,,,,,,,,,,,,,,,,,,,,,,,,,,,,,,,,,,,,,,,,,,,,,,,,,,,,,,,,,,,,,,,,,,,,,,,,,,,,,,,,,,,,,0.0165731397877506,0
2025_15_ARI_HOU,2025,REG,15,2025-12-14,Sunday,13:00,ARI,,HOU,,Home,,,,2025121402,,,202512140htx,28629,401772903,6945,7,7,280.0,-355.0,7.0,-105.0,-115.0,42.5,-110.0,-110.0,0,closed,astroturf,,,,,,,Jonathan Gannon,DeMeco Ryans,,HOU00,NRG Stadium,ARI,HOU,False,,,,,,,,,,,,,,,,,,,,,,,,,,,,,,,,,,,,,,,,,,,,,,,,,,,,,,,,,,,,,,,,,,,,,,,,,,,,,,,,,,,,,,,,,,,,,,,,,,,,0.0182607965715682,0
2025_16_ATL_ARI,2025,REG,16,2025-12-21,Sunday,16:05,ATL,,ARI,,Home,,,,2025122107,,,202512210crd,28652,401772914,6968,10,7,,,,,,,,,0,closed,grass,,,,,,,Raheem Morris,Jonathan Gannon,,PHO00,State Farm Stadium,ARI,ATL,True,,,,,,,,,,,,,,,,,,,,,,,,,,,,,,,,,,,,,,,,,,,,,,,,,,,,,,,,,,,,,,,,,,,,,,,,,,,,,,,,,,,,,,,,,,,,,,,,,,,,0.0165731397877506,0
2025_17_ARI_CIN,2025,REG,17,2025-12-28,Sunday,13:00,ARI,,CIN,,Home,,,,2025122801,,,202512280cin,28662,401772954,6978,7,7,,,,,,,,,0,outdoors,fieldturf,,,,,,,Jonathan Gannon,Zac Taylor,,CIN00,Paycor Stadium,ARI,CIN,False,,,,,,,,,,,,,,,,,,,,,,,,,,,,,,,,,,,,,,,,,,,,,,,,,,,,,,,,,,,,,,,,,,,,,,,,,,,,,,,,,,,,,,,,,,,,,,,,,,,,0.0182607965715682,0
2025_18_ARI_LA,2025,REG,18,2026-01-04,Sunday,13:00,ARI,,LA,,Home,,,,2025010407,,,202501040ram,28681,401772955,6997,7,7,,,,,,,,,1,dome,matrixturf,,,,,,,Jonathan Gannon,Sean McVay,,LAX01,SoFi Stadium,ARI,LA,False,,,,,,,,,,,,,,,,,,,,,,,,,,,,,,,,,,,,,,,,,,,,,,,,,,,,,,,,,,,,,,,,,,,,,,,,,,,,,,,,,,,,,,,,,,,,,,,,,,,,0.0182607965715682,0
2025_01_TB_ATL,2025,REG,1,2025-09-07,Sunday,13:00,TB,23.0,ATL,20.0,Home,-3.0,43.0,0.0,2025090700,59845.0,,202509070atl,28420,401772830,6736,7,7,-115.0,-105.0,-1.5,-102.0,-118.0,47.5,-105.0,-115.0,1,closed,fieldturf,,,00-0034855,00-0039917,Baker Mayfield,Michael Penix,Todd Bowles,Raheem Morris,Land Clark,ATL97,Mercedes-Benz Stadium,ATL,TB,True,REG,TB,27.0,42.0,298.0,1.0,0.0,1.0,-9.0,0.0,0.0,288.0,189.0,16.0,9.624095207309598,-5.938342639378139,0.0,28.0,69.0,1.0,1.0,0.0,6.0,-5.7664944543503225,0.0,27.0,42.0,298.0,1.0,0.0,0.0,288.0,189.0,16.0,11.561699483822387,0.0,0.0,27.0,1.0,25.0,2.0,3.0,0.0,1.0,8.0,3.0,0.0,0.0,7.0,0.0,0.0,0.0,0.0,1.0,2.0,0.0,0.0,0.0,8.0,55.0,6.0,2.0,29.0,5.0,125.0,2.0,3.0,1.0,0.0,41.0,0.6666666666666666,0.0,0.0,1.0,1.0,0.0,0.0,0.0,0.0,0.0,1.0,0.0,0.0,41;36,44,,77.0,44.0,0.0,2.0,2.0,0.0,0.0,1.0,0.0,0.0,0.0,0.0,0.0,0.4270107848973746,0
2025_02_ATL_MIN,2025,REG,2,2025-09-14,Sunday,20:20,ATL,22.0,MIN,6.0,Home,-16.0,28.0,0.0,2025091412,59872.0,,202509140min,28447,401772919,6763,7,6,150.0,-180.0,3.5,-115.0,-105.0,44.5,-110.0,-110.0,0,dome,sportturf,,,00-0039917,00-0039923,Michael Penix,J.J. McCarthy,Raheem Morris,Kevin O'Connell,Adrian Hill,MIN01,U.S. Bank Stadium,ATL,MIN,False,REG,MIN,13.0,21.0,135.0,0.0,0.0,3.0,-27.0,0.0,0.0,132.0,59.0,5.0,-3.2441715903873147,-7.450161519504729,0.0,39.0,218.0,1.0,0.0,0.0,12.0,6.12384862778179,0.0,13.0,21.0,135.0,0.0,1.0,1.0,132.0,59.0,5.0,-3.902174276492052,0.0,0.0,29.0,0.0,28.0,5.0,29.0,1.0,6.0,38.0,11.0,2.0,0.0,4.0,0.0,0.0,0.0,0.0,0.0,0.0,2.0,2.0,0.0,5.0,29.0,4.0,0.0,0.0,1.0,21.0,5.0,5.0,0.0,0.0,54.0,1.0,0.0,1.0,3.0,0.0,1.0,0.0,0.0,0.0,0.0,0.0,0.0,0.0,38;29;33;33;54,,,187.0,0.0,0.0,1.0,1.0,0.0,0.0,1.0,0.0,0.0,0.0,0.0,0.0,0.9990531721615576,1
2025_03_ATL_CAR,2025,REG,3,2025-09-21,Sunday,13:00,ATL,0.0,CAR,30.0,Home,30.0,30.0,0.0,2025092100,59876.0,,202509210car,28452,401772838,6767,7,7,-225.0,185.0,-5.5,-105.0,-115.0,44.5,-115.0,-105.0,1,outdoors,grass,83.0,5.0,00-0039917,00-0039150,Michael Penix,Bryce Young,Raheem Morris,Dave Canales,Craig Wrolstad,CAR00,Bank of America Stadium,ATL,CAR,False,REG,CAR,23.0,43.0,201.0,0.0,2.0,0.0,0.0,0.0,0.0,306.0,111.0,11.0,-21.848133884173095,-11.81698913981275,0.0,23.0,131.0,0.0,1.0,1.0,6.0,-0.5324786291457713,0.0,23.0,41.0,201.0,0.0,0.0,0.0,306.0,111.0,11.0,-20.450830615859687,0.0,0.0,34.0,2.0,24.0,4.0,10.0,0.0,1.0,7.0,3.0,0.0,0.0,2.0,0.0,0.0,0.0,0.0,0.0,0.0,1.0,1.0,0.0,3.0,23.0,4.0,2.0,0.0,5.0,58.0,0.0,2.0,2.0,0.0,,0.0,0.0,0.0,0.0,0.0,0.0,0.0,0.0,0.0,0.0,1.0,1.0,0.0,,49;55,,0.0,104.0,0.0,0.0,0.0,0.0,0.0,,0.0,0.0,0.0,0.0,0.0,0.0069104548930914,0
2025_04_WAS_ATL,2025,REG,4,2025-09-28,Sunday,13:00,WAS,27.0,ATL,34.0,Home,7.0,61.0,0.0,2025092801,59893.0,,202509280atl,28468,401772739,6784,7,7,120.0,-142.0,2.5,-110.0,-110.0,43.5,-112.0,-108.0,0,closed,fieldturf,,,00-0039910,00-0039917,Jayden Daniels,Michael Penix,Dan Quinn,Raheem Morris,Scott Novak,ATL97,Mercedes-Benz Stadium,ATL,WAS,True,REG,WAS,20.0,26.0,313.0,2.0,1.0,1.0,-6.0,0.0,0.0,274.0,134.0,14.0,18.287676299231038,11.439650104596065,0.0,37.0,128.0,2.0,1.0,0.0,9.0,-3.5752406536119787,0.0,20.0,26.0,313.0,2.0,0.0,0.0,274.0,134.0,14.0,19.594266019768924,0.0,0.0,31.0,1.0,29.0,4.0,10.0,2.0,2.0,9.0,6.0,1.0,0.0,3.0,0.0,0.0,0.0,0.0,2.0,2.0,0.0,0.0,0.0,5.0,45.0,2.0,1.0,0.0,5.0,128.0,2.0,2.0,0.0,0.0,38.0,1.0,0.0,1.0,1.0,0.0,0.0,0.0,0.0,0.0,0.0,0.0,0.0,0.0,38;26,,,64.0,0.0,0.0,4.0,4.0,0.0,0.0,1.0,0.0,0.0,0.0,0.0,0.0,0.9820419014089092,1
2025_06_BUF_ATL,2025,REG,6,2025-10-13,Monday,19:15,BUF,14.0,ATL,24.0,Home,10.0,38.0,0.0,2025101300,59934.0,,202510130atl,28509,401772815,6825,8,15,-205.0,170.0,-3.5,-120.0,100.0,49.5,-102.0,-118.0,0,closed,fieldturf,,,00-0034857,00-0039917,Josh Allen,Michael Penix,Sean McDermott,Raheem Morris,Shawn Smith,ATL97,Mercedes-Benz Stadium,ATL,BUF,True,REG,BUF,20.0,32.0,250.0,1.0,0.0,2.0,-17.0,0.0,0.0,232.0,140.0,10.0,-0.41926983085160874,-6.361269758593652,0.0,32.0,210.0,2.0,0.0,0.0,9.0,4.761006107598703,0.0,20.0,31.0,250.0,1.0,0.0,0.0,232.0,140.0,10.0,3.163724944412915,0.0,0.0,32.0,1.0,31.0,3.0,27.0,1.0,4.0,23.0,6.0,2.0,6.0,9.0,0.0,0.0,0.0,0.0,0.0,0.0,0.0,0.0,0.0,6.0,35.0,1.0,1.0,10.0,3.0,63.0,1.0,2.0,0.0,1.0,33.0,0.5,0.0,0.0,1.0,0.0,0.0,0.0,0.0,0.0,0.0,0.0,0.0,0.0,33,,37,33.0,0.0,37.0,3.0,3.0,0.0,0.0,1.0,0.0,0.0,0.0,0.0,0.0,0.991325235809406,1
2025_07_ATL_SF,2025,REG,7,2025-10-19,Sunday,20:20,ATL,10.0,SF,20.0,Home,10.0,30.0,0.0,2025101911,59948.0,,202510190sfo,28523,401772924,6839,6,7,-105.0,-115.0,1.5,-120.0,100.0,46.5,-112.0,-108.0,0,outdoors,grass,74.0,5.0,00-0039917,00-0036972,Michael Penix,Mac Jones,Raheem Morris,Kyle Shanahan,Ron Torbert,SFO01,Levi's Stadium,ATL,SF,False,REG,SF,21.0,38.0,241.0,1.0,0.0,2.0,-11.0,1.0,1.0,357.0,91.0,13.0,-6.737357140441047,-5.806361552741793,0.0,20.0,62.0,0.0,0.0,0.0,3.0,-0.11120319267502055,0.0,21.0,36.0,241.0,1.0,0.0,0.0,357.0,91.0,13.0,2.719199143757578,0.0,0.0,37.0,2.0,36.0,7.0,16.0,0.0,1.0,2.0,4.0,1.0,16.0,2.0,0.0,0.0,0.0,0.0,0.0,0.0,0.0,0.0,0.0,6.0,43.0,6.0,2.0,18.0,5.0,106.0,1.0,1.0,0.0,0.0,38.0,1.0,0.0,0.0,1.0,0.0,0.0,0.0,0.0,0.0,0.0,0.0,0.0,0.0,38,,,38.0,0.0,0.0,1.0,1.0,0.0,0.0,1.0,0.0,0.0,0.0,0.0,0.0,0.0962665255142957,0
2025_08_MIA_ATL,2025,REG,8,2025-10-26,Sunday,13:00,MIA,34.0,ATL,10.0,Home,-24.0,44.0,0.0,2025102600,59952.0,,202510260atl,28527,401772760,6843,7,7,280.0,-355.0,7.0,-115.0,-105.0,44.5,-115.0,-105.0,0,closed,fieldturf,,,00-0036212,00-0029604,Tua Tagovailoa,Kirk Cousins,Mike McDaniel,Raheem Morris,John Hussey,ATL97,Mercedes-Benz Stadium,ATL,MIA,True,REG,MIA,21.0,31.0,173.0,0.0,0.0,1.0,-5.0,0.0,0.0,285.0,75.0,7.0,-5.867928963794839,2.4710270762443542,0.0,17.0,45.0,1.0,1.0,1.0,4.0,-10.502074398148562,0.0,21.0,30.0,173.0,0.0,0.0,0.0,285.0,75.0,7.0,-2.4965351583086886,0.0,0.0,38.0,2.0,42.0,5.0,16.0,0.0,1.0,8.0,2.0,0.0,0.0,3.0,0.0,0.0,0.0,0.0,0.0,0.0,0.0,0.0,0.0,8.0,76.0,1.0,2.0,11.0,6.0,131.0,1.0,1.0,0.0,0.0,45.0,1.0,0.0,0.0,0.0,1.0,0.0,0.0,0.0,0.0,0.0,0.0,0.0,0.0,45,,,45.0,0.0,0.0,1.0,1.0,0.0,0.0,1.0,0.0,0.0,0.0,0.0,0.0,0.0222014339157572,0
2025_09_ATL_NE,2025,REG,9,2025-11-02,Sunday,13:00,ATL,23.0,NE,24.0,Home,1.0,47.0,0.0,2025110204,59969.0,,202511020nwe,28544,401772763,6860,7,7,205.0,-250.0,5.5,-110.0,-110.0,45.5,-112.0,-108.0,0,outdoors,fieldturf,52.0,7.0,00-0039917,00-0039851,Michael Penix,Drake Maye,Raheem Morris,Mike Vrabel,Brad Allen,BOS00,Gillette Stadium,ATL,NE,False,REG,NE,22.0,37.0,221.0,3.0,0.0,1.0,-4.0,1.0,0.0,304.0,53.0,13.0,3.742431711216262,4.721757944892435,0.0,16.0,71.0,0.0,0.0,0.0,3.0,0.022524551139213145,0.0,22.0,34.0,221.0,3.0,0.0,0.0,304.0,53.0,13.0,7.531137427824355,0.0,0.0,47.0,0.0,20.0,7.0,46.0,2.0,6.0,38.0,6.0,1.0,17.0,3.0,0.0,0.0,0.0,0.0,1.0,1.0,1.0,1.0,0.0,5.0,40.0,6.0,2.0,28.0,5.0,120.0,1.0,1.0,0.0,0.0,38.0,1.0,0.0,0.0,1.0,0.0,0.0,0.0,0.0,0.0,0.0,0.0,0.0,0.0,38,,,38.0,0.0,0.0,2.0,3.0,1.0,0.0,0.6666666666666666,0.0,0.0,0.0,0.0,0.0,0.866864386306647,0
2025_10_ATL_IND,2025,REG,10,2025-11-09,Sunday,09:30,ATL,25.0,IND,31.0,Neutral,6.0,56.0,1.0,2025110900,59979.0,,202511090clt,28554,401772636,6870,7,7,250.0,-310.0,6.5,-112.0,-108.0,48.5,-112.0,-108.0,0,closed,grass,46.0,2.0,00-0039917,00-0035710,Michael Penix,Daniel Jones,Raheem Morris,Shane Steichen,Clete Blakeman,IND00,Lucas Oil Stadium,ATL,IND,False,REG,IND,12.0,28.0,177.0,1.0,0.0,3.0,-27.0,1.0,1.0,288.0,47.0,10.0,-8.050063597610325,-16.349718928337097,1.0,29.0,140.0,2.0,0.0,0.0,10.0,4.0448773601674475,0.0,12.0,25.0,177.0,1.0,0.0,0.0,288.0,47.0,10.0,2.9309219525995553,1.0,0.0,47.0,1.0,47.0,9.0,62.0,4.0,7.0,59.0,7.0,1.0,3.0,5.0,0.0,0.0,0.0,0.0,0.0,0.0,1.0,1.0,0.0,3.0,35.0,2.0,0.0,0.0,7.0,155.0,1.0,1.0,0.0,0.0,43.0,1.0,0.0,0.0,0.0,1.0,0.0,0.0,0.0,0.0,0.0,0.0,0.0,0.0,43,,,43.0,0.0,0.0,2.0,2.0,0.0,0.0,1.0,0.0,0.0,0.0,0.0,0.0,0.9758379883950696,0
2025_11_CAR_ATL,2025,REG,11,2025-11-16,Sunday,13:00,CAR,30.0,ATL,27.0,Home,-3.0,57.0,1.0,2025111601,59994.0,,202511160atl,28569,401772882,6885,7,7,180.0,-218.0,4.5,-118.0,-102.0,42.5,-110.0,-110.0,1,closed,fieldturf,,,00-0039150,00-0039917,Bryce Young,Michael Penix,Dave Canales,Raheem Morris,Clay Martin,ATL97,Mercedes-Benz Stadium,ATL,CAR,True,REG,CAR,19.0,30.0,223.0,0.0,0.0,0.0,0.0,0.0,0.0,255.0,107.0,11.0,6.946033951075805,-5.197359261841609,0.0,28.0,125.0,3.0,0.0,0.0,8.0,0.40939255051489454,0.0,19.0,29.0,223.0,0.0,1.0,0.0,255.0,107.0,11.0,8.42524650664447,0.0,0.0,52.0,0.0,16.0,6.0,31.0,0.0,5.0,29.0,10.0,0.0,0.0,7.0,0.0,2.0,0.0,0.0,1.0,1.0,0.0,0.0,0.0,6.0,44.0,4.0,1.0,0.0,6.0,133.0,2.0,2.0,0.0,0.0,52.0,1.0,0.0,0.0,0.0,1.0,1.0,0.0,0.0,0.0,0.0,0.0,0.0,0.0,52;45,,,97.0,0.0,0.0,3.0,3.0,0.0,0.0,1.0,0.0,0.0,0.0,0.0,0.0,0.9364364394010865,0
2025_12_ATL_NO,2025,REG,12,2025-11-23,Sunday,16:25,ATL,24.0,NO,10.0,Home,-14.0,34.0,0.0,2025112310,60018.0,,202511230nor,28593,401772889,6909,7,14,102.0,-122.0,1.5,-112.0,-108.0,41.5,-118.0,-102.0,1,dome,sportturf,,,00-0029604,00-0040743,Kirk Cousins,Tyler Shough,Raheem Morris,Kellen Moore,Brad Rogers,NOR00,Mercedes-Benz Superdome,ATL,NO,False,REG,NO,16.0,23.0,199.0,2.0,1.0,3.0,-18.0,1.0,0.0,169.0,87.0,7.0,-3.414532629392796,7.1835677325725555,0.0,29.0,121.0,0.0,0.0,0.0,6.0,-2.094245950589422,1.0,16.0,20.0,199.0,2.0,0.0,0.0,169.0,87.0,7.0,4.314871751295868,0.0,0.0,57.0,0.0,22.0,6.0,34.0,0.0,5.0,29.0,9.0,1.0,0.0,6.0,0.0,0.0,0.0,0.0,1.0,1.0,1.0,1.0,0.0,9.0,82.0,4.0,1.0,5.0,3.0,99.0,3.0,3.0,0.0,0.0,56.0,1.0,0.0,0.0,0.0,1.0,2.0,0.0,0.0,0.0,0.0,0.0,0.0,0.0,56;41;54,,,151.0,0.0,0.0,1.0,1.0,0.0,0.0,1.0,0.0,0.0,0.0,0.0,0.0,0.6890023288594016,1
2025_13_ATL_NYJ,2025,REG,13,2025-11-30,Sunday,13:00,ATL,24.0,NYJ,27.0,Home,3.0,51.0,0.0,2025113004,60029.0,,202511300nyj,28604,401772893,6920,7,7,-166.0,140.0,-3.0,-112.0,-108.0,38.5,-105.0,-115.0,0,outdoors,fieldturf,43.0,8.0,00-0029604,00-0028118,Kirk Cousins,Tyrod Taylor,Raheem Morris,Aaron Glenn,Shawn Hochuli,NYC01,MetLife Stadium,ATL,NYJ,False,REG,NYJ,21.0,33.0,234.0,1.0,0.0,2.0,-12.0,0.0,0.0,154.0,209.0,12.0,5.853858310111897,-0.8298612890704986,0.0,32.0,167.0,2.0,0.0,0.0,11.0,5.819320160313509,0.0,21.0,31.0,234.0,1.0,0.0,0.0,154.0,209.0,12.0,10.976538593030632,0.0,0.0,31.0,3.0,23.0,7.0,23.0,0.0,2.0,13.0,6.0,0.0,0.0,3.0,0.0,1.0,0.0,0.0,0.0,0.0,0.0,0.0,0.0,1.0,27.0,5.0,3.0,-1.0,5.0,105.0,1.0,2.0,1.0,0.0,52.0,0.5,0.0,0.0,0.0,0.0,1.0,0.0,0.0,0.0,0.0,0.0,1.0,0.0,52,50,,52.0,50.0,0.0,3.0,3.0,0.0,0.0,1.0,0.0,0.0,0.0,0.0,0.0,0.8348153733971176,0
2025_14_SEA_ATL,2025,REG,14,2025-12-07,Sunday,13:00,SEA,,ATL,,Home,,,,2025120700,,,202512070atl,28613,401772900,6929,7,7,-355.0,280.0,-7.0,-105.0,-115.0,44.5,-108.0,-112.0,0,closed,fieldturf,,,00-0034869,00-0029604,Sam Darnold,Kirk Cousins,Mike Macdonald,Raheem Morris,,ATL97,Mercedes-Benz Stadium,ATL,SEA,True,,,,,,,,,,,,,,,,,,,,,,,,,,,,,,,,,,,,,,,,,,,,,,,,,,,,,,,,,,,,,,,,,,,,,,,,,,,,,,,,,,,,,,,,,,,,,,,,,,,,0.0165731397877506,0
2025_15_ATL_TB,2025,REG,15,2025-12-11,Thursday,20:15,ATL,,TB,,Home,,,,2025121100,,,202512110tam,28626,401772948,6942,4,4,205.0,-250.0,6.0,-112.0,-108.0,44.5,-110.0,-110.0,1,outdoors,grass,,,,,,,Raheem Morris,Todd Bowles,,TAM00,Raymond James Stadium,ATL,TB,False,,,,,,,,,,,,,,,,,,,,,,,,,,,,,,,,,,,,,,,,,,,,,,,,,,,,,,,,,,,,,,,,,,,,,,,,,,,,,,,,,,,,,,,,,,,,,,,,,,,,0.0182607965715682,0
2025_16_ATL_ARI,2025,REG,16,2025-12-21,Sunday,16:05,ATL,,ARI,,Home,,,,2025122107,,,202512210crd,28652,401772914,6968,10,7,,,,,,,,,0,closed,grass,,,,,,,Raheem Morris,Jonathan Gannon,,PHO00,State Farm Stadium,ATL,ARI,False,,,,,,,,,,,,,,,,,,,,,,,,,,,,,,,,,,,,,,,,,,,,,,,,,,,,,,,,,,,,,,,,,,,,,,,,,,,,,,,,,,,,,,,,,,,,,,,,,,,,0.0182607965715682,0
2025_17_LA_ATL,2025,REG,17,2025-12-29,Monday,20:15,LA,,ATL,,Home,,,,2025122900,,,202512290atl,28673,401772825,6989,11,8,,,,,,,,,0,closed,fieldturf,,,,,,,Sean McVay,Raheem Morris,,ATL97,Mercedes-Benz Stadium,ATL,LA,True,,,,,,,,,,,,,,,,,,,,,,,,,,,,,,,,,,,,,,,,,,,,,,,,,,,,,,,,,,,,,,,,,,,,,,,,,,,,,,,,,,,,,,,,,,,,,,,,,,,,0.0165731397877506,0
2025_18_NO_ATL,2025,REG,18,2026-01-04,Sunday,13:00,NO,,ATL,,Home,,,,2025010400,,,202501040atl,28689,401772966,6990,6,6,,,,,,,,,1,closed,fieldturf,,,,,,,Kellen Moore,Raheem Morris,,ATL97,Mercedes-Benz Stadium,ATL,NO,True,,,,,,,,,,,,,,,,,,,,,,,,,,,,,,,,,,,,,,,,,,,,,,,,,,,,,,,,,,,,,,,,,,,,,,,,,,,,,,,,,,,,,,,,,,,,,,,,,,,,0.0165731397877506,0
2025_01_BAL_BUF,2025,REG,1,2025-09-07,Sunday,20:20,BAL,40.0,BUF,41.0,Home,1.0,81.0,0.0,2025090712,59857.0,,202509070buf,28432,401772918,6748,7,7,-130.0,110.0,-1.5,-118.0,-102.0,50.5,-105.0,-115.0,0,outdoors,a_turf,58.0,8.0,00-0034796,00-0034857,Lamar Jackson,Josh Allen,John Harbaugh,Sean McDermott,John Hussey,BUF00,New Era Field,BAL,BUF,False,REG,BUF,14.0,19.0,209.0,2.0,0.0,2.0,-15.0,0.0,0.0,173.0,109.0,8.0,8.798420577786704,8.720899255652176,0.0,29.0,238.0,3.0,2.0,1.0,10.0,10.486514349619986,0.0,14.0,19.0,209.0,2.0,0.0,0.0,173.0,109.0,8.0,12.064603814273141,0.0,0.0,51.0,2.0,22.0,3.0,8.0,1.0,1.0,5.0,3.0,0.0,0.0,4.0,0.0,0.0,0.0,0.0,1.0,1.0,0.0,0.0,0.0,7.0,51.0,5.0,1.0,6.0,6.0,167.0,2.0,2.0,0.0,0.0,52.0,1.0,0.0,0.0,0.0,1.0,1.0,0.0,0.0,0.0,0.0,0.0,0.0,0.0,52;49,,,101.0,0.0,0.0,4.0,5.0,1.0,0.0,0.8,0.0,0.0,0.0,0.0,0.0,0.9919870303604772,0
2025_02_CLE_BAL,2025,REG,2,2025-09-14,Sunday,13:00,CLE,17.0,BAL,41.0,Home,24.0,58.0,0.0,2025091400,59860.0,,202509140rav,28435,401772726,6751,7,7,600.0,-900.0,12.5,-105.0,-115.0,46.5,-110.0,-110.0,1,outdoors,grass,82.0,3.0,00-0026158,00-0034796,Joe Flacco,Lamar Jackson,Kevin Stefanski,John Harbaugh,Brad Allen,BAL00,M&T Bank Stadium,BAL,CLE,True,REG,CLE,19.0,29.0,225.0,4.0,0.0,3.0,-28.0,0.0,0.0,273.0,66.0,10.0,9.342703126255497,6.713613335575376,0.0,21.0,45.0,0.0,1.0,0.0,2.0,-3.0972603702684864,0.0,19.0,28.0,225.0,4.0,0.0,0.0,273.0,66.0,10.0,14.27283746581341,0.0,0.0,41.0,3.0,27.0,7.0,22.0,1.0,2.0,11.0,9.0,1.0,61.0,5.0,0.0,0.0,0.0,5.0,1.0,1.0,1.0,1.0,1.0,6.0,28.0,4.0,1.0,23.0,3.0,79.0,2.0,2.0,0.0,0.0,43.0,1.0,0.0,0.0,1.0,1.0,0.0,0.0,0.0,0.0,0.0,0.0,0.0,0.0,43;32,,,75.0,0.0,0.0,5.0,5.0,0.0,0.0,1.0,0.0,0.0,0.0,0.0,0.0,0.9461681395840784,1
2025_03_DET_BAL,2025,REG,3,2025-09-22,Monday,20:15,DET,38.0,BAL,30.0,Home,-8.0,68.0,0.0,2025092200,59890.0,,202509220rav,28451,401772812,6781,8,8,200.0,-245.0,4.5,-105.0,-115.0,53.5,-105.0,-115.0,0,outdoors,grass,74.0,7.0,00-0033106,00-0034796,Jared Goff,Lamar Jackson,Dan Campbell,John Harbaugh,Bill Vinovich,BAL00,M&T Bank Stadium,BAL,DET,True,REG,DET,21.0,28.0,288.0,3.0,0.0,7.0,-55.0,1.0,0.0,284.0,101.0,14.0,10.563762240672784,11.691135913133621,0.0,19.0,85.0,1.0,1.0,1.0,4.0,-6.811250479891896,0.0,21.0,28.0,288.0,3.0,0.0,0.0,284.0,101.0,14.0,21.64968670082465,0.0,0.0,39.0,1.0,37.0,4.0,16.0,0.0,0.0,0.0,6.0,0.0,0.0,1.0,0.0,0.0,0.0,0.0,1.0,1.0,0.0,0.0,0.0,3.0,10.0,4.0,3.0,31.0,4.0,105.0,1.0,1.0,0.0,0.0,41.0,1.0,0.0,0.0,0.0,1.0,0.0,0.0,0.0,0.0,0.0,0.0,0.0,0.0,41,,,41.0,0.0,0.0,3.0,3.0,0.0,0.0,1.0,0.0,0.0,0.0,0.0,0.0,0.3362475071462548,0
2025_04_BAL_KC,2025,REG,4,2025-09-28,Sunday,16:25,BAL,20.0,KC,37.0,Home,17.0,57.0,0.0,2025092810,59902.0,,202509280kan,28478,401772741,6793,6,7,-148.0,124.0,-2.5,-120.0,100.0,48.5,100.0,-120.0,0,outdoors,grass,89.0,10.0,00-0034796,00-0033873,Lamar Jackson,Patrick Mahomes,John Harbaugh,Andy Reid,Clay Martin,KAN00,GEHA Field at Arrowhead Stadium,BAL,KC,False,REG,KC,23.0,33.0,199.0,1.0,1.0,3.0,-5.0,1.0,1.0,158.0,101.0,10.0,-11.06896400887453,6.868095596631368,0.0,17.0,166.0,1.0,0.0,0.0,7.0,7.755338996881619,0.0,23.0,30.0,199.0,1.0,0.0,0.0,158.0,101.0,10.0,3.574066242290362,0.0,0.0,41.0,0.0,32.0,2.0,7.0,0.0,1.0,6.0,3.0,0.0,0.0,2.0,0.0,0.0,0.0,0.0,0.0,0.0,0.0,0.0,0.0,6.0,56.0,3.0,0.0,0.0,7.0,164.0,2.0,2.0,0.0,0.0,43.0,1.0,0.0,0.0,1.0,1.0,0.0,0.0,0.0,0.0,0.0,0.0,0.0,0.0,43;32,,,75.0,0.0,0.0,2.0,2.0,0.0,0.0,1.0,0.0,0.0,0.0,0.0,0.0,0.2751528241750652,0
2025_05_HOU_BAL,2025,REG,5,2025-10-05,Sunday,13:00,HOU,44.0,BAL,10.0,Home,-34.0,54.0,0.0,2025100501,59909.0,,202510050rav,28484,401772743,6800,7,7,-148.0,124.0,-2.5,-118.0,-102.0,41.5,-115.0,-105.0,0,outdoors,grass,78.0,2.0,00-0039163,00-0033662,C.J. Stroud,Cooper Rush,DeMeco Ryans,John Harbaugh,Land Clark,BAL00,M&T Bank Stadium,BAL,HOU,True,REG,HOU,14.0,20.0,179.0,0.0,3.0,1.0,-16.0,0.0,0.0,163.0,83.0,7.0,-7.8949564919229065,-0.31771227717399597,0.0,19.0,44.0,1.0,0.0,0.0,4.0,-5.534755662432872,0.0,14.0,20.0,179.0,0.0,0.0,0.0,163.0,83.0,7.0,-5.518748424516938,0.0,0.0,36.0,3.0,43.0,5.0,22.0,0.0,2.0,17.0,4.0,0.0,0.0,0.0,0.0,0.0,0.0,0.0,0.0,0.0,0.0,0.0,0.0,9.0,49.0,3.0,1.0,16.0,8.0,186.0,1.0,2.0,1.0,0.0,27.0,0.5,0.0,1.0,0.0,0.0,0.0,0.0,0.0,0.0,0.0,0.0,1.0,0.0,27,55,,27.0,55.0,0.0,1.0,1.0,0.0,0.0,1.0,0.0,0.0,0.0,0.0,0.0,0.0193019107814151,0
2025_06_LA_BAL,2025,REG,6,2025-10-12,Sunday,13:00,LA,17.0,BAL,3.0,Home,-14.0,20.0,0.0,2025101201,59923.0,,202510120rav,28498,401772855,6814,10,7,-355.0,280.0,-7.0,-105.0,-115.0,43.5,-108.0,-112.0,0,outdoors,grass,64.0,15.0,00-0026498,00-0033662,Matthew Stafford,Cooper Rush,Sean McVay,John Harbaugh,Alex Kemp,BAL00,M&T Bank Stadium,BAL,LA,True,REG,LA,21.0,34.0,140.0,0.0,1.0,4.0,-23.0,0.0,0.0,218.0,63.0,6.0,-12.359193464065335,-0.9252349380403757,0.0,37.0,179.0,0.0,1.0,1.0,13.0,-6.104339907411486,0.0,21.0,32.0,140.0,0.0,2.0,1.0,218.0,63.0,6.0,-11.411783451615499,0.0,0.0,28.0,2.0,24.0,4.0,18.0,1.0,2.0,14.0,3.0,0.0,0.0,2.0,0.0,0.0,0.0,0.0,1.0,2.0,1.0,1.0,0.0,7.0,80.0,6.0,1.0,35.0,3.0,61.0,1.0,1.0,0.0,0.0,37.0,1.0,0.0,0.0,1.0,0.0,0.0,0.0,0.0,0.0,0.0,0.0,0.0,0.0,37,,,37.0,0.0,0.0,0.0,0.0,0.0,0.0,,0.0,0.0,0.0,0.0,0.0,0.0236538743134872,0
2025_08_CHI_BAL,2025,REG,8,2025-10-26,Sunday,13:00,CHI,16.0,BAL,30.0,Home,14.0,46.0,0.0,2025102601,59953.0,,202510260rav,28528,401772759,6844,7,14,124.0,-148.0,2.5,-102.0,-118.0,45.5,-112.0,-108.0,0,outdoors,grass,60.0,2.0,00-0039918,00-0035993,Caleb Williams,Tyler Huntley,Ben Johnson,John Harbaugh,Shawn Smith,BAL00,M&T Bank Stadium,BAL,CHI,True,REG,CHI,17.0,22.0,186.0,1.0,0.0,2.0,-8.0,0.0,0.0,209.0,42.0,8.0,5.315543281004171,10.720725492997603,0.0,35.0,177.0,2.0,0.0,0.0,14.0,7.37047940219054,0.0,17.0,22.0,186.0,1.0,1.0,0.0,209.0,42.0,8.0,7.560694383574498,0.0,0.0,42.0,2.0,24.0,6.0,16.0,1.0,1.0,9.0,4.0,1.0,9.0,2.0,0.0,0.0,0.0,0.0,0.0,0.0,0.0,0.0,0.0,6.0,45.0,2.0,0.0,0.0,5.0,154.0,3.0,3.0,0.0,0.0,42.0,1.0,0.0,1.0,1.0,1.0,0.0,0.0,0.0,0.0,0.0,0.0,0.0,0.0,42;28;32,,,102.0,0.0,0.0,3.0,3.0,0.0,0.0,1.0,0.0,0.0,0.0,0.0,0.0,0.9716581007831392,1
2025_09_BAL_MIA,2025,REG,9,2025-10-30,Thursday,20:15,BAL,28.0,MIA,6.0,Home,-22.0,34.0,0.0,2025103000,59964.0,,202510300mia,28539,401772943,6855,4,4,-455.0,350.0,-7.5,-120.0,100.0,51.5,-110.0,-110.0,0,outdoors,grass,73.0,5.0,00-0034796,00-0036212,Lamar Jackson,Tua Tagovailoa,John Harbaugh,Mike McDaniel,Scott Novak,MIA00,Hard Rock Stadium,BAL,MIA,False,REG,MIA,18.0,23.0,204.0,4.0,0.0,2.0,-16.0,0.0,0.0,207.0,91.0,11.0,10.401708490913734,18.104419889657393,0.0,31.0,150.0,0.0,0.0,0.0,7.0,-0.9445660525234416,0.0,18.0,23.0,204.0,4.0,0.0,0.0,207.0,91.0,11.0,13.562464855145663,0.0,0.0,40.0,1.0,25.0,3.0,5.0,2.0,2.0,16.0,5.0,1.0,9.0,4.0,0.0,0.0,0.0,0.0,0.0,0.0,2.0,2.0,0.0,5.0,56.0,3.0,1.0,17.0,3.0,77.0,0.0,0.0,0.0,0.0,,,0.0,0.0,0.0,0.0,0.0,0.0,0.0,0.0,0.0,0.0,0.0,0.0,,,,0.0,0.0,0.0,4.0,4.0,0.0,0.0,1.0,0.0,0.0,0.0,0.0,0.0,0.8441714266871592,1
2025_10_BAL_MIN,2025,REG,10,2025-11-09,Sunday,13:00,BAL,27.0,MIN,19.0,Home,-8.0,46.0,0.0,2025110905,59984.0,,202511090min,28559,401772876,6875,10,7,-230.0,190.0,-4.5,-105.0,-115.0,48.5,-105.0,-115.0,0,dome,sportturf,,,00-0034796,00-0039923,Lamar Jackson,J.J. McCarthy,John Harbaugh,Kevin O'Connell,Shawn Hochuli,MIN01,U.S. Bank Stadium,BAL,MIN,False,REG,MIN,17.0,29.0,176.0,1.0,0.0,1.0,-7.0,0.0,0.0,119.0,100.0,9.0,-1.3897965507582768,-13.496329316071101,1.0,36.0,152.0,1.0,1.0,0.0,12.0,-0.3131547044994232,0.0,17.0,28.0,176.0,1.0,0.0,0.0,119.0,100.0,9.0,1.2519853154429228,1.0,0.0,36.0,0.0,18.0,3.0,9.0,2.0,1.0,3.0,12.0,2.0,27.0,13.0,0.0,0.0,0.0,0.0,1.0,1.0,1.0,1.0,0.0,5.0,62.0,4.0,1.0,19.0,5.0,131.0,4.0,5.0,1.0,0.0,44.0,0.8,0.0,2.0,1.0,1.0,0.0,0.0,0.0,0.0,0.0,0.0,1.0,0.0,44;28;30;22,56,,124.0,56.0,0.0,1.0,1.0,0.0,0.0,1.0,0.0,0.0,0.0,0.0,0.0,0.9728682481510154,1
2025_11_BAL_CLE,2025,REG,11,2025-11-16,Sunday,16:25,BAL,23.0,CLE,16.0,Home,-7.0,39.0,0.0,2025111610,60003.0,,202511160cle,28579,401772777,6894,7,7,-440.0,340.0,-7.5,-105.0,-115.0,37.5,-105.0,-115.0,1,outdoors,grass,44.0,20.0,00-0034796,00-0040704,Lamar Jackson,Dillon Gabriel,John Harbaugh,Kevin Stefanski,Land Clark,CLE00,FirstEnergy Stadium,BAL,CLE,False,REG,CLE,14.0,25.0,193.0,0.0,2.0,5.0,-26.0,0.0,0.0,199.0,106.0,9.0,-12.848054744788678,-8.797862887382507,0.0,30.0,184.0,2.0,0.0,0.0,8.0,7.724940330517711,0.0,14.0,25.0,193.0,0.0,0.0,0.0,199.0,106.0,9.0,-6.313249385766255,0.0,0.0,32.0,2.0,28.0,6.0,40.0,1.0,3.0,34.0,10.0,1.0,14.0,9.0,0.0,1.0,0.0,0.0,0.0,0.0,0.0,0.0,0.0,4.0,26.0,3.0,3.0,26.0,4.0,115.0,3.0,3.0,0.0,0.0,44.0,1.0,0.0,2.0,0.0,1.0,0.0,0.0,0.0,0.0,0.0,0.0,0.0,0.0,25;24;44,,,93.0,0.0,0.0,2.0,2.0,0.0,0.0,1.0,0.0,0.0,0.0,0.0,0.0,0.9295011229974453,1
2025_12_NYJ_BAL,2025,REG,12,2025-11-23,Sunday,13:00,NYJ,10.0,BAL,23.0,Home,13.0,33.0,0.0,2025112300,60008.0,,202511230rav,28583,401772782,6899,10,7,675.0,-1050.0,14.0,-110.0,-110.0,44.5,-102.0,-118.0,0,outdoors,grass,54.0,3.0,00-0028118,00-0034796,Tyrod Taylor,Lamar Jackson,Aaron Glenn,John Harbaugh,Clete Blakeman,BAL00,M&T Bank Stadium,BAL,NYJ,True,REG,NYJ,13.0,23.0,153.0,0.0,0.0,1.0,-10.0,0.0,0.0,224.0,51.0,7.0,-0.07102452922358271,1.1591093242168427,0.0,34.0,98.0,2.0,0.0,0.0,7.0,-2.703149602025272,0.0,13.0,20.0,153.0,0.0,0.0,0.0,224.0,51.0,7.0,3.82451156998773,0.0,0.0,34.0,1.0,37.0,4.0,13.0,1.0,3.0,18.0,7.0,1.0,0.0,2.0,0.0,0.0,0.0,0.0,1.0,1.0,1.0,1.0,0.0,5.0,30.0,3.0,0.0,0.0,3.0,86.0,3.0,3.0,0.0,0.0,35.0,1.0,0.0,1.0,2.0,0.0,0.0,0.0,0.0,0.0,0.0,0.0,0.0,0.0,31;35;27,,,93.0,0.0,0.0,2.0,2.0,0.0,0.0,1.0,0.0,0.0,0.0,0.0,0.0,0.9513849574258378,1
2025_13_CIN_BAL,2025,REG,13,2025-11-27,Thursday,20:20,CIN,32.0,BAL,14.0,Home,-18.0,46.0,0.0,2025112702,60023.0,,202511270rav,28598,401772930,6914,4,4,295.0,-375.0,7.0,100.0,-120.0,52.5,-115.0,-105.0,1,outdoors,grass,38.0,11.0,00-0036442,00-0034796,Joe Burrow,Lamar Jackson,Zac Taylor,John Harbaugh,Craig Wrolstad,BAL00,M&T Bank Stadium,BAL,CIN,True,REG,CIN,17.0,32.0,246.0,0.0,1.0,3.0,-23.0,2.0,2.0,381.0,119.0,8.0,-11.811996963922866,-6.798954904079437,0.0,22.0,123.0,2.0,0.0,0.0,8.0,4.387354340986349,0.0,17.0,30.0,246.0,0.0,2.0,2.0,381.0,119.0,8.0,-10.923494916467462,0.0,0.0,43.0,1.0,37.0,4.0,14.0,1.0,1.0,7.0,7.0,0.0,0.0,6.0,0.0,0.0,0.0,0.0,0.0,0.0,1.0,1.0,0.0,7.0,53.0,4.0,0.0,0.0,6.0,162.0,0.0,0.0,0.0,0.0,,,0.0,0.0,0.0,0.0,0.0,0.0,0.0,0.0,0.0,0.0,0.0,0.0,,,,0.0,0.0,0.0,2.0,2.0,0.0,0.0,1.0,0.0,0.0,0.0,0.0,0.0,0.0910808896590583,0
2025_14_PIT_BAL,2025,REG,14,2025-12-07,Sunday,13:00,PIT,,BAL,,Home,,,,2025120701,,,202512070rav,28614,401772791,6930,7,10,220.0,-270.0,5.5,-105.0,-115.0,42.5,-108.0,-112.0,1,outdoors,grass,,,00-0023459,00-0034796,Aaron Rodgers,Lamar Jackson,Mike Tomlin,John Harbaugh,,BAL00,M&T Bank Stadium,BAL,PIT,True,,,,,,,,,,,,,,,,,,,,,,,,,,,,,,,,,,,,,,,,,,,,,,,,,,,,,,,,,,,,,,,,,,,,,,,,,,,,,,,,,,,,,,,,,,,,,,,,,,,,0.0165731397877506,0
2025_15_BAL_CIN,2025,REG,15,2025-12-14,Sunday,13:00,BAL,,CIN,,Home,,,,2025121401,,,202512140cin,28628,401772796,6944,7,7,-155.0,130.0,-2.5,-120.0,100.0,51.5,-110.0,-110.0,1,outdoors,fieldturf,,,,,,,John Harbaugh,Zac Taylor,,CIN00,Paycor Stadium,BAL,CIN,False,,,,,,,,,,,,,,,,,,,,,,,,,,,,,,,,,,,,,,,,,,,,,,,,,,,,,,,,,,,,,,,,,,,,,,,,,,,,,,,,,,,,,,,,,,,,,,,,,,,,0.0182607965715682,0
2025_16_NE_BAL,2025,REG,16,2025-12-21,Sunday,13:00,NE,,BAL,,Home,,,,2025122100,,,202512210rav,28645,401772804,6961,7,7,,,,,,,,,0,outdoors,grass,,,,,,,Mike Vrabel,John Harbaugh,,BAL00,M&T Bank Stadium,BAL,NE,True,,,,,,,,,,,,,,,,,,,,,,,,,,,,,,,,,,,,,,,,,,,,,,,,,,,,,,,,,,,,,,,,,,,,,,,,,,,,,,,,,,,,,,,,,,,,,,,,,,,,0.0165731397877506,0
2025_17_BAL_GB,2025,REG,17,2025-12-28,Sunday,13:00,BAL,,GB,,Home,,,,2025122802,,,202512280gnb,28663,401772953,6980,7,9,,,,,,,,,0,outdoors,grass,,,,,,,John Harbaugh,Matt LaFleur,,GNB00,Lambeau Field,BAL,GB,False,,,,,,,,,,,,,,,,,,,,,,,,,,,,,,,,,,,,,,,,,,,,,,,,,,,,,,,,,,,,,,,,,,,,,,,,,,,,,,,,,,,,,,,,,,,,,,,,,,,,0.0182607965715682,0
2025_18_BAL_PIT,2025,REG,18,2026-01-04,Sunday,13:00,BAL,,PIT,,Home,,,,2025010413,,,202501040pit,28686,401772960,7003,10,10,,,,,,,,,1,outdoors,grass,,,,,,,John Harbaugh,Mike Tomlin,,PIT00,Acrisure Stadium,BAL,PIT,False,,,,,,,,,,,,,,,,,,,,,,,,,,,,,,,,,,,,,,,,,,,,,,,,,,,,,,,,,,,,,,,,,,,,,,,,,,,,,,,,,,,,,,,,,,,,,,,,,,,,0.0182607965715682,0
2025_01_BAL_BUF,2025,REG,1,2025-09-07,Sunday,20:20,BAL,40.0,BUF,41.0,Home,1.0,81.0,0.0,2025090712,59857.0,,202509070buf,28432,401772918,6748,7,7,-130.0,110.0,-1.5,-118.0,-102.0,50.5,-105.0,-115.0,0,outdoors,a_turf,58.0,8.0,00-0034796,00-0034857,Lamar Jackson,Josh Allen,John Harbaugh,Sean McDermott,John Hussey,BUF00,New Era Field,BUF,BAL,True,REG,BAL,33.0,46.0,394.0,2.0,0.0,1.0,-5.0,0.0,0.0,400.0,148.0,19.0,14.233714385272462,8.594318959448072,0.0,31.0,108.0,3.0,0.0,0.0,9.0,1.9875707046617141,0.0,33.0,45.0,394.0,2.0,1.0,0.0,400.0,148.0,19.0,15.712535529682638,0.0,0.0,44.0,0.0,8.0,5.0,45.0,2.0,2.0,15.0,4.0,0.0,0.0,1.0,0.0,0.0,0.0,0.0,0.0,0.0,1.0,1.0,0.0,5.0,38.0,6.0,1.0,0.0,7.0,193.0,3.0,3.0,0.0,0.0,43.0,1.0,0.0,1.0,1.0,1.0,0.0,0.0,0.0,0.0,0.0,0.0,0.0,0.0,25;43;32,,,100.0,0.0,0.0,2.0,2.0,0.0,0.0,1.0,1.0,1.0,0.0,0.0,32.0,0.9468165526613356,1
2025_02_BUF_NYJ,2025,REG,2,2025-09-14,Sunday,13:00,BUF,30.0,NYJ,10.0,Home,-20.0,40.0,0.0,2025091406,59866.0,,202509140nyj,28441,401772727,6757,7,7,-290.0,235.0,-6.0,-112.0,-108.0,47.5,-110.0,-110.0,1,outdoors,fieldturf,80.0,3.0,00-0034857,00-0036945,Josh Allen,Justin Fields,Sean McDermott,Aaron Glenn,Clete Blakeman,NYC01,MetLife Stadium,BUF,NYJ,False,REG,NYJ,15.0,27.0,180.0,0.0,0.0,1.0,-1.0,0.0,0.0,146.0,105.0,9.0,0.27227155733545283,-9.081467151641846,0.0,43.0,224.0,3.0,1.0,0.0,12.0,9.725426063800747,0.0,15.0,25.0,180.0,0.0,0.0,0.0,146.0,105.0,9.0,4.454938826183033,0.0,0.0,31.0,2.0,20.0,5.0,37.0,3.0,4.0,29.0,7.0,0.0,0.0,4.0,0.0,0.0,0.0,0.0,1.0,1.0,1.0,1.0,0.0,6.0,69.0,4.0,4.0,22.0,2.0,47.0,3.0,3.0,0.0,0.0,52.0,1.0,0.0,1.0,1.0,0.0,1.0,0.0,0.0,0.0,0.0,0.0,0.0,0.0,28;52;33,,,113.0,0.0,0.0,3.0,3.0,0.0,0.0,1.0,0.0,0.0,0.0,0.0,0.0,0.9965285232013364,1
2025_03_MIA_BUF,2025,REG,3,2025-09-18,Thursday,20:15,MIA,21.0,BUF,31.0,Home,10.0,52.0,0.0,2025091800,59875.0,,202509180buf,28450,401772937,6766,4,4,550.0,-800.0,12.5,-110.0,-110.0,50.5,-112.0,-108.0,1,outdoors,a_turf,68.0,7.0,00-0036212,00-0034857,Tua Tagovailoa,Josh Allen,Mike McDaniel,Sean McDermott,Alan Eck,BUF00,New Era Field,BUF,MIA,True,REG,MIA,22.0,28.0,213.0,3.0,0.0,2.0,-10.0,0.0,0.0,111.0,160.0,12.0,10.64952215948613,7.680893937746684,0.0,27.0,157.0,1.0,1.0,0.0,9.0,5.155296267549694,0.0,22.0,27.0,213.0,3.0,0.0,0.0,111.0,160.0,12.0,12.436678983271122,0.0,0.0,40.0,0.0,20.0,5.0,15.0,0.0,0.0,0.0,1.0,1.0,24.0,3.0,0.0,1.0,0.0,0.0,2.0,3.0,0.0,0.0,0.0,3.0,35.0,5.0,2.0,15.0,3.0,95.0,1.0,2.0,1.0,0.0,48.0,0.5,0.0,0.0,0.0,1.0,0.0,0.0,0.0,0.0,1.0,0.0,0.0,0.0,48,39,,48.0,39.0,0.0,4.0,4.0,0.0,0.0,1.0,0.0,0.0,0.0,0.0,0.0,0.8317736273492654,1
2025_04_NO_BUF,2025,REG,4,2025-09-28,Sunday,13:00,NO,19.0,BUF,31.0,Home,12.0,50.0,0.0,2025092802,59894.0,,202509280buf,28469,401772740,6785,7,10,800.0,-1350.0,15.5,-115.0,-105.0,48.5,-115.0,-105.0,0,outdoors,a_turf,73.0,7.0,00-0039376,00-0034857,Spencer Rattler,Josh Allen,Kellen Moore,Sean McDermott,Land Clark,BUF00,New Era Field,BUF,NO,True,REG,NO,16.0,22.0,209.0,2.0,1.0,3.0,-18.0,0.0,0.0,224.0,123.0,10.0,4.917184796040829,9.253221276131542,0.0,32.0,165.0,2.0,0.0,0.0,10.0,3.6261143612209707,0.0,16.0,22.0,209.0,2.0,0.0,0.0,224.0,123.0,10.0,8.641310456763904,0.0,0.0,47.0,1.0,21.0,5.0,22.0,1.0,3.0,17.0,4.0,1.0,4.0,2.0,0.0,0.0,0.0,0.0,0.0,0.0,0.0,0.0,0.0,11.0,55.0,6.0,1.0,6.0,4.0,95.0,1.0,1.0,0.0,0.0,35.0,1.0,0.0,0.0,1.0,0.0,0.0,0.0,0.0,0.0,0.0,0.0,0.0,0.0,35,,,35.0,0.0,0.0,4.0,4.0,0.0,0.0,1.0,0.0,0.0,0.0,0.0,0.0,0.9349018560727662,1
2025_05_NE_BUF,2025,REG,5,2025-10-05,Sunday,20:20,NE,23.0,BUF,20.0,Home,-3.0,43.0,0.0,2025100511,59919.0,,202510050buf,28494,401772922,6810,7,7,310.0,-395.0,7.5,-105.0,-115.0,49.5,-108.0,-112.0,1,outdoors,a_turf,66.0,3.0,00-0039851,00-0034857,Drake Maye,Josh Allen,Mike Vrabel,Sean McDermott,Shawn Hochuli,BUF00,New Era Field,BUF,NE,True,REG,NE,22.0,31.0,253.0,2.0,1.0,1.0,-8.0,0.0,0.0,246.0,99.0,16.0,10.645898245595461,5.940981755654017,0.0,29.0,118.0,0.0,1.0,1.0,6.0,-3.9830778628238477,0.0,22.0,30.0,253.0,2.0,1.0,1.0,246.0,99.0,16.0,8.269936339609856,0.0,0.0,44.0,1.0,13.0,6.0,9.0,2.0,4.0,6.0,8.0,0.0,0.0,1.0,0.0,0.0,0.0,0.0,0.0,1.0,1.0,1.0,0.0,11.0,90.0,6.0,0.0,0.0,5.0,127.0,2.0,2.0,0.0,0.0,45.0,1.0,0.0,0.0,1.0,1.0,0.0,0.0,0.0,0.0,0.0,0.0,0.0,0.0,31;45,,,76.0,0.0,0.0,2.0,2.0,0.0,0.0,1.0,0.0,0.0,0.0,0.0,0.0,0.5449377117660709,0
2025_06_BUF_ATL,2025,REG,6,2025-10-13,Monday,19:15,BUF,14.0,ATL,24.0,Home,10.0,38.0,0.0,2025101300,59934.0,,202510130atl,28509,401772815,6825,8,15,-205.0,170.0,-3.5,-120.0,100.0,49.5,-102.0,-118.0,0,closed,fieldturf,,,00-0034857,00-0039917,Josh Allen,Michael Penix,Sean McDermott,Raheem Morris,Shawn Smith,ATL97,Mercedes-Benz Stadium,BUF,ATL,False,REG,ATL,15.0,26.0,180.0,2.0,2.0,4.0,-23.0,0.0,0.0,287.0,56.0,8.0,-7.167852376616793,-7.8905483851066,0.0,24.0,134.0,0.0,2.0,0.0,8.0,0.7480864946264774,0.0,15.0,26.0,180.0,2.0,0.0,0.0,287.0,56.0,8.0,-2.172806765331188,0.0,0.0,39.0,3.0,27.0,9.0,31.0,0.0,2.0,17.0,4.0,0.0,0.0,5.0,0.0,0.0,0.0,0.0,1.0,2.0,0.0,0.0,0.0,8.0,64.0,6.0,3.0,21.0,5.0,114.0,0.0,0.0,0.0,0.0,,,0.0,0.0,0.0,0.0,0.0,0.0,0.0,0.0,0.0,0.0,0.0,0.0,,,,0.0,0.0,0.0,2.0,2.0,0.0,0.0,1.0,0.0,0.0,0.0,0.0,0.0,0.0349394086886571,0
2025_08_BUF_CAR,2025,REG,8,2025-10-26,Sunday,13:00,BUF,40.0,CAR,9.0,Home,-31.0,49.0,0.0,2025102602,59954.0,,202510260car,28529,401772865,6845,13,7,-395.0,310.0,-7.0,-115.0,-105.0,47.5,-108.0,-112.0,0,outdoors,grass,63.0,9.0,00-0034857,00-0039150,Josh Allen,Bryce Young,Sean McDermott,Dave Canales,Craig Wrolstad,CAR00,Bank of America Stadium,BUF,CAR,False,REG,CAR,14.0,23.0,185.0,1.0,0.0,2.0,-20.0,0.0,0.0,147.0,116.0,10.0,8.423088424387755,-9.345733860264653,0.0,35.0,245.0,4.0,0.0,0.0,12.0,12.207044504844816,0.0,14.0,23.0,185.0,1.0,0.0,0.0,147.0,116.0,10.0,12.255672838829923,0.0,0.0,38.0,0.0,36.0,7.0,42.0,2.0,7.0,45.0,9.0,1.0,24.0,1.0,0.0,0.0,0.0,0.0,0.0,0.0,2.0,2.0,0.0,7.0,60.0,2.0,3.0,14.0,2.0,44.0,2.0,2.0,0.0,0.0,45.0,1.0,0.0,0.0,0.0,2.0,0.0,0.0,0.0,0.0,0.0,0.0,0.0,0.0,45;43,,,88.0,0.0,0.0,4.0,5.0,1.0,0.0,0.8,0.0,0.0,0.0,0.0,0.0,0.9998371073510974,1
2025_09_KC_BUF,2025,REG,9,2025-11-02,Sunday,16:25,KC,21.0,BUF,28.0,Home,7.0,49.0,0.0,2025110210,59975.0,,202511020buf,28550,401772768,6866,6,7,-135.0,114.0,-2.5,-105.0,-115.0,53.5,-115.0,-105.0,0,outdoors,a_turf,54.0,6.0,00-0033873,00-0034857,Patrick Mahomes,Josh Allen,Andy Reid,Sean McDermott,Carl Cheffers,BUF00,New Era Field,BUF,KC,True,REG,KC,23.0,26.0,273.0,1.0,0.0,3.0,-10.0,0.0,0.0,133.0,169.0,13.0,9.603388036164688,18.442466139793396,0.0,35.0,141.0,3.0,0.0,0.0,9.0,4.973165787101829,0.0,23.0,25.0,273.0,1.0,0.0,0.0,133.0,169.0,13.0,15.05459545229678,0.0,0.0,27.0,0.0,28.0,5.0,20.0,0.0,3.0,24.0,15.0,1.0,0.0,5.0,0.0,0.0,0.0,0.0,0.0,0.0,0.0,0.0,0.0,4.0,40.0,6.0,2.0,14.0,4.0,105.0,0.0,1.0,1.0,0.0,,0.0,0.0,0.0,0.0,0.0,0.0,0.0,0.0,0.0,0.0,0.0,1.0,0.0,,52,,0.0,52.0,0.0,4.0,4.0,0.0,0.0,1.0,0.0,0.0,0.0,0.0,0.0,0.9325379215449324,1
2025_10_BUF_MIA,2025,REG,10,2025-11-09,Sunday,13:00,BUF,13.0,MIA,30.0,Home,17.0,43.0,0.0,2025110904,59983.0,,202511090mia,28558,401772771,6874,7,10,-455.0,350.0,-8.5,-105.0,-115.0,50.5,-115.0,-105.0,1,outdoors,grass,84.0,6.0,00-0034857,00-0036212,Josh Allen,Tua Tagovailoa,Sean McDermott,Mike McDaniel,Ron Torbert,MIA00,Hard Rock Stadium,BUF,MIA,False,REG,MIA,28.0,40.0,306.0,2.0,1.0,3.0,-17.0,0.0,0.0,404.0,114.0,12.0,4.186331392542459,7.705256801385146,0.0,22.0,87.0,0.0,2.0,2.0,4.0,-9.04641274077585,0.0,28.0,39.0,306.0,2.0,0.0,0.0,404.0,114.0,12.0,6.713610919352621,0.0,0.0,31.0,1.0,23.0,6.0,16.0,0.0,0.0,0.0,2.0,2.0,1.0,4.0,0.0,0.0,0.0,0.0,0.0,0.0,0.0,0.0,0.0,6.0,67.0,3.0,1.0,7.0,4.0,93.0,0.0,0.0,0.0,0.0,,,0.0,0.0,0.0,0.0,0.0,0.0,0.0,0.0,0.0,0.0,0.0,0.0,,,,0.0,0.0,0.0,1.0,1.0,0.0,0.0,1.0,0.0,0.0,0.0,0.0,0.0,0.0336717390866805,0
2025_11_TB_BUF,2025,REG,11,2025-11-16,Sunday,13:00,TB,32.0,BUF,44.0,Home,12.0,76.0,0.0,2025111602,59995.0,,202511160buf,28570,401772776,6886,7,7,230.0,-285.0,6.0,-108.0,-112.0,46.5,-112.0,-108.0,0,outdoors,a_turf,38.0,20.0,00-0034855,00-0034857,Baker Mayfield,Josh Allen,Todd Bowles,Sean McDermott,Alex Moore,BUF00,New Era Field,BUF,TB,True,REG,TB,19.0,30.0,317.0,3.0,2.0,0.0,0.0,0.0,0.0,346.0,154.0,13.0,12.440862808616592,-0.8126414815584818,0.0,23.0,97.0,3.0,0.0,0.0,5.0,0.7048696703859605,0.0,19.0,30.0,317.0,3.0,1.0,0.0,346.0,154.0,13.0,12.440862808616592,0.0,0.0,36.0,4.0,40.0,3.0,14.0,1.0,1.0,8.0,3.0,1.0,12.0,6.0,0.0,1.0,0.0,0.0,1.0,1.0,1.0,1.0,0.0,7.0,45.0,3.0,1.0,0.0,6.0,234.0,1.0,1.0,0.0,0.0,39.0,1.0,0.0,0.0,1.0,0.0,0.0,0.0,0.0,0.0,0.0,0.0,0.0,0.0,39,,,39.0,0.0,0.0,5.0,5.0,0.0,0.0,1.0,0.0,0.0,0.0,0.0,0.0,0.9613171764095986,1
2025_12_BUF_HOU,2025,REG,12,2025-11-20,Thursday,20:15,BUF,19.0,HOU,23.0,Home,4.0,42.0,0.0,2025112000,60007.0,,202511200htx,28582,401772946,6898,4,4,-258.0,210.0,-5.5,-108.0,-112.0,43.5,-105.0,-115.0,0,closed,astroturf,,,00-0034857,00-0036898,Josh Allen,Davis Mills,Sean McDermott,DeMeco Ryans,Adrian Hill,HOU00,NRG Stadium,BUF,HOU,False,REG,HOU,24.0,34.0,253.0,0.0,2.0,8.0,-70.0,0.0,0.0,161.0,180.0,9.0,-7.277763720803338,0.7711865939199924,0.0,24.0,143.0,1.0,0.0,0.0,5.0,2.610295501362998,0.0,24.0,32.0,253.0,0.0,1.0,1.0,161.0,180.0,9.0,0.9749335099490888,0.0,1.0,28.0,1.0,33.0,3.0,8.0,0.0,0.0,0.0,4.0,0.0,0.0,5.0,0.0,0.0,0.0,0.0,0.0,0.0,0.0,0.0,0.0,6.0,54.0,3.0,4.0,15.0,4.0,167.0,2.0,2.0,0.0,0.0,44.0,1.0,0.0,0.0,1.0,1.0,0.0,0.0,0.0,0.0,0.0,0.0,0.0,0.0,44;38,,,82.0,0.0,0.0,1.0,2.0,1.0,0.0,0.5,0.0,0.0,0.0,0.0,0.0,0.0634438829539352,0
2025_13_BUF_PIT,2025,REG,13,2025-11-30,Sunday,16:25,BUF,26.0,PIT,7.0,Home,-19.0,33.0,0.0,2025113009,60034.0,,202511300pit,28609,401772789,6925,10,7,-166.0,140.0,-3.0,-115.0,-105.0,44.5,-112.0,-108.0,0,outdoors,grass,34.0,16.0,00-0034857,00-0023459,Josh Allen,Aaron Rodgers,Sean McDermott,Mike Tomlin,Alex Kemp,PIT00,Acrisure Stadium,BUF,PIT,False,REG,PIT,15.0,23.0,123.0,1.0,1.0,0.0,0.0,0.0,0.0,39.0,80.0,9.0,5.398728491622023,-8.480159743972447,0.0,51.0,249.0,1.0,2.0,1.0,16.0,2.0060771540619498,0.0,15.0,23.0,123.0,1.0,0.0,0.0,39.0,80.0,9.0,5.398728491622023,0.0,0.0,19.0,1.0,29.0,4.0,14.0,1.0,1.0,9.0,2.0,1.0,0.0,4.0,0.0,0.0,0.0,0.0,1.0,1.0,1.0,1.0,1.0,7.0,45.0,3.0,0.0,0.0,2.0,36.0,2.0,2.0,0.0,0.0,37.0,1.0,0.0,1.0,1.0,0.0,0.0,0.0,0.0,0.0,0.0,0.0,0.0,0.0,27;37,,,64.0,0.0,0.0,2.0,3.0,1.0,0.0,0.6666666666666666,0.0,0.0,0.0,0.0,0.0,0.9511029044996588,1
2025_14_CIN_BUF,2025,REG,14,2025-12-07,Sunday,13:00,CIN,,BUF,,Home,,,,2025120710,,,202512070buf,28623,401772902,6939,10,7,220.0,-270.0,5.5,100.0,-120.0,53.5,-108.0,-112.0,0,outdoors,a_turf,,,00-0036442,00-0034857,Joe Burrow,Josh Allen,Zac Taylor,Sean McDermott,,BUF00,New Era Field,BUF,CIN,True,,,,,,,,,,,,,,,,,,,,,,,,,,,,,,,,,,,,,,,,,,,,,,,,,,,,,,,,,,,,,,,,,,,,,,,,,,,,,,,,,,,,,,,,,,,,,,,,,,,,0.0165731397877506,0
2025_15_BUF_NE,2025,REG,15,2025-12-14,Sunday,13:00,BUF,,NE,,Home,,,,2025121405,,,202512140nwe,28632,401772795,6948,7,13,105.0,-125.0,1.5,-110.0,-110.0,47.5,-108.0,-112.0,1,outdoors,fieldturf,,,,,,,Sean McDermott,Mike Vrabel,,BOS00,Gillette Stadium,BUF,NE,False,,,,,,,,,,,,,,,,,,,,,,,,,,,,,,,,,,,,,,,,,,,,,,,,,,,,,,,,,,,,,,,,,,,,,,,,,,,,,,,,,,,,,,,,,,,,,,,,,,,,0.0182607965715682,0
2025_16_BUF_CLE,2025,REG,16,2025-12-21,Sunday,13:00,BUF,,CLE,,Home,,,,2025122102,,,202512210cle,28647,401772802,6963,7,7,,,,,,,,,0,outdoors,grass,,,,,,,Sean McDermott,Kevin Stefanski,,CLE00,FirstEnergy Stadium,BUF,CLE,False,,,,,,,,,,,,,,,,,,,,,,,,,,,,,,,,,,,,,,,,,,,,,,,,,,,,,,,,,,,,,,,,,,,,,,,,,,,,,,,,,,,,,,,,,,,,,,,,,,,,0.0182607965715682,0
2025_17_PHI_BUF,2025,REG,17,2025-12-28,Sunday,16:25,PHI,,BUF,,Home,,,,2025122805,,,202512280buf,28671,401772917,6987,9,7,,,,,,,,,0,outdoors,a_turf,,,,,,,Nick Sirianni,Sean McDermott,,BUF00,New Era Field,BUF,PHI,True,,,,,,,,,,,,,,,,,,,,,,,,,,,,,,,,,,,,,,,,,,,,,,,,,,,,,,,,,,,,,,,,,,,,,,,,,,,,,,,,,,,,,,,,,,,,,,,,,,,,0.0165731397877506,0
2025_18_NYJ_BUF,2025,REG,18,2026-01-04,Sunday,13:00,NYJ,,BUF,,Home,,,,2025010401,,,202501040buf,28674,401772967,6991,6,6,,,,,,,,,1,outdoors,a_turf,,,,,,,Aaron Glenn,Sean McDermott,,BUF00,New Era Field,BUF,NYJ,True,,,,,,,,,,,,,,,,,,,,,,,,,,,,,,,,,,,,,,,,,,,,,,,,,,,,,,,,,,,,,,,,,,,,,,,,,,,,,,,,,,,,,,,,,,,,,,,,,,,,0.0165731397877506,0
2025_01_CAR_JAX,2025,REG,1,2025-09-07,Sunday,13:00,CAR,10.0,JAX,26.0,Home,16.0,36.0,0.0,2025090703,59848.0,,202509070jax,28423,401772828,6739,7,7,170.0,-205.0,4.5,-110.0,-110.0,45.5,-108.0,-112.0,0,outdoors,grass,85.0,3.0,00-0039150,00-0036971,Bryce Young,Trevor Lawrence,Dave Canales,Liam Coen,Alex Moore,JAX00,TIAA Bank Stadium,CAR,JAX,False,REG,JAX,18.0,35.0,154.0,1.0,2.0,1.0,-12.0,0.0,0.0,269.0,60.0,8.0,-15.40268957134174,-12.371582757024203,0.0,25.0,113.0,0.0,1.0,1.0,5.0,0.019907066074665636,0.0,18.0,34.0,154.0,1.0,0.0,0.0,269.0,60.0,8.0,-11.740281144413872,0.0,0.0,42.0,0.0,20.0,1.0,2.0,0.0,0.0,0.0,1.0,1.0,10.0,4.0,0.0,0.0,0.0,0.0,0.0,0.0,0.0,0.0,0.0,4.0,35.0,6.0,2.0,0.0,2.0,43.0,1.0,1.0,0.0,0.0,48.0,1.0,0.0,0.0,0.0,1.0,0.0,0.0,0.0,0.0,0.0,0.0,0.0,0.0,48,,,48.0,0.0,0.0,1.0,1.0,0.0,0.0,1.0,0.0,0.0,0.0,0.0,0.0,0.0243220289458307,0
2025_02_CAR_ARI,2025,REG,2,2025-09-14,Sunday,16:05,CAR,22.0,ARI,27.0,Home,5.0,49.0,0.0,2025091409,59869.0,,202509140crd,28445,401772730,6760,7,7,250.0,-310.0,7.0,-110.0,-110.0,45.5,-110.0,-110.0,0,closed,grass,,,00-0039150,00-0035228,Bryce Young,Kyler Murray,Dave Canales,Jonathan Gannon,Ron Torbert,PHO00,State Farm Stadium,CAR,ARI,False,REG,ARI,35.0,55.0,328.0,3.0,1.0,3.0,-25.0,1.0,1.0,375.0,150.0,19.0,3.2342329092731377,-2.3493665006925477,0.0,19.0,49.0,0.0,0.0,0.0,4.0,-4.658607418095693,0.0,35.0,53.0,328.0,3.0,0.0,0.0,375.0,150.0,19.0,14.799765814730213,0.0,0.0,31.0,1.0,23.0,4.0,17.0,0.0,1.0,9.0,4.0,1.0,0.0,5.0,0.0,0.0,0.0,0.0,0.0,0.0,0.0,0.0,0.0,7.0,83.0,5.0,1.0,12.0,5.0,113.0,1.0,1.0,0.0,0.0,27.0,1.0,0.0,1.0,0.0,0.0,0.0,0.0,0.0,0.0,0.0,0.0,0.0,0.0,27,,,27.0,0.0,0.0,1.0,1.0,0.0,0.0,1.0,0.0,0.0,0.0,0.0,0.0,0.0370218956731923,0
2025_03_ATL_CAR,2025,REG,3,2025-09-21,Sunday,13:00,ATL,0.0,CAR,30.0,Home,30.0,30.0,0.0,2025092100,59876.0,,202509210car,28452,401772838,6767,7,7,-225.0,185.0,-5.5,-105.0,-115.0,44.5,-115.0,-105.0,1,outdoors,grass,83.0,5.0,00-0039917,00-0039150,Michael Penix,Bryce Young,Raheem Morris,Dave Canales,Craig Wrolstad,CAR00,Bank of America Stadium,CAR,ATL,True,REG,ATL,16.0,24.0,121.0,0.0,0.0,1.0,-7.0,0.0,0.0,133.0,76.0,7.0,-2.4837949486153077,-1.299610361456871,0.0,30.0,110.0,2.0,0.0,0.0,8.0,2.0001413919962943,0.0,16.0,24.0,121.0,0.0,0.0,0.0,133.0,76.0,7.0,-0.30790516077214525,0.0,0.0,41.0,2.0,22.0,2.0,7.0,1.0,0.0,0.0,2.0,2.0,65.0,3.0,1.0,1.0,0.0,0.0,0.0,0.0,1.0,1.0,0.0,6.0,55.0,1.0,1.0,0.0,1.0,21.0,3.0,3.0,0.0,0.0,57.0,1.0,0.0,0.0,1.0,1.0,1.0,0.0,0.0,0.0,0.0,0.0,0.0,0.0,57;35;41,,,133.0,0.0,0.0,3.0,3.0,0.0,0.0,1.0,0.0,0.0,0.0,0.0,0.0,0.8705996068660976,1
2025_04_CAR_NE,2025,REG,4,2025-09-28,Sunday,13:00,CAR,13.0,NE,42.0,Home,29.0,55.0,0.0,2025092805,59897.0,,202509280nwe,28472,401772847,6788,7,7,215.0,-265.0,5.5,-108.0,-112.0,42.5,-108.0,-112.0,0,outdoors,fieldturf,76.0,7.0,00-0039150,00-0039851,Bryce Young,Drake Maye,Dave Canales,Mike Vrabel,Bill Vinovich,BOS00,Gillette Stadium,CAR,NE,False,REG,NE,23.0,36.0,208.0,2.0,0.0,1.0,-11.0,0.0,0.0,199.0,130.0,11.0,0.9773629099533577,4.047475755214691,0.0,28.0,129.0,0.0,0.0,0.0,8.0,-2.5594697374035604,0.0,23.0,32.0,208.0,2.0,1.0,0.0,199.0,130.0,11.0,8.375273960775944,0.0,0.0,23.0,1.0,33.0,1.0,2.0,0.0,1.0,0.0,1.0,0.0,0.0,2.0,0.0,0.0,0.0,0.0,0.0,0.0,0.0,0.0,0.0,5.0,29.0,3.0,3.0,19.0,6.0,139.0,0.0,1.0,1.0,0.0,,0.0,0.0,0.0,0.0,0.0,0.0,0.0,0.0,0.0,0.0,0.0,1.0,0.0,,55,,0.0,55.0,0.0,1.0,2.0,1.0,0.0,0.5,0.0,0.0,0.0,0.0,0.0,0.1737949788872055,0
2025_05_MIA_CAR,2025,REG,5,2025-10-05,Sunday,13:00,MIA,24.0,CAR,27.0,Home,3.0,51.0,0.0,2025100502,59910.0,,202510050car,28485,401772852,6801,6,7,-120.0,100.0,-1.5,-105.0,-115.0,44.5,-105.0,-115.0,0,outdoors,grass,77.0,8.0,00-0036212,00-0039150,Tua Tagovailoa,Bryce Young,Mike McDaniel,Dave Canales,Clay Martin,CAR00,Bank of America Stadium,CAR,MIA,True,REG,MIA,19.0,30.0,198.0,2.0,1.0,3.0,-19.0,1.0,1.0,244.0,73.0,12.0,-1.3048395836655962,8.688226231822261,0.0,32.0,239.0,1.0,0.0,0.0,8.0,10.933818381774472,0.0,19.0,27.0,198.0,2.0,0.0,0.0,244.0,73.0,12.0,10.221585124473235,0.0,0.0,37.0,2.0,26.0,9.0,42.0,0.0,3.0,27.0,3.0,0.0,0.0,1.0,0.0,0.0,0.0,0.0,0.0,0.0,0.0,0.0,0.0,8.0,46.0,4.0,0.0,0.0,5.0,113.0,2.0,2.0,0.0,0.0,49.0,1.0,0.0,0.0,1.0,1.0,0.0,0.0,0.0,0.0,0.0,0.0,0.0,0.0,35;49,,,84.0,0.0,0.0,3.0,3.0,0.0,0.0,1.0,0.0,0.0,0.0,0.0,0.0,0.9142757941605854,1
2025_06_DAL_CAR,2025,REG,6,2025-10-12,Sunday,13:00,DAL,27.0,CAR,30.0,Home,3.0,57.0,0.0,2025101202,59924.0,,202510120car,28499,401772858,6815,7,7,-175.0,145.0,-3.0,-118.0,-102.0,47.5,-105.0,-115.0,0,outdoors,grass,68.0,15.0,00-0033077,00-0039150,Dak Prescott,Bryce Young,Brian Schottenheimer,Dave Canales,John Hussey,CAR00,Bank of America Stadium,CAR,DAL,True,REG,DAL,17.0,25.0,199.0,3.0,1.0,1.0,-5.0,0.0,0.0,154.0,98.0,11.0,2.201376390146385,13.688871406373524,0.0,38.0,216.0,0.0,0.0,0.0,14.0,6.73148625281668,0.0,17.0,21.0,199.0,3.0,1.0,0.0,154.0,99.0,11.0,6.2055853032775365,0.0,0.0,37.0,2.0,16.0,5.0,17.0,0.0,0.0,0.0,2.0,0.0,0.0,4.0,0.0,0.0,0.0,0.0,2.0,2.0,0.0,0.0,0.0,6.0,57.0,4.0,1.0,0.0,2.0,40.0,3.0,3.0,0.0,0.0,55.0,1.0,0.0,0.0,2.0,0.0,1.0,0.0,0.0,0.0,0.0,0.0,0.0,0.0,31;55;33,,,119.0,0.0,0.0,3.0,3.0,0.0,0.0,1.0,1.0,1.0,0.0,0.0,33.0,0.8778674945159979,1
2025_07_CAR_NYJ,2025,REG,7,2025-10-19,Sunday,13:00,CAR,13.0,NYJ,6.0,Home,-7.0,19.0,0.0,2025101905,59942.0,,202510190nyj,28517,401772860,6833,7,7,-108.0,-112.0,1.5,-125.0,105.0,39.5,-102.0,-118.0,0,outdoors,fieldturf,71.0,13.0,00-0039150,00-0036945,Bryce Young,Justin Fields,Dave Canales,Aaron Glenn,Brad Rogers,NYC01,MetLife Stadium,CAR,NYJ,False,REG,NYJ,19.0,32.0,198.0,1.0,0.0,2.0,-21.0,0.0,0.0,233.0,113.0,10.0,-2.606155805413017,-2.083128498446557,0.0,36.0,125.0,0.0,0.0,0.0,7.0,-4.531804146710783,0.0,19.0,31.0,198.0,1.0,0.0,0.0,233.0,113.0,10.0,2.942087833995594,0.0,0.0,32.0,0.0,28.0,3.0,22.0,0.0,6.0,33.0,11.0,2.0,0.0,9.0,0.0,0.0,0.0,0.0,1.0,1.0,0.0,0.0,0.0,6.0,45.0,3.0,3.0,35.0,1.0,45.0,2.0,2.0,0.0,0.0,30.0,1.0,0.0,1.0,1.0,0.0,0.0,0.0,0.0,0.0,0.0,0.0,0.0,0.0,30;29,,,59.0,0.0,0.0,1.0,1.0,0.0,0.0,1.0,0.0,0.0,0.0,0.0,0.0,0.9043794280996842,1
2025_08_BUF_CAR,2025,REG,8,2025-10-26,Sunday,13:00,BUF,40.0,CAR,9.0,Home,-31.0,49.0,0.0,2025102602,59954.0,,202510260car,28529,401772865,6845,13,7,-395.0,310.0,-7.0,-115.0,-105.0,47.5,-108.0,-112.0,0,outdoors,grass,63.0,9.0,00-0034857,00-0039150,Josh Allen,Bryce Young,Sean McDermott,Dave Canales,Craig Wrolstad,CAR00,Bank of America Stadium,CAR,BUF,True,REG,BUF,16.0,24.0,175.0,0.0,1.0,7.0,-45.0,1.0,1.0,195.0,51.0,11.0,-12.860889769130974,3.698212037915769,0.0,28.0,114.0,1.0,1.0,1.0,7.0,-7.483066802204121,0.0,16.0,23.0,175.0,0.0,0.0,0.0,195.0,51.0,11.0,2.820920895170825,0.0,0.0,33.0,3.0,39.0,4.0,10.0,0.0,2.0,20.0,3.0,0.0,0.0,4.0,0.0,0.0,0.0,0.0,1.0,2.0,0.0,0.0,0.0,4.0,20.0,3.0,2.0,13.0,6.0,156.0,1.0,2.0,1.0,0.0,48.0,0.5,0.0,0.0,0.0,1.0,0.0,0.0,0.0,0.0,1.0,0.0,0.0,0.0,48,32,,48.0,32.0,0.0,0.0,1.0,1.0,0.0,0.0,0.0,0.0,0.0,0.0,0.0,0.0612899561529037,0
2025_09_CAR_GB,2025,REG,9,2025-11-02,Sunday,13:00,CAR,16.0,GB,13.0,Home,-3.0,29.0,0.0,2025110202,59967.0,,202511020gnb,28542,401772872,6858,7,7,650.0,-1000.0,12.5,-102.0,-118.0,43.5,-115.0,-105.0,0,outdoors,grass,47.0,15.0,00-0039150,00-0036264,Bryce Young,Jordan Love,Dave Canales,Matt LaFleur,Land Clark,GNB00,Lambeau Field,CAR,GB,False,REG,GB,11.0,20.0,102.0,0.0,1.0,1.0,0.0,1.0,0.0,125.0,23.0,6.0,-3.305482862138888,-11.497365173540617,0.0,33.0,163.0,2.0,0.0,0.0,11.0,8.415791934352821,0.0,11.0,19.0,102.0,0.0,0.0,0.0,125.0,23.0,6.0,-2.8900692652969155,0.0,0.0,36.0,1.0,39.0,4.0,18.0,1.0,1.0,8.0,6.0,1.0,36.0,4.0,0.0,0.0,0.0,0.0,1.0,1.0,1.0,1.0,0.0,5.0,39.0,3.0,0.0,0.0,3.0,70.0,1.0,1.0,0.0,0.0,49.0,1.0,0.0,0.0,0.0,1.0,0.0,0.0,0.0,0.0,0.0,0.0,0.0,0.0,49,,,49.0,0.0,0.0,1.0,2.0,1.0,0.0,0.5,1.0,1.0,0.0,0.0,49.0,0.5083219774953948,1
2025_10_NO_CAR,2025,REG,10,2025-11-09,Sunday,13:00,NO,17.0,CAR,7.0,Home,-10.0,24.0,0.0,2025110901,59980.0,,202511090car,28555,401772877,6871,7,7,200.0,-245.0,5.5,-112.0,-108.0,38.5,-105.0,-115.0,1,outdoors,grass,73.0,15.0,00-0040743,00-0039150,Tyler Shough,Bryce Young,Kellen Moore,Dave Canales,Brad Allen,CAR00,Bank of America Stadium,CAR,NO,True,REG,NO,17.0,25.0,124.0,0.0,1.0,2.0,-22.0,0.0,0.0,162.0,55.0,6.0,-11.497875926079399,2.757819061693938,0.0,23.0,73.0,1.0,1.0,1.0,6.0,-9.473294535127934,0.0,17.0,23.0,124.0,0.0,0.0,0.0,162.0,55.0,6.0,-7.378216374776497,0.0,0.0,38.0,3.0,35.0,6.0,21.0,0.0,2.0,16.0,5.0,0.0,0.0,1.0,0.0,0.0,0.0,0.0,0.0,1.0,1.0,1.0,0.0,1.0,5.0,5.0,2.0,15.0,4.0,108.0,0.0,1.0,0.0,1.0,,0.0,0.0,0.0,0.0,0.0,0.0,0.0,0.0,0.0,0.0,0.0,0.0,0.0,,,48,0.0,0.0,48.0,1.0,1.0,0.0,0.0,1.0,0.0,0.0,0.0,0.0,0.0,0.0180964546391562,0
2025_11_CAR_ATL,2025,REG,11,2025-11-16,Sunday,13:00,CAR,30.0,ATL,27.0,Home,-3.0,57.0,1.0,2025111601,59994.0,,202511160atl,28569,401772882,6885,7,7,180.0,-218.0,4.5,-118.0,-102.0,42.5,-110.0,-110.0,1,closed,fieldturf,,,00-0039150,00-0039917,Bryce Young,Michael Penix,Dave Canales,Raheem Morris,Clay Martin,ATL97,Mercedes-Benz Stadium,CAR,ATL,False,REG,ATL,31.0,45.0,448.0,3.0,0.0,5.0,-29.0,0.0,0.0,278.0,247.0,20.0,14.242022988657277,2.1731023761359127,1.0,25.0,67.0,0.0,0.0,0.0,2.0,-4.5528216014633625,0.0,31.0,44.0,448.0,3.0,0.0,0.0,278.0,247.0,20.0,29.496329568844565,1.0,0.0,28.0,1.0,43.0,2.0,6.0,2.0,0.0,0.0,1.0,0.0,0.0,5.0,0.0,0.0,0.0,0.0,0.0,0.0,1.0,1.0,0.0,8.0,49.0,4.0,1.0,9.0,3.0,77.0,3.0,3.0,0.0,0.0,34.0,1.0,0.0,2.0,1.0,0.0,0.0,0.0,0.0,0.0,0.0,0.0,0.0,0.0,29;34;28,,,91.0,0.0,0.0,1.0,1.0,0.0,0.0,1.0,1.0,1.0,0.0,0.0,28.0,0.5794851729526289,1
2025_12_CAR_SF,2025,REG,12,2025-11-24,Monday,20:15,CAR,9.0,SF,20.0,Home,11.0,29.0,0.0,2025112400,60020.0,,202511240sfo,28595,401772820,6911,8,8,310.0,-395.0,7.5,-115.0,-105.0,48.5,-105.0,-115.0,0,outdoors,grass,58.0,3.0,00-0039150,00-0037834,Bryce Young,Brock Purdy,Dave Canales,Kyle Shanahan,Alex Kemp,SFO01,Levi's Stadium,CAR,SF,False,REG,SF,18.0,29.0,169.0,1.0,2.0,1.0,-8.0,0.0,0.0,171.0,122.0,9.0,-9.992723701494928,-2.5994314087761774,0.0,13.0,69.0,0.0,0.0,0.0,3.0,1.1641132161021233,0.0,18.0,27.0,169.0,1.0,0.0,0.0,171.0,122.0,9.0,-7.615255303886901,0.0,0.0,32.0,0.0,58.0,3.0,11.0,1.0,0.0,0.0,1.0,3.0,36.0,4.0,0.0,0.0,0.0,0.0,1.0,1.0,0.0,0.0,0.0,4.0,30.0,4.0,1.0,6.0,3.0,74.0,1.0,2.0,1.0,0.0,25.0,0.5,0.0,1.0,0.0,0.0,0.0,0.0,0.0,0.0,0.0,0.0,1.0,0.0,25,57,,25.0,57.0,0.0,0.0,0.0,0.0,0.0,,0.0,0.0,0.0,0.0,0.0,0.0809930482824858,0
2025_13_LA_CAR,2025,REG,13,2025-11-30,Sunday,13:00,LA,28.0,CAR,31.0,Home,3.0,59.0,0.0,2025113000,60025.0,,202511300car,28600,401772894,6916,7,6,-575.0,425.0,-10.0,-110.0,-110.0,44.5,-105.0,-115.0,0,outdoors,grass,45.0,3.0,00-0026498,00-0039150,Matthew Stafford,Bryce Young,Sean McVay,Dave Canales,Scott Novak,CAR00,Bank of America Stadium,CAR,LA,True,REG,LA,15.0,20.0,206.0,3.0,0.0,2.0,-12.0,0.0,0.0,155.0,153.0,8.0,14.25771617126884,8.80542203783989,0.0,40.0,164.0,0.0,0.0,0.0,9.0,-0.23940834056446025,0.0,15.0,20.0,206.0,3.0,0.0,0.0,155.0,153.0,8.0,16.488774426630698,0.0,0.0,23.0,0.0,34.0,3.0,17.0,1.0,2.0,16.0,2.0,2.0,48.0,4.0,1.0,0.0,0.0,0.0,0.0,0.0,1.0,1.0,0.0,7.0,70.0,0.0,1.0,15.0,4.0,89.0,1.0,1.0,0.0,0.0,33.0,1.0,0.0,0.0,1.0,0.0,0.0,0.0,0.0,0.0,0.0,0.0,0.0,0.0,33,,,33.0,0.0,0.0,4.0,4.0,0.0,0.0,1.0,0.0,0.0,0.0,0.0,0.0,0.9603640738211818,1
2025_15_CAR_NO,2025,REG,15,2025-12-14,Sunday,16:25,CAR,,NO,,Home,,,,2025121410,,,202512140nor,28636,401772908,6953,14,7,-148.0,124.0,-2.5,-118.0,-102.0,39.5,-110.0,-110.0,1,dome,sportturf,,,,,,,Dave Canales,Kellen Moore,,NOR00,Mercedes-Benz Superdome,CAR,NO,False,,,,,,,,,,,,,,,,,,,,,,,,,,,,,,,,,,,,,,,,,,,,,,,,,,,,,,,,,,,,,,,,,,,,,,,,,,,,,,,,,,,,,,,,,,,,,,,,,,,,0.0182607965715682,0
2025_16_TB_CAR,2025,REG,16,2025-12-21,Sunday,13:00,TB,,CAR,,Home,,,,2025122101,,,202512210car,28646,401772912,6962,10,7,,,,,,,,,1,outdoors,grass,,,,,,,Todd Bowles,Dave Canales,,CAR00,Bank of America Stadium,CAR,TB,True,,,,,,,,,,,,,,,,,,,,,,,,,,,,,,,,,,,,,,,,,,,,,,,,,,,,,,,,,,,,,,,,,,,,,,,,,,,,,,,,,,,,,,,,,,,,,,,,,,,,0.0165731397877506,0
2025_17_SEA_CAR,2025,REG,17,2025-12-28,Sunday,13:00,SEA,,CAR,,Home,,,,2025122800,,,202512280car,28661,401772952,6977,10,7,,,,,,,,,0,outdoors,grass,,,,,,,Mike Macdonald,Dave Canales,,CAR00,Bank of America Stadium,CAR,SEA,True,,,,,,,,,,,,,,,,,,,,,,,,,,,,,,,,,,,,,,,,,,,,,,,,,,,,,,,,,,,,,,,,,,,,,,,,,,,,,,,,,,,,,,,,,,,,,,,,,,,,0.0165731397877506,0
2025_18_CAR_TB,2025,REG,18,2026-01-04,Sunday,13:00,CAR,,TB,,Home,,,,2025010415,,,202501040tam,28688,401772969,7005,6,6,,,,,,,,,1,outdoors,grass,,,,,,,Dave Canales,Todd Bowles,,TAM00,Raymond James Stadium,CAR,TB,False,,,,,,,,,,,,,,,,,,,,,,,,,,,,,,,,,,,,,,,,,,,,,,,,,,,,,,,,,,,,,,,,,,,,,,,,,,,,,,,,,,,,,,,,,,,,,,,,,,,,0.0182607965715682,0
2025_01_MIN_CHI,2025,REG,1,2025-09-08,Monday,20:15,MIN,27.0,CHI,24.0,Home,-3.0,51.0,0.0,2025090800,59858.0,,202509080chi,28433,401772810,6749,7,7,-112.0,-108.0,-1.5,100.0,-120.0,43.5,-112.0,-108.0,1,outdoors,grass,68.0,6.0,00-0039923,00-0039918,J.J. McCarthy,Caleb Williams,Kevin O'Connell,Ben Johnson,Alan Eck,CHI98,Soldier Field,CHI,MIN,True,REG,MIN,21.0,35.0,210.0,1.0,0.0,2.0,-12.0,0.0,0.0,263.0,77.0,10.0,-6.988247807139811,-6.66688496575636,0.0,26.0,119.0,1.0,0.0,0.0,7.0,2.5311888938449556,0.0,21.0,34.0,210.0,1.0,0.0,0.0,263.0,77.0,10.0,-2.970347229830037,0.0,0.0,34.0,4.0,22.0,6.0,15.0,0.0,3.0,9.0,5.0,1.0,74.0,5.0,1.0,0.0,0.0,0.0,0.0,0.0,0.0,0.0,0.0,12.0,127.0,5.0,4.0,37.0,4.0,125.0,1.0,2.0,1.0,0.0,42.0,0.5,0.0,0.0,0.0,1.0,0.0,0.0,0.0,0.0,0.0,0.0,1.0,0.0,42,50,,42.0,50.0,0.0,3.0,3.0,0.0,0.0,1.0,0.0,0.0,0.0,0.0,0.0,0.5240815908982989,0
2025_02_CHI_DET,2025,REG,2,2025-09-14,Sunday,13:00,CHI,21.0,DET,52.0,Home,31.0,73.0,0.0,2025091403,59863.0,,202509140det,28438,401772835,6754,6,7,220.0,-270.0,6.0,-110.0,-110.0,46.5,-112.0,-108.0,1,dome,fieldturf,,,00-0039918,00-0033106,Caleb Williams,Jared Goff,Ben Johnson,Dan Campbell,Land Clark,DET00,Ford Field,CHI,DET,False,REG,DET,21.0,33.0,234.0,2.0,1.0,4.0,-29.0,0.0,0.0,337.0,87.0,11.0,-0.06921279421658255,-5.17697867118951,0.0,27.0,134.0,1.0,2.0,1.0,8.0,-10.55241193177062,0.0,21.0,33.0,234.0,2.0,0.0,0.0,337.0,87.0,11.0,6.598584875202505,0.0,0.0,38.0,4.0,24.0,4.0,15.0,0.0,0.0,0.0,4.0,0.0,0.0,0.0,0.0,0.0,0.0,0.0,1.0,1.0,0.0,0.0,0.0,8.0,50.0,1.0,2.0,16.0,8.0,215.0,0.0,0.0,0.0,0.0,,,0.0,0.0,0.0,0.0,0.0,0.0,0.0,0.0,0.0,0.0,0.0,0.0,,,,0.0,0.0,0.0,3.0,3.0,0.0,0.0,1.0,0.0,0.0,0.0,0.0,0.0,0.0963678165635158,0
2025_03_DAL_CHI,2025,REG,3,2025-09-21,Sunday,16:25,DAL,14.0,CHI,31.0,Home,17.0,45.0,0.0,2025092111,59887.0,,202509210chi,28463,401772844,6778,7,7,-125.0,105.0,-1.5,-115.0,-105.0,49.5,100.0,-120.0,0,outdoors,grass,82.0,4.0,00-0033077,00-0039918,Dak Prescott,Caleb Williams,Brian Schottenheimer,Ben Johnson,Clay Martin,CHI98,Soldier Field,CHI,DAL,True,REG,DAL,19.0,28.0,298.0,4.0,0.0,0.0,0.0,0.0,0.0,250.0,156.0,11.0,17.979574728623284,3.6546007863112857,0.0,29.0,87.0,0.0,0.0,0.0,7.0,-1.3850439606467262,0.0,19.0,28.0,298.0,4.0,0.0,0.0,250.0,156.0,11.0,17.979574728623284,0.0,0.0,43.0,5.0,29.0,2.0,17.0,1.0,2.0,17.0,7.0,3.0,0.0,6.0,0.0,0.0,0.0,0.0,0.0,0.0,1.0,1.0,0.0,6.0,41.0,0.0,2.0,31.0,2.0,41.0,1.0,1.0,0.0,0.0,30.0,1.0,0.0,0.0,1.0,0.0,0.0,0.0,0.0,0.0,0.0,0.0,0.0,0.0,30,,,30.0,0.0,0.0,4.0,4.0,0.0,0.0,1.0,0.0,0.0,0.0,0.0,0.0,0.9791547478755276,1
2025_04_CHI_LV,2025,REG,4,2025-09-28,Sunday,16:25,CHI,25.0,LV,24.0,Home,-1.0,49.0,0.0,2025092811,59903.0,,202509280rai,28477,401772742,6794,7,7,105.0,-125.0,1.5,-110.0,-110.0,47.5,-105.0,-115.0,0,dome,grass,,,00-0039918,00-0030565,Caleb Williams,Geno Smith,Ben Johnson,Pete Carroll,Adrian Hill,VEG00,Allegiant Stadium,CHI,LV,False,REG,LV,22.0,37.0,212.0,1.0,1.0,1.0,-10.0,0.0,0.0,246.0,99.0,10.0,-1.120958017301945,-11.36607618795501,0.0,26.0,69.0,1.0,2.0,0.0,7.0,-6.595607306687244,0.0,22.0,36.0,212.0,1.0,0.0,0.0,246.0,99.0,10.0,1.6286474764345082,0.0,0.0,35.0,3.0,29.0,5.0,17.0,1.0,0.0,0.0,1.0,3.0,50.0,4.0,0.0,0.0,0.0,0.0,2.0,3.0,1.0,1.0,0.0,8.0,60.0,4.0,1.0,19.0,5.0,122.0,4.0,4.0,0.0,0.0,52.0,1.0,0.0,0.0,0.0,2.0,2.0,0.0,0.0,0.0,0.0,0.0,0.0,0.0,46;43;52;51,,,192.0,0.0,0.0,1.0,1.0,0.0,0.0,1.0,0.0,0.0,0.0,0.0,0.0,0.8364896965742341,1
2025_06_CHI_WAS,2025,REG,6,2025-10-13,Monday,20:15,CHI,25.0,WAS,24.0,Home,-1.0,49.0,0.0,2025101301,59935.0,,202510130was,28510,401772717,6826,15,8,210.0,-258.0,5.5,-108.0,-112.0,49.5,-105.0,-115.0,0,outdoors,grass,59.0,12.0,00-0039918,00-0039910,Caleb Williams,Jayden Daniels,Ben Johnson,Dan Quinn,Alex Moore,WAS00,FedExField,CHI,WAS,False,REG,WAS,17.0,29.0,252.0,1.0,0.0,3.0,-16.0,0.0,0.0,246.0,194.0,10.0,3.275814118387534,-8.219391313092462,0.0,27.0,145.0,1.0,0.0,0.0,8.0,5.895976407468235,0.0,17.0,29.0,252.0,1.0,0.0,0.0,246.0,194.0,10.0,6.7610356647065135,0.0,0.0,32.0,2.0,40.0,3.0,6.0,1.0,3.0,6.0,3.0,1.0,32.0,3.0,0.0,0.0,0.0,0.0,0.0,0.0,2.0,2.0,0.0,9.0,84.0,5.0,0.0,0.0,5.0,120.0,4.0,5.0,0.0,1.0,48.0,0.8,0.0,0.0,1.0,3.0,0.0,0.0,0.0,0.0,0.0,0.0,0.0,0.0,47;48;41;38,,48,174.0,0.0,48.0,1.0,1.0,0.0,0.0,1.0,1.0,1.0,0.0,0.0,38.0,0.9759669591493784,1
2025_07_NO_CHI,2025,REG,7,2025-10-19,Sunday,13:00,NO,14.0,CHI,26.0,Home,12.0,40.0,0.0,2025101901,59938.0,,202510190chi,28513,401772861,6829,7,6,185.0,-225.0,4.5,-120.0,100.0,43.5,-110.0,-110.0,0,outdoors,grass,49.0,8.0,00-0039376,00-0039918,Spencer Rattler,Caleb Williams,Kellen Moore,Ben Johnson,Scott Novak,CHI98,Soldier Field,CHI,NO,True,REG,NO,15.0,26.0,172.0,0.0,1.0,1.0,-8.0,0.0,0.0,220.0,89.0,10.0,2.149814817582892,-3.2287707328796387,0.0,40.0,222.0,2.0,2.0,0.0,15.0,0.5681171632757938,0.0,15.0,25.0,172.0,0.0,0.0,0.0,220.0,89.0,10.0,5.290478702430846,0.0,0.0,34.0,1.0,17.0,7.0,36.0,1.0,4.0,24.0,7.0,3.0,48.0,9.0,0.0,0.0,0.0,0.0,2.0,4.0,1.0,1.0,0.0,10.0,92.0,2.0,2.0,18.0,2.0,47.0,4.0,4.0,0.0,0.0,39.0,1.0,0.0,2.0,2.0,0.0,0.0,0.0,0.0,0.0,0.0,0.0,0.0,0.0,27;39;24;33,,,123.0,0.0,0.0,2.0,2.0,0.0,0.0,1.0,0.0,0.0,0.0,0.0,0.0,0.9974441057799198,1
2025_08_CHI_BAL,2025,REG,8,2025-10-26,Sunday,13:00,CHI,16.0,BAL,30.0,Home,14.0,46.0,0.0,2025102601,59953.0,,202510260rav,28528,401772759,6844,7,14,124.0,-148.0,2.5,-102.0,-118.0,45.5,-112.0,-108.0,0,outdoors,grass,60.0,2.0,00-0039918,00-0035993,Caleb Williams,Tyler Huntley,Ben Johnson,John Harbaugh,Shawn Smith,BAL00,M&T Bank Stadium,CHI,BAL,False,REG,BAL,25.0,38.0,285.0,0.0,1.0,1.0,-9.0,0.0,0.0,310.0,125.0,13.0,1.0999335164201207,7.888272830418178,0.0,23.0,96.0,1.0,0.0,0.0,5.0,0.4128671477374155,0.0,25.0,35.0,285.0,0.0,0.0,0.0,310.0,125.0,13.0,6.68299723934999,0.0,0.0,40.0,1.0,33.0,4.0,12.0,1.0,2.0,8.0,3.0,0.0,0.0,1.0,0.0,0.0,0.0,0.0,1.0,1.0,0.0,0.0,0.0,11.0,79.0,6.0,1.0,8.0,6.0,157.0,3.0,4.0,1.0,0.0,47.0,0.75,0.0,0.0,2.0,1.0,0.0,0.0,0.0,0.0,0.0,0.0,1.0,0.0,32;39;47,58,,118.0,58.0,0.0,1.0,1.0,0.0,0.0,1.0,0.0,0.0,0.0,0.0,0.0,0.3949993203552474,0
2025_09_CHI_CIN,2025,REG,9,2025-11-02,Sunday,13:00,CHI,47.0,CIN,42.0,Home,-5.0,89.0,0.0,2025110200,59965.0,,202511020cin,28540,401772765,6856,7,7,-162.0,136.0,-3.0,-105.0,-115.0,51.5,-108.0,-112.0,0,outdoors,fieldturf,50.0,6.0,00-0039918,00-0026158,Caleb Williams,Joe Flacco,Ben Johnson,Zac Taylor,Clete Blakeman,CIN00,Paycor Stadium,CHI,CIN,False,REG,CIN,22.0,37.0,302.0,4.0,0.0,2.0,-9.0,0.0,0.0,295.0,190.0,17.0,18.818404363642347,-0.14702388468910665,0.0,37.0,283.0,2.0,0.0,0.0,11.0,16.073297424358316,0.0,22.0,34.0,302.0,4.0,0.0,0.0,295.0,190.0,17.0,23.221029628311133,0.0,0.0,38.0,1.0,27.0,4.0,23.0,1.0,3.0,21.0,5.0,2.0,6.0,7.0,0.0,0.0,0.0,0.0,0.0,0.0,1.0,1.0,0.0,7.0,43.0,5.0,0.0,0.0,6.0,134.0,2.0,3.0,0.0,1.0,36.0,0.6666666666666666,0.0,1.0,1.0,0.0,0.0,0.0,0.0,0.0,0.0,0.0,0.0,0.0,24;36,,47,60.0,0.0,47.0,5.0,5.0,0.0,0.0,1.0,0.0,0.0,0.0,0.0,0.0,0.9998410111550872,1
2025_10_NYG_CHI,2025,REG,10,2025-11-09,Sunday,13:00,NYG,20.0,CHI,24.0,Home,4.0,44.0,0.0,2025110902,59981.0,,202511090chi,28556,401772875,6872,7,7,180.0,-218.0,4.5,-108.0,-112.0,45.5,-112.0,-108.0,0,outdoors,grass,33.0,10.0,00-0040691,00-0039918,Jaxson Dart,Caleb Williams,Brian Daboll,Ben Johnson,Adrian Hill,CHI98,Soldier Field,CHI,NYG,True,REG,NYG,20.0,36.0,220.0,1.0,0.0,0.0,0.0,0.0,0.0,345.0,76.0,11.0,-6.061366754207314,-8.151408698823717,0.0,28.0,171.0,2.0,0.0,0.0,8.0,5.65459134124103,0.0,20.0,36.0,220.0,1.0,0.0,0.0,345.0,76.0,11.0,-6.061366754207314,0.0,0.0,38.0,1.0,29.0,7.0,26.0,1.0,4.0,25.0,9.0,0.0,0.0,5.0,0.0,0.0,0.0,0.0,0.0,0.0,1.0,1.0,0.0,3.0,25.0,2.0,1.0,13.0,2.0,46.0,1.0,1.0,0.0,0.0,22.0,1.0,0.0,1.0,0.0,0.0,0.0,0.0,0.0,0.0,0.0,0.0,0.0,0.0,22,,,22.0,0.0,0.0,3.0,3.0,0.0,0.0,1.0,0.0,0.0,0.0,0.0,0.0,0.9193759785060028,1
2025_11_CHI_MIN,2025,REG,11,2025-11-16,Sunday,13:00,CHI,19.0,MIN,17.0,Home,-2.0,36.0,0.0,2025111604,59997.0,,202511160min,28573,401772880,6888,7,7,124.0,-148.0,3.0,-115.0,-105.0,47.5,-102.0,-118.0,1,dome,sportturf,,,00-0039918,00-0039923,Caleb Williams,J.J. McCarthy,Ben Johnson,Kevin O'Connell,Brad Rogers,MIN01,U.S. Bank Stadium,CHI,MIN,False,REG,MIN,16.0,32.0,193.0,0.0,0.0,2.0,-13.0,0.0,0.0,385.0,108.0,6.0,-0.9484717985872968,-9.485139059168953,0.0,39.0,140.0,1.0,1.0,0.0,14.0,-2.5251905146239166,0.0,16.0,28.0,193.0,0.0,0.0,0.0,385.0,108.0,6.0,5.416163339704771,0.0,0.0,26.0,0.0,32.0,1.0,3.0,1.0,0.0,0.0,5.0,2.0,23.0,5.0,0.0,0.0,0.0,0.0,1.0,2.0,0.0,0.0,0.0,6.0,40.0,2.0,2.0,11.0,3.0,108.0,4.0,5.0,1.0,0.0,54.0,0.8,0.0,0.0,2.0,1.0,1.0,0.0,0.0,0.0,0.0,1.0,0.0,0.0,38;54;33;48,45,,173.0,45.0,0.0,1.0,1.0,0.0,0.0,1.0,1.0,1.0,0.0,0.0,48.0,0.9575680682672,1
2025_12_PIT_CHI,2025,REG,12,2025-11-23,Sunday,13:00,PIT,28.0,CHI,31.0,Home,3.0,59.0,0.0,2025112301,60009.0,,202511230chi,28584,401772780,6900,7,7,130.0,-155.0,3.0,-115.0,-105.0,46.5,-108.0,-112.0,0,outdoors,grass,51.0,3.0,00-0034771,00-0039918,Mason Rudolph,Caleb Williams,Mike Tomlin,Ben Johnson,John Hussey,CHI98,Soldier Field,CHI,PIT,True,REG,PIT,19.0,35.0,239.0,3.0,0.0,1.0,-10.0,1.0,1.0,328.0,98.0,11.0,0.5364274792325929,-3.924371600151062,0.0,25.0,99.0,1.0,1.0,1.0,7.0,0.2606248884694651,0.0,19.0,30.0,239.0,3.0,0.0,0.0,328.0,98.0,11.0,8.764461047074292,0.0,0.0,38.0,2.0,48.0,5.0,16.0,2.0,2.0,12.0,4.0,1.0,0.0,4.0,0.0,0.0,0.0,0.0,0.0,0.0,1.0,1.0,0.0,7.0,83.0,3.0,0.0,0.0,5.0,134.0,1.0,1.0,0.0,0.0,47.0,1.0,0.0,0.0,0.0,1.0,0.0,0.0,0.0,0.0,0.0,0.0,0.0,0.0,47,,,47.0,0.0,0.0,4.0,4.0,0.0,0.0,1.0,0.0,0.0,0.0,0.0,0.0,0.897449808285035,1
2025_13_CHI_PHI,2025,REG,13,2025-11-28,Friday,15:00,CHI,24.0,PHI,15.0,Home,-9.0,39.0,0.0,2025112800,60024.0,,202511280phi,28599,401772621,6915,5,5,270.0,-340.0,7.0,-105.0,-115.0,43.5,-115.0,-105.0,0,outdoors,grass,42.0,18.0,00-0039918,00-0036389,Caleb Williams,Jalen Hurts,Ben Johnson,Nick Sirianni,Carl Cheffers,PHI00,Lincoln Financial Field,CHI,PHI,False,REG,PHI,17.0,36.0,154.0,1.0,1.0,2.0,-10.0,0.0,0.0,252.0,75.0,10.0,-6.028513783271149,-12.467103637754917,0.0,47.0,281.0,2.0,0.0,0.0,17.0,9.551912663504481,0.0,17.0,32.0,154.0,1.0,0.0,0.0,252.0,75.0,10.0,-0.1030067569540849,0.0,0.0,27.0,0.0,20.0,1.0,3.0,1.0,0.0,0.0,1.0,1.0,0.0,3.0,0.0,0.0,0.0,0.0,0.0,0.0,1.0,1.0,0.0,4.0,35.0,2.0,1.0,12.0,2.0,58.0,1.0,1.0,0.0,0.0,30.0,1.0,0.0,0.0,1.0,0.0,0.0,0.0,0.0,0.0,0.0,0.0,0.0,0.0,30,,,30.0,0.0,0.0,3.0,3.0,0.0,0.0,1.0,0.0,0.0,0.0,0.0,0.0,0.9067850626499494,1
2025_14_CHI_GB,2025,REG,14,2025-12-07,Sunday,16:25,CHI,,GB,,Home,,,,2025120703,,,202512070gnb,28616,401772897,6932,9,10,270.0,-340.0,6.5,-105.0,-115.0,44.5,-110.0,-110.0,1,outdoors,grass,,,00-0039918,00-0036264,Caleb Williams,Jordan Love,Ben Johnson,Matt LaFleur,,GNB00,Lambeau Field,CHI,GB,False,,,,,,,,,,,,,,,,,,,,,,,,,,,,,,,,,,,,,,,,,,,,,,,,,,,,,,,,,,,,,,,,,,,,,,,,,,,,,,,,,,,,,,,,,,,,,,,,,,,,0.0182607965715682,0
2025_15_CLE_CHI,2025,REG,15,2025-12-14,Sunday,13:00,CLE,,CHI,,Home,,,,2025121400,,,202512140chi,28627,401772904,6943,7,7,340.0,-440.0,7.5,-115.0,-105.0,39.5,-108.0,-112.0,0,outdoors,grass,,,,,,,Kevin Stefanski,Ben Johnson,,CHI98,Soldier Field,CHI,CLE,True,,,,,,,,,,,,,,,,,,,,,,,,,,,,,,,,,,,,,,,,,,,,,,,,,,,,,,,,,,,,,,,,,,,,,,,,,,,,,,,,,,,,,,,,,,,,,,,,,,,,0.0165731397877506,0
2025_16_GB_CHI,2025,REG,16,2025-12-19,Friday,13:00,GB,,CHI,,Home,,,,2025121900,,,202512190chi,28643,401772613,6959,5,5,,,,,,,,,1,outdoors,grass,,,,,,,Matt LaFleur,Ben Johnson,,CHI98,Soldier Field,CHI,GB,True,,,,,,,,,,,,,,,,,,,,,,,,,,,,,,,,,,,,,,,,,,,,,,,,,,,,,,,,,,,,,,,,,,,,,,,,,,,,,,,,,,,,,,,,,,,,,,,,,,,,0.0165731397877506,0
2025_17_CHI_SF,2025,REG,17,2025-12-28,Sunday,20:20,CHI,,SF,,Home,,,,2025122806,,,202512280sfo,28672,401772935,6988,9,6,,,,,,,,,0,outdoors,grass,,,,,,,Ben Johnson,Kyle Shanahan,,SFO01,Levi's Stadium,CHI,SF,False,,,,,,,,,,,,,,,,,,,,,,,,,,,,,,,,,,,,,,,,,,,,,,,,,,,,,,,,,,,,,,,,,,,,,,,,,,,,,,,,,,,,,,,,,,,,,,,,,,,,0.0182607965715682,0
2025_18_DET_CHI,2025,REG,18,2026-01-04,Sunday,13:00,DET,,CHI,,Home,,,,2025010402,,,202501040chi,28675,401772965,6992,5,9,,,,,,,,,1,outdoors,grass,,,,,,,Dan Campbell,Ben Johnson,,CHI98,Soldier Field,CHI,DET,True,,,,,,,,,,,,,,,,,,,,,,,,,,,,,,,,,,,,,,,,,,,,,,,,,,,,,,,,,,,,,,,,,,,,,,,,,,,,,,,,,,,,,,,,,,,,,,,,,,,,0.0165731397877506,0
2025_01_CIN_CLE,2025,REG,1,2025-09-07,Sunday,13:00,CIN,17.0,CLE,16.0,Home,-1.0,33.0,0.0,2025090701,59846.0,,202509070cle,28421,401772829,6737,7,7,-238.0,195.0,-5.5,-105.0,-115.0,47.5,100.0,-120.0,1,outdoors,grass,63.0,10.0,00-0036442,00-0026158,Joe Burrow,Joe Flacco,Zac Taylor,Kevin Stefanski,Adrian Hill,CLE00,FirstEnergy Stadium,CIN,CLE,False,REG,CLE,14.0,23.0,113.0,1.0,0.0,3.0,-18.0,0.0,0.0,169.0,49.0,7.0,-0.3315927372285721,-1.9334077835083008,0.0,23.0,46.0,1.0,0.0,0.0,3.0,-5.00294650052092,0.0,14.0,23.0,113.0,1.0,0.0,0.0,169.0,49.0,7.0,2.8524588360479477,0.0,0.0,36.0,8.0,42.0,4.0,16.0,0.0,2.0,12.0,5.0,2.0,9.0,6.0,0.0,0.0,0.0,0.0,0.0,0.0,0.0,0.0,0.0,7.0,33.0,5.0,1.0,23.0,3.0,70.0,1.0,1.0,0.0,0.0,35.0,1.0,0.0,0.0,1.0,0.0,0.0,0.0,0.0,0.0,0.0,0.0,0.0,0.0,35,,,35.0,0.0,0.0,2.0,2.0,0.0,0.0,1.0,0.0,0.0,0.0,0.0,0.0,0.4397890994026889,1
2025_02_JAX_CIN,2025,REG,2,2025-09-14,Sunday,13:00,JAX,27.0,CIN,31.0,Home,4.0,58.0,0.0,2025091401,59861.0,,202509140cin,28436,401772725,6752,7,7,160.0,-192.0,3.5,-115.0,-105.0,49.5,-115.0,-105.0,0,outdoors,fieldturf,85.0,3.0,00-0036971,00-0036442,Trevor Lawrence,Joe Burrow,Liam Coen,Zac Taylor,Alan Eck,CIN00,Paycor Stadium,CIN,JAX,True,REG,JAX,28.0,45.0,317.0,3.0,3.0,3.0,-15.0,0.0,0.0,360.0,131.0,17.0,-1.8282178881594828,2.383185957753381,0.0,17.0,48.0,1.0,0.0,0.0,5.0,1.3624283743847627,0.0,28.0,43.0,317.0,3.0,0.0,0.0,360.0,131.0,17.0,3.907746543850013,0.0,0.0,43.0,0.0,26.0,2.0,14.0,0.0,1.0,10.0,4.0,2.0,4.0,8.0,0.0,0.0,0.0,0.0,0.0,0.0,0.0,0.0,0.0,3.0,29.0,3.0,1.0,11.0,6.0,154.0,1.0,1.0,0.0,0.0,31.0,1.0,0.0,0.0,1.0,0.0,0.0,0.0,0.0,0.0,0.0,0.0,0.0,0.0,31,,,31.0,0.0,0.0,4.0,4.0,0.0,0.0,1.0,0.0,0.0,0.0,0.0,0.0,0.3151108059172312,1
2025_03_CIN_MIN,2025,REG,3,2025-09-21,Sunday,13:00,CIN,10.0,MIN,48.0,Home,38.0,58.0,0.0,2025092103,59879.0,,202509210min,28455,401772731,6770,7,7,136.0,-162.0,3.0,-110.0,-110.0,41.5,-105.0,-115.0,0,dome,sportturf,,,00-0035100,00-0032950,Jake Browning,Carson Wentz,Zac Taylor,Kevin O'Connell,Ron Torbert,MIN01,U.S. Bank Stadium,CIN,MIN,False,REG,MIN,19.0,27.0,140.0,1.0,2.0,4.0,-22.0,0.0,0.0,129.0,84.0,6.0,-19.309545476528342,0.3612574476462144,0.0,21.0,53.0,0.0,2.0,1.0,3.0,-7.13378103642026,0.0,19.0,26.0,140.0,1.0,3.0,2.0,129.0,84.0,6.0,-25.62604194712219,0.0,0.0,40.0,1.0,31.0,3.0,10.0,1.0,3.0,19.0,5.0,0.0,0.0,1.0,0.0,0.0,0.0,0.0,2.0,2.0,0.0,0.0,0.0,4.0,45.0,4.0,1.0,9.0,7.0,149.0,1.0,1.0,0.0,0.0,45.0,1.0,0.0,0.0,0.0,1.0,0.0,0.0,0.0,0.0,0.0,0.0,0.0,0.0,45,,,45.0,0.0,0.0,1.0,1.0,0.0,0.0,1.0,0.0,0.0,0.0,0.0,0.0,0.0123796787933216,0
2025_04_CIN_DEN,2025,REG,4,2025-09-29,Monday,20:15,CIN,3.0,DEN,28.0,Home,25.0,31.0,0.0,2025092901,59906.0,,202509290den,28480,401772716,6797,8,8,360.0,-470.0,7.5,-115.0,-105.0,44.5,-115.0,-105.0,0,outdoors,grass,66.0,12.0,00-0035100,00-0039732,Jake Browning,Bo Nix,Zac Taylor,Sean Payton,Alex Moore,DEN00,Empower Field at Mile High,CIN,DEN,False,REG,DEN,14.0,25.0,125.0,0.0,0.0,3.0,-19.0,0.0,0.0,200.0,68.0,3.0,-10.354677599800777,-4.895710132338784,0.0,15.0,53.0,0.0,0.0,0.0,3.0,-0.4126466710004024,0.0,14.0,22.0,125.0,0.0,0.0,0.0,200.0,68.0,3.0,-3.4182781334426515,0.0,0.0,42.0,1.0,45.0,1.0,2.0,0.0,0.0,0.0,1.0,1.0,0.0,2.0,0.0,0.0,0.0,0.0,0.0,0.0,0.0,0.0,0.0,11.0,65.0,1.0,1.0,16.0,2.0,48.0,1.0,1.0,0.0,0.0,26.0,1.0,0.0,1.0,0.0,0.0,0.0,0.0,0.0,0.0,0.0,0.0,0.0,0.0,26,,,26.0,0.0,0.0,0.0,0.0,0.0,0.0,,0.0,0.0,0.0,0.0,0.0,0.0133910452026995,0
2025_05_DET_CIN,2025,REG,5,2025-10-05,Sunday,16:25,DET,37.0,CIN,24.0,Home,-13.0,61.0,0.0,2025100509,59917.0,,202510050cin,28492,401772854,6808,7,6,-575.0,425.0,-10.5,-102.0,-118.0,49.5,-112.0,-108.0,0,outdoors,fieldturf,84.0,7.0,00-0033106,00-0035100,Jared Goff,Jake Browning,Dan Campbell,Zac Taylor,Carl Cheffers,CIN00,Paycor Stadium,CIN,DET,True,REG,DET,26.0,40.0,251.0,3.0,3.0,2.0,-14.0,1.0,0.0,339.0,93.0,12.0,-8.766111446794405,0.007850751280784607,0.0,16.0,85.0,0.0,0.0,0.0,4.0,1.802048583922442,0.0,26.0,40.0,251.0,3.0,1.0,0.0,339.0,93.0,12.0,-5.341994787699824,0.0,0.0,33.0,3.0,45.0,6.0,20.0,1.0,4.0,14.0,7.0,0.0,0.0,1.0,0.0,0.0,0.0,0.0,2.0,2.0,1.0,1.0,0.0,6.0,30.0,4.0,1.0,6.0,6.0,154.0,1.0,1.0,0.0,0.0,50.0,1.0,0.0,0.0,0.0,0.0,1.0,0.0,0.0,0.0,0.0,0.0,0.0,0.0,50,,,50.0,0.0,0.0,3.0,3.0,0.0,0.0,1.0,0.0,0.0,0.0,0.0,0.0,0.2270067150212955,0
2025_06_CIN_GB,2025,REG,6,2025-10-12,Sunday,16:25,CIN,18.0,GB,27.0,Home,9.0,45.0,0.0,2025101209,59931.0,,202510120gnb,28506,401772752,6822,7,14,650.0,-1000.0,14.0,-110.0,-110.0,44.5,-110.0,-110.0,0,outdoors,grass,64.0,14.0,00-0026158,00-0036264,Joe Flacco,Jordan Love,Zac Taylor,Matt LaFleur,Brad Allen,GNB00,Lambeau Field,CIN,GB,False,REG,GB,29.0,45.0,219.0,2.0,0.0,1.0,-6.0,0.0,0.0,269.0,93.0,12.0,6.496397113490076,4.669453985989094,1.0,16.0,55.0,0.0,0.0,0.0,5.0,-0.8384554347139783,0.0,29.0,40.0,219.0,2.0,0.0,0.0,269.0,93.0,12.0,9.596806323075093,1.0,0.0,42.0,0.0,28.0,4.0,10.0,0.0,1.0,3.0,4.0,1.0,25.0,6.0,0.0,0.0,0.0,0.0,0.0,0.0,0.0,0.0,0.0,3.0,17.0,5.0,1.0,13.0,4.0,90.0,1.0,3.0,2.0,0.0,45.0,0.3333333333333333,0.0,0.0,0.0,1.0,0.0,0.0,0.0,0.0,0.0,0.0,1.0,1.0,45,67;56,,45.0,123.0,0.0,1.0,1.0,0.0,0.0,1.0,0.0,0.0,0.0,0.0,0.0,0.1018328339096895,0
2025_07_PIT_CIN,2025,REG,7,2025-10-16,Thursday,20:15,PIT,31.0,CIN,33.0,Home,2.0,64.0,0.0,2025101600,59936.0,,202510160cin,28511,401772941,6827,4,4,-245.0,200.0,-5.5,-105.0,-115.0,45.5,-115.0,-105.0,1,outdoors,fieldturf,60.0,5.0,00-0023459,00-0026158,Aaron Rodgers,Joe Flacco,Mike Tomlin,Zac Taylor,Clay Martin,CIN00,Paycor Stadium,CIN,PIT,True,REG,PIT,31.0,47.0,342.0,3.0,0.0,2.0,-14.0,0.0,0.0,337.0,168.0,16.0,15.144058558264483,1.6087773773405287,0.0,23.0,142.0,0.0,0.0,0.0,8.0,5.462086787905845,0.0,31.0,45.0,342.0,3.0,0.0,0.0,337.0,168.0,16.0,20.588876117024142,0.0,0.0,33.0,0.0,28.0,2.0,11.0,0.0,0.0,0.0,2.0,2.0,0.0,6.0,0.0,0.0,0.0,0.0,0.0,0.0,0.0,0.0,0.0,4.0,35.0,6.0,0.0,0.0,5.0,128.0,4.0,4.0,0.0,0.0,49.0,1.0,0.0,1.0,1.0,2.0,0.0,0.0,0.0,0.0,0.0,0.0,0.0,0.0,49;23;45;36,,,153.0,0.0,0.0,3.0,3.0,0.0,0.0,1.0,1.0,1.0,0.0,0.0,36.0,0.9809214448379302,1
2025_08_NYJ_CIN,2025,REG,8,2025-10-26,Sunday,13:00,NYJ,39.0,CIN,38.0,Home,-1.0,77.0,0.0,2025102603,59955.0,,202510260cin,28530,401772758,6846,7,10,210.0,-258.0,5.5,-112.0,-108.0,43.5,-102.0,-118.0,0,outdoors,fieldturf,57.0,8.0,00-0036945,00-0026158,Justin Fields,Joe Flacco,Aaron Glenn,Zac Taylor,Scott Novak,CIN00,Paycor Stadium,CIN,NYJ,True,REG,NYJ,21.0,34.0,223.0,2.0,0.0,1.0,-6.0,0.0,0.0,216.0,152.0,11.0,3.1859004099274553,-8.001695799105095,0.0,23.0,181.0,3.0,0.0,0.0,12.0,12.15586738823913,0.0,21.0,33.0,223.0,2.0,0.0,0.0,216.0,152.0,11.0,6.399961093196509,0.0,0.0,43.0,1.0,39.0,3.0,4.0,0.0,0.0,0.0,1.0,0.0,0.0,4.0,0.0,0.0,0.0,0.0,0.0,0.0,0.0,0.0,0.0,2.0,15.0,1.0,0.0,0.0,5.0,114.0,1.0,1.0,0.0,0.0,26.0,1.0,0.0,1.0,0.0,0.0,0.0,0.0,0.0,0.0,0.0,0.0,0.0,0.0,26,,,26.0,0.0,0.0,5.0,5.0,0.0,0.0,1.0,0.0,0.0,0.0,0.0,0.0,0.9398225145789356,0
2025_09_CHI_CIN,2025,REG,9,2025-11-02,Sunday,13:00,CHI,47.0,CIN,42.0,Home,-5.0,89.0,0.0,2025110200,59965.0,,202511020cin,28540,401772765,6856,7,7,-162.0,136.0,-3.0,-105.0,-115.0,51.5,-108.0,-112.0,0,outdoors,fieldturf,50.0,6.0,00-0039918,00-0026158,Caleb Williams,Joe Flacco,Ben Johnson,Zac Taylor,Clete Blakeman,CIN00,Paycor Stadium,CIN,CHI,True,REG,CHI,31.0,47.0,470.0,4.0,2.0,3.0,-21.0,1.0,1.0,427.0,183.0,22.0,16.731745319796122,2.815685404671563,1.0,15.0,46.0,0.0,0.0,0.0,3.0,-1.7252477626898326,0.0,31.0,45.0,470.0,4.0,0.0,0.0,427.0,183.0,22.0,28.404808962252602,1.0,1.0,37.0,0.0,48.0,2.0,9.0,0.0,2.0,9.0,7.0,0.0,0.0,6.0,0.0,0.0,0.0,0.0,0.0,0.0,0.0,0.0,0.0,7.0,49.0,7.0,2.0,12.0,8.0,297.0,2.0,3.0,1.0,0.0,41.0,0.6666666666666666,0.0,0.0,1.0,1.0,0.0,0.0,0.0,0.0,0.0,0.0,1.0,0.0,41;33,54,,74.0,54.0,0.0,4.0,4.0,0.0,0.0,1.0,0.0,0.0,0.0,0.0,0.0,0.6821721402603564,0
2025_11_CIN_PIT,2025,REG,11,2025-11-16,Sunday,13:00,CIN,12.0,PIT,34.0,Home,22.0,46.0,0.0,2025111606,59999.0,,202511160pit,28575,401772774,6890,14,7,205.0,-250.0,5.5,-108.0,-112.0,48.5,-110.0,-110.0,1,outdoors,grass,46.0,17.0,00-0026158,00-0023459,Joe Flacco,Aaron Rodgers,Zac Taylor,Mike Tomlin,Bill Vinovich,PIT00,Acrisure Stadium,CIN,PIT,False,REG,PIT,23.0,40.0,199.0,1.0,1.0,1.0,-7.0,0.0,0.0,285.0,97.0,9.0,-9.329388562074028,-9.606239810968058,0.0,22.0,105.0,0.0,0.0,0.0,6.0,2.4209369140882044,0.0,23.0,39.0,199.0,1.0,1.0,1.0,285.0,97.0,9.0,-15.437296799799524,0.0,0.0,33.0,2.0,36.0,3.0,13.0,0.0,1.0,11.0,4.0,0.0,0.0,3.0,0.0,0.0,0.0,0.0,0.0,0.0,0.0,0.0,0.0,8.0,67.0,4.0,1.0,4.0,6.0,138.0,2.0,2.0,0.0,0.0,48.0,1.0,0.0,0.0,0.0,2.0,0.0,0.0,0.0,0.0,0.0,0.0,0.0,0.0,43;48,,,91.0,0.0,0.0,0.0,0.0,0.0,0.0,,0.0,0.0,0.0,0.0,0.0,0.0417607539157035,0
2025_12_NE_CIN,2025,REG,12,2025-11-23,Sunday,13:00,NE,26.0,CIN,20.0,Home,-6.0,46.0,0.0,2025112302,60010.0,,202511230cin,28585,401772781,6901,10,7,-395.0,310.0,-7.5,-108.0,-112.0,50.5,-102.0,-118.0,0,outdoors,fieldturf,54.0,7.0,00-0039851,00-0026158,Drake Maye,Joe Flacco,Mike Vrabel,Zac Taylor,Land Clark,CIN00,Paycor Stadium,CIN,NE,True,REG,NE,20.0,38.0,197.0,1.0,1.0,1.0,-10.0,0.0,0.0,336.0,60.0,10.0,-13.637724538918853,-5.871537766035865,0.0,23.0,120.0,0.0,0.0,0.0,8.0,1.6494273685384542,0.0,20.0,34.0,197.0,1.0,0.0,0.0,336.0,60.0,10.0,-7.9937777468325,0.0,0.0,33.0,0.0,48.0,3.0,11.0,0.0,1.0,9.0,3.0,1.0,32.0,5.0,1.0,0.0,0.0,0.0,0.0,0.0,0.0,0.0,0.0,6.0,65.0,6.0,2.0,14.0,5.0,116.0,2.0,2.0,0.0,0.0,63.0,1.0,0.0,0.0,0.0,0.0,1.0,1.0,0.0,0.0,0.0,0.0,0.0,0.0,54;63,,,117.0,0.0,0.0,2.0,2.0,0.0,0.0,1.0,0.0,0.0,0.0,0.0,0.0,0.2271334531304942,0
2025_13_CIN_BAL,2025,REG,13,2025-11-27,Thursday,20:20,CIN,32.0,BAL,14.0,Home,-18.0,46.0,0.0,2025112702,60023.0,,202511270rav,28598,401772930,6914,4,4,295.0,-375.0,7.0,100.0,-120.0,52.5,-115.0,-105.0,1,outdoors,grass,38.0,11.0,00-0036442,00-0034796,Joe Burrow,Lamar Jackson,Zac Taylor,John Harbaugh,Craig Wrolstad,BAL00,M&T Bank Stadium,CIN,BAL,False,REG,BAL,24.0,46.0,261.0,2.0,0.0,1.0,-7.0,0.0,0.0,380.0,99.0,11.0,6.142689269761428,-5.978283557024869,0.0,33.0,128.0,0.0,1.0,1.0,8.0,-6.33041781163212,0.0,24.0,44.0,261.0,2.0,0.0,0.0,380.0,99.0,11.0,8.758711035972334,0.0,0.0,32.0,0.0,24.0,2.0,18.0,3.0,2.0,18.0,5.0,1.0,39.0,6.0,0.0,0.0,0.0,0.0,0.0,0.0,3.0,3.0,0.0,6.0,35.0,6.0,2.0,19.0,3.0,59.0,6.0,6.0,0.0,0.0,52.0,1.0,0.0,1.0,2.0,2.0,1.0,0.0,0.0,0.0,0.0,0.0,0.0,0.0,31;42;24;33;52;41,,,223.0,0.0,0.0,2.0,2.0,0.0,0.0,1.0,0.0,0.0,0.0,0.0,0.0,0.997013980793378,1
2025_14_CIN_BUF,2025,REG,14,2025-12-07,Sunday,13:00,CIN,,BUF,,Home,,,,2025120710,,,202512070buf,28623,401772902,6939,10,7,220.0,-270.0,5.5,100.0,-120.0,53.5,-108.0,-112.0,0,outdoors,a_turf,,,00-0036442,00-0034857,Joe Burrow,Josh Allen,Zac Taylor,Sean McDermott,,BUF00,New Era Field,CIN,BUF,False,,,,,,,,,,,,,,,,,,,,,,,,,,,,,,,,,,,,,,,,,,,,,,,,,,,,,,,,,,,,,,,,,,,,,,,,,,,,,,,,,,,,,,,,,,,,,,,,,,,,0.0182607965715682,0
2025_15_BAL_CIN,2025,REG,15,2025-12-14,Sunday,13:00,BAL,,CIN,,Home,,,,2025121401,,,202512140cin,28628,401772796,6944,7,7,-155.0,130.0,-2.5,-120.0,100.0,51.5,-110.0,-110.0,1,outdoors,fieldturf,,,,,,,John Harbaugh,Zac Taylor,,CIN00,Paycor Stadium,CIN,BAL,True,,,,,,,,,,,,,,,,,,,,,,,,,,,,,,,,,,,,,,,,,,,,,,,,,,,,,,,,,,,,,,,,,,,,,,,,,,,,,,,,,,,,,,,,,,,,,,,,,,,,0.0165731397877506,0
2025_16_CIN_MIA,2025,REG,16,2025-12-21,Sunday,20:20,CIN,,MIA,,Home,,,,2025122111,,,202512210mia,28656,401772934,6972,7,6,,,,,,,,,0,outdoors,grass,,,,,,,Zac Taylor,Mike McDaniel,,MIA00,Hard Rock Stadium,CIN,MIA,False,,,,,,,,,,,,,,,,,,,,,,,,,,,,,,,,,,,,,,,,,,,,,,,,,,,,,,,,,,,,,,,,,,,,,,,,,,,,,,,,,,,,,,,,,,,,,,,,,,,,0.0182607965715682,0
2025_17_ARI_CIN,2025,REG,17,2025-12-28,Sunday,13:00,ARI,,CIN,,Home,,,,2025122801,,,202512280cin,28662,401772954,6978,7,7,,,,,,,,,0,outdoors,fieldturf,,,,,,,Jonathan Gannon,Zac Taylor,,CIN00,Paycor Stadium,CIN,ARI,True,,,,,,,,,,,,,,,,,,,,,,,,,,,,,,,,,,,,,,,,,,,,,,,,,,,,,,,,,,,,,,,,,,,,,,,,,,,,,,,,,,,,,,,,,,,,,,,,,,,,0.0165731397877506,0
2025_18_CLE_CIN,2025,REG,18,2026-01-04,Sunday,13:00,CLE,,CIN,,Home,,,,2025010403,,,202501040cin,28676,401772964,6993,6,7,,,,,,,,,1,outdoors,fieldturf,,,,,,,Kevin Stefanski,Zac Taylor,,CIN00,Paycor Stadium,CIN,CLE,True,,,,,,,,,,,,,,,,,,,,,,,,,,,,,,,,,,,,,,,,,,,,,,,,,,,,,,,,,,,,,,,,,,,,,,,,,,,,,,,,,,,,,,,,,,,,,,,,,,,,0.0165731397877506,0
2025_01_CIN_CLE,2025,REG,1,2025-09-07,Sunday,13:00,CIN,17.0,CLE,16.0,Home,-1.0,33.0,0.0,2025090701,59846.0,,202509070cle,28421,401772829,6737,7,7,-238.0,195.0,-5.5,-105.0,-115.0,47.5,100.0,-120.0,1,outdoors,grass,63.0,10.0,00-0036442,00-0026158,Joe Burrow,Joe Flacco,Zac Taylor,Kevin Stefanski,Adrian Hill,CLE00,FirstEnergy Stadium,CLE,CIN,True,REG,CIN,31.0,45.0,290.0,1.0,2.0,2.0,-12.0,0.0,0.0,273.0,173.0,13.0,-1.8421275162300694,2.374263036818731,0.0,24.0,49.0,1.0,0.0,0.0,5.0,-1.7932241758680902,0.0,31.0,42.0,290.0,1.0,0.0,0.0,273.0,173.0,13.0,2.4569541283417493,0.0,0.0,31.0,4.0,22.0,8.0,30.0,0.0,3.0,18.0,7.0,0.0,0.0,5.0,0.0,0.0,0.0,0.0,0.0,0.0,0.0,0.0,0.0,7.0,53.0,4.0,3.0,41.0,4.0,105.0,1.0,2.0,1.0,0.0,45.0,0.5,0.0,0.0,0.0,1.0,0.0,0.0,0.0,0.0,1.0,0.0,0.0,0.0,45,36,,45.0,36.0,0.0,1.0,2.0,1.0,0.0,0.5,0.0,0.0,0.0,0.0,0.0,0.0588614801030892,0
2025_02_CLE_BAL,2025,REG,2,2025-09-14,Sunday,13:00,CLE,17.0,BAL,41.0,Home,24.0,58.0,0.0,2025091400,59860.0,,202509140rav,28435,401772726,6751,7,7,600.0,-900.0,12.5,-105.0,-115.0,46.5,-110.0,-110.0,1,outdoors,grass,82.0,3.0,00-0026158,00-0034796,Joe Flacco,Lamar Jackson,Kevin Stefanski,John Harbaugh,Brad Allen,BAL00,M&T Bank Stadium,CLE,BAL,False,REG,BAL,28.0,48.0,218.0,2.0,1.0,2.0,-11.0,1.0,1.0,312.0,96.0,10.0,-23.316518904513376,-0.20086452728364526,0.0,22.0,115.0,0.0,0.0,0.0,7.0,4.384331928042229,0.0,28.0,41.0,218.0,2.0,0.0,0.0,312.0,96.0,10.0,-7.277298573160242,0.0,0.0,25.0,3.0,29.0,5.0,25.0,1.0,3.0,28.0,5.0,0.0,0.0,5.0,0.0,0.0,0.0,0.0,0.0,0.0,0.0,0.0,0.0,6.0,42.0,2.0,1.0,0.0,5.0,94.0,1.0,1.0,0.0,0.0,38.0,1.0,0.0,0.0,1.0,0.0,0.0,0.0,0.0,0.0,0.0,0.0,0.0,0.0,38,,,38.0,0.0,0.0,2.0,2.0,0.0,0.0,1.0,0.0,0.0,0.0,0.0,0.0,0.2334928341125658,0
2025_03_GB_CLE,2025,REG,3,2025-09-21,Sunday,13:00,GB,10.0,CLE,13.0,Home,3.0,23.0,0.0,2025092101,59877.0,,202509210cle,28453,401772842,6768,10,7,-470.0,360.0,-8.5,-102.0,-118.0,41.5,-115.0,-105.0,0,outdoors,grass,79.0,10.0,00-0036264,00-0026158,Jordan Love,Joe Flacco,Matt LaFleur,Kevin Stefanski,Carl Cheffers,CLE00,FirstEnergy Stadium,CLE,GB,True,REG,GB,21.0,36.0,142.0,0.0,1.0,2.0,-17.0,0.0,0.0,254.0,68.0,7.0,-8.7097985782642,-3.435839441689578,0.0,19.0,96.0,1.0,0.0,0.0,5.0,0.6838430766802048,0.0,21.0,33.0,142.0,0.0,0.0,0.0,254.0,68.0,7.0,-3.458036292444406,0.0,0.0,35.0,6.0,36.0,6.0,26.0,1.0,5.0,34.0,7.0,1.0,25.0,2.0,0.0,0.0,0.0,0.0,0.0,0.0,0.0,0.0,0.0,8.0,90.0,5.0,2.0,15.0,2.0,55.0,2.0,2.0,0.0,0.0,55.0,1.0,0.0,0.0,1.0,0.0,1.0,0.0,0.0,0.0,0.0,0.0,0.0,0.0,35;55,,,90.0,0.0,0.0,1.0,1.0,0.0,0.0,1.0,1.0,1.0,0.0,0.0,55.0,0.3516550529593136,1
2025_04_CLE_DET,2025,REG,4,2025-09-28,Sunday,13:00,CLE,10.0,DET,34.0,Home,24.0,44.0,0.0,2025092803,59895.0,,202509280det,28470,401772846,6786,7,6,410.0,-550.0,10.0,-108.0,-112.0,44.5,-115.0,-105.0,0,dome,fieldturf,,,00-0026158,00-0033106,Joe Flacco,Jared Goff,Kevin Stefanski,Dan Campbell,Shawn Smith,DET00,Ford Field,CLE,DET,False,REG,DET,16.0,35.0,184.0,0.0,2.0,3.0,-14.0,1.0,1.0,347.0,79.0,8.0,-21.16030394306809,-16.38901338857763,0.0,27.0,79.0,1.0,0.0,0.0,7.0,-2.0744296844350174,0.0,16.0,34.0,184.0,0.0,0.0,0.0,347.0,79.0,8.0,-13.124354389937897,0.0,0.0,29.0,2.0,32.0,4.0,8.0,0.0,0.0,0.0,5.0,1.0,13.0,1.0,0.0,1.0,0.0,0.0,1.0,1.0,0.0,0.0,0.0,6.0,44.0,1.0,1.0,0.0,5.0,129.0,1.0,2.0,1.0,0.0,33.0,0.5,0.0,0.0,1.0,0.0,0.0,0.0,0.0,0.0,0.0,0.0,1.0,0.0,33,56,,33.0,56.0,0.0,1.0,1.0,0.0,0.0,1.0,0.0,0.0,0.0,0.0,0.0,0.0450606359827831,0
2025_05_MIN_CLE,2025,REG,5,2025-10-05,Sunday,09:30,MIN,21.0,CLE,17.0,Neutral,-4.0,38.0,0.0,2025100500,59908.0,,202510050cle,28483,401772633,6799,7,7,-198.0,164.0,-3.5,-110.0,-110.0,35.5,-112.0,-108.0,0,outdoors,grass,61.0,14.0,00-0032950,00-0040704,Carson Wentz,Dillon Gabriel,Kevin O'Connell,Kevin Stefanski,Scott Novak,CLE00,FirstEnergy Stadium,CLE,MIN,True,REG,MIN,19.0,33.0,190.0,2.0,0.0,2.0,-8.0,0.0,0.0,208.0,103.0,9.0,-2.2798502849765976,-6.815527845174074,0.0,32.0,140.0,0.0,0.0,0.0,9.0,1.4644650935661048,0.0,19.0,32.0,190.0,2.0,0.0,0.0,208.0,103.0,9.0,0.5207758772883642,0.0,0.0,33.0,3.0,39.0,6.0,24.0,2.0,3.0,16.0,3.0,0.0,0.0,3.0,0.0,0.0,0.0,0.0,0.0,0.0,2.0,2.0,0.0,10.0,78.0,6.0,3.0,31.0,3.0,78.0,1.0,1.0,0.0,0.0,31.0,1.0,0.0,0.0,1.0,0.0,0.0,0.0,0.0,0.0,0.0,0.0,0.0,0.0,31,,,31.0,0.0,0.0,2.0,2.0,0.0,0.0,1.0,0.0,0.0,0.0,0.0,0.0,0.500355783967882,0
2025_06_CLE_PIT,2025,REG,6,2025-10-12,Sunday,13:00,CLE,9.0,PIT,23.0,Home,14.0,32.0,0.0,2025101206,59928.0,,202510120pit,28503,401772748,6819,7,14,225.0,-278.0,5.5,100.0,-120.0,37.5,100.0,-120.0,1,outdoors,grass,64.0,8.0,00-0040704,00-0023459,Dillon Gabriel,Aaron Rodgers,Kevin Stefanski,Mike Tomlin,Ron Torbert,PIT00,Acrisure Stadium,CLE,PIT,False,REG,PIT,29.0,52.0,221.0,0.0,0.0,6.0,-38.0,0.0,0.0,314.0,105.0,10.0,-13.877616212263888,-10.223544111438827,0.0,17.0,65.0,0.0,0.0,0.0,7.0,-0.024536368378903717,0.0,29.0,51.0,221.0,0.0,0.0,0.0,314.0,105.0,10.0,-3.890407581898102,0.0,0.0,33.0,4.0,30.0,6.0,15.0,1.0,0.0,0.0,3.0,0.0,0.0,3.0,0.0,0.0,0.0,0.0,0.0,0.0,0.0,0.0,0.0,6.0,44.0,7.0,1.0,9.0,6.0,146.0,3.0,3.0,0.0,0.0,53.0,1.0,0.0,0.0,2.0,0.0,1.0,0.0,0.0,0.0,0.0,0.0,0.0,0.0,31;53;32,,,116.0,0.0,0.0,0.0,0.0,0.0,0.0,,0.0,0.0,0.0,0.0,0.0,0.0314481034495315,0
2025_07_MIA_CLE,2025,REG,7,2025-10-19,Sunday,13:00,MIA,6.0,CLE,31.0,Home,25.0,37.0,0.0,2025101902,59939.0,,202510190cle,28514,401772754,6830,7,7,124.0,-148.0,2.5,-102.0,-118.0,34.5,-112.0,-108.0,0,outdoors,grass,65.0,17.0,00-0036212,00-0040704,Tua Tagovailoa,Dillon Gabriel,Mike McDaniel,Kevin Stefanski,Shawn Hochuli,CLE00,FirstEnergy Stadium,CLE,MIA,True,REG,MIA,13.0,18.0,116.0,0.0,0.0,2.0,-14.0,0.0,0.0,86.0,86.0,6.0,0.8498010866597445,0.2349817090564304,0.0,33.0,104.0,3.0,0.0,0.0,5.0,-7.062179934291635,0.0,13.0,18.0,116.0,0.0,1.0,0.0,86.0,86.0,6.0,3.8811960366575198,0.0,0.0,35.0,2.0,24.0,11.0,48.0,2.0,4.0,33.0,6.0,3.0,59.0,6.0,1.0,0.0,0.0,0.0,1.0,1.0,1.0,1.0,0.0,5.0,37.0,1.0,2.0,7.0,2.0,37.0,1.0,1.0,0.0,0.0,30.0,1.0,0.0,0.0,1.0,0.0,0.0,0.0,0.0,0.0,0.0,0.0,0.0,0.0,30,,,30.0,0.0,0.0,4.0,4.0,0.0,0.0,1.0,0.0,0.0,0.0,0.0,0.0,0.9839898763507838,1
2025_08_CLE_NE,2025,REG,8,2025-10-26,Sunday,13:00,CLE,13.0,NE,32.0,Home,19.0,45.0,0.0,2025102605,59957.0,,202510260nwe,28532,401772868,6848,7,7,300.0,-380.0,7.0,-115.0,-105.0,40.5,-115.0,-105.0,0,outdoors,fieldturf,53.0,7.0,00-0040704,00-0039851,Dillon Gabriel,Drake Maye,Kevin Stefanski,Mike Vrabel,Alex Moore,BOS00,Gillette Stadium,CLE,NE,False,REG,NE,21.0,35.0,156.0,2.0,2.0,1.0,-11.0,0.0,0.0,195.0,88.0,7.0,-19.84580293446636,-5.337651480327953,0.0,16.0,68.0,0.0,0.0,0.0,4.0,1.350315963383764,0.0,21.0,33.0,156.0,2.0,0.0,0.0,195.0,88.0,7.0,-16.99213274833603,0.0,0.0,39.0,2.0,32.0,11.0,52.0,2.0,6.0,37.0,8.0,1.0,7.0,3.0,0.0,0.0,0.0,0.0,0.0,0.0,1.0,1.0,0.0,5.0,31.0,3.0,1.0,7.0,6.0,131.0,0.0,1.0,1.0,0.0,,0.0,0.0,0.0,0.0,0.0,0.0,0.0,0.0,0.0,0.0,1.0,0.0,0.0,,47,,0.0,47.0,0.0,1.0,1.0,0.0,0.0,1.0,0.0,0.0,0.0,0.0,0.0,0.1488717075548935,0
2025_10_CLE_NYJ,2025,REG,10,2025-11-09,Sunday,13:00,CLE,20.0,NYJ,27.0,Home,7.0,47.0,0.0,2025110906,59985.0,,202511090nyj,28560,401772769,6876,14,14,-130.0,110.0,-1.5,-115.0,-105.0,37.5,-115.0,-105.0,0,outdoors,fieldturf,62.0,12.0,00-0040704,00-0028118,Dillon Gabriel,Tyrod Taylor,Kevin Stefanski,Aaron Glenn,Shawn Smith,NYC01,MetLife Stadium,CLE,NYJ,False,REG,NYJ,17.0,32.0,167.0,2.0,0.0,6.0,-47.0,0.0,0.0,200.0,76.0,8.0,-7.389529405771441,-16.412143409252167,0.0,32.0,158.0,0.0,0.0,0.0,11.0,1.6219668702688068,0.0,17.0,32.0,167.0,2.0,0.0,0.0,200.0,76.0,8.0,2.483613988024398,0.0,0.0,28.0,3.0,33.0,10.0,41.0,0.0,3.0,12.0,8.0,1.0,15.0,5.0,0.0,0.0,0.0,0.0,0.0,0.0,0.0,0.0,0.0,10.0,78.0,6.0,1.0,15.0,5.0,126.0,2.0,2.0,0.0,0.0,45.0,1.0,0.0,1.0,0.0,1.0,0.0,0.0,0.0,0.0,0.0,0.0,0.0,0.0,45;29,,,74.0,0.0,0.0,2.0,2.0,0.0,0.0,1.0,0.0,0.0,0.0,0.0,0.0,0.7753726227960583,0
2025_11_BAL_CLE,2025,REG,11,2025-11-16,Sunday,16:25,BAL,23.0,CLE,16.0,Home,-7.0,39.0,0.0,2025111610,60003.0,,202511160cle,28579,401772777,6894,7,7,-440.0,340.0,-7.5,-105.0,-115.0,37.5,-105.0,-115.0,1,outdoors,grass,44.0,20.0,00-0034796,00-0040704,Lamar Jackson,Dillon Gabriel,John Harbaugh,Kevin Stefanski,Land Clark,CLE00,FirstEnergy Stadium,CLE,BAL,True,REG,BAL,11.0,26.0,115.0,0.0,1.0,3.0,-34.0,1.0,0.0,166.0,44.0,4.0,-16.992960960317276,-20.817376732826233,0.0,25.0,106.0,0.0,0.0,0.0,5.0,-5.0989603328634985,0.0,11.0,25.0,115.0,0.0,0.0,0.0,166.0,44.0,4.0,-8.980520679095632,0.0,0.0,40.0,1.0,23.0,10.0,34.0,0.0,5.0,26.0,7.0,2.0,32.0,3.0,1.0,0.0,0.0,0.0,1.0,1.0,1.0,1.0,0.0,5.0,41.0,4.0,2.0,18.0,5.0,123.0,3.0,3.0,0.0,0.0,46.0,1.0,0.0,1.0,1.0,1.0,0.0,0.0,0.0,0.0,0.0,0.0,0.0,0.0,30;24;46,,,100.0,0.0,0.0,1.0,1.0,0.0,0.0,1.0,0.0,0.0,0.0,0.0,0.0,0.6876521537571467,0
2025_12_CLE_LV,2025,REG,12,2025-11-23,Sunday,16:05,CLE,24.0,LV,10.0,Home,-14.0,34.0,0.0,2025112308,60016.0,,202511230rai,28591,401772784,6907,7,6,136.0,-162.0,3.0,-105.0,-115.0,35.5,-102.0,-118.0,0,dome,grass,,,00-0040668,00-0030565,Shedeur Sanders,Geno Smith,Kevin Stefanski,Pete Carroll,Shawn Hochuli,VEG00,Allegiant Stadium,CLE,LV,False,REG,LV,11.0,20.0,209.0,1.0,1.0,1.0,-3.0,0.0,0.0,195.0,146.0,4.0,1.9820752221727345,-6.131654812230004,0.0,27.0,64.0,2.0,0.0,0.0,4.0,-7.63632237771526,0.0,11.0,18.0,209.0,1.0,1.0,1.0,195.0,146.0,4.0,0.26890087615322056,0.0,0.0,41.0,4.0,44.0,13.0,72.0,2.0,10.0,77.0,20.0,0.0,0.0,5.0,0.0,0.0,0.0,0.0,0.0,0.0,1.0,1.0,0.0,8.0,77.0,2.0,4.0,61.0,3.0,86.0,1.0,1.0,0.0,0.0,53.0,1.0,0.0,0.0,0.0,0.0,1.0,0.0,0.0,0.0,0.0,0.0,0.0,0.0,53,,,53.0,0.0,0.0,3.0,3.0,0.0,0.0,1.0,0.0,0.0,0.0,0.0,0.0,0.965450896814012,1
2025_13_SF_CLE,2025,REG,13,2025-11-30,Sunday,13:00,SF,26.0,CLE,8.0,Home,-18.0,34.0,0.0,2025113001,60026.0,,202511300cle,28601,401772785,6917,6,7,-250.0,205.0,-5.5,-108.0,-112.0,35.5,-112.0,-108.0,0,outdoors,grass,35.0,20.0,00-0037834,00-0040668,Brock Purdy,Shedeur Sanders,Kyle Shanahan,Kevin Stefanski,Brad Allen,CLE00,FirstEnergy Stadium,CLE,SF,True,REG,SF,17.0,26.0,149.0,1.0,0.0,3.0,-34.0,0.0,0.0,173.0,76.0,7.0,-4.5155445886193775,1.3269964767538982,0.0,31.0,138.0,0.0,1.0,1.0,9.0,-7.403730211270042,1.0,17.0,23.0,149.0,1.0,0.0,0.0,173.0,76.0,7.0,3.8313091485761106,0.0,0.0,27.0,1.0,45.0,4.0,13.0,0.0,1.0,7.0,7.0,0.0,0.0,3.0,0.0,3.0,0.0,0.0,2.0,3.0,0.0,0.0,0.0,4.0,25.0,3.0,3.0,3.0,4.0,73.0,0.0,0.0,0.0,0.0,,,0.0,0.0,0.0,0.0,0.0,0.0,0.0,0.0,0.0,0.0,0.0,0.0,,,,0.0,0.0,0.0,0.0,0.0,0.0,0.0,,0.0,0.0,0.0,0.0,0.0,0.023427469430985,0
2025_14_TEN_CLE,2025,REG,14,2025-12-07,Sunday,13:00,TEN,,CLE,,Home,,,,2025120702,,,202512070cle,28615,401772898,6931,7,7,170.0,-205.0,4.5,-115.0,-105.0,33.5,-105.0,-115.0,0,outdoors,grass,,,00-0040676,00-0040668,Cam Ward,Shedeur Sanders,Brian Callahan,Kevin Stefanski,,CLE00,FirstEnergy Stadium,CLE,TEN,True,,,,,,,,,,,,,,,,,,,,,,,,,,,,,,,,,,,,,,,,,,,,,,,,,,,,,,,,,,,,,,,,,,,,,,,,,,,,,,,,,,,,,,,,,,,,,,,,,,,,0.0165731397877506,0
2025_15_CLE_CHI,2025,REG,15,2025-12-14,Sunday,13:00,CLE,,CHI,,Home,,,,2025121400,,,202512140chi,28627,401772904,6943,7,7,340.0,-440.0,7.5,-115.0,-105.0,39.5,-108.0,-112.0,0,outdoors,grass,,,,,,,Kevin Stefanski,Ben Johnson,,CHI98,Soldier Field,CLE,CHI,False,,,,,,,,,,,,,,,,,,,,,,,,,,,,,,,,,,,,,,,,,,,,,,,,,,,,,,,,,,,,,,,,,,,,,,,,,,,,,,,,,,,,,,,,,,,,,,,,,,,,0.0182607965715682,0
2025_16_BUF_CLE,2025,REG,16,2025-12-21,Sunday,13:00,BUF,,CLE,,Home,,,,2025122102,,,202512210cle,28647,401772802,6963,7,7,,,,,,,,,0,outdoors,grass,,,,,,,Sean McDermott,Kevin Stefanski,,CLE00,FirstEnergy Stadium,CLE,BUF,True,,,,,,,,,,,,,,,,,,,,,,,,,,,,,,,,,,,,,,,,,,,,,,,,,,,,,,,,,,,,,,,,,,,,,,,,,,,,,,,,,,,,,,,,,,,,,,,,,,,,0.0165731397877506,0
2025_17_PIT_CLE,2025,REG,17,2025-12-28,Sunday,13:00,PIT,,CLE,,Home,,,,2025122800,,,202512280cle,28666,401772807,6979,7,7,,,,,,,,,1,outdoors,grass,,,,,,,Mike Tomlin,Kevin Stefanski,,CLE00,FirstEnergy Stadium,CLE,PIT,True,,,,,,,,,,,,,,,,,,,,,,,,,,,,,,,,,,,,,,,,,,,,,,,,,,,,,,,,,,,,,,,,,,,,,,,,,,,,,,,,,,,,,,,,,,,,,,,,,,,,0.0165731397877506,0
2025_18_CLE_CIN,2025,REG,18,2026-01-04,Sunday,13:00,CLE,,CIN,,Home,,,,2025010403,,,202501040cin,28676,401772964,6993,6,7,,,,,,,,,1,outdoors,fieldturf,,,,,,,Kevin Stefanski,Zac Taylor,,CIN00,Paycor Stadium,CLE,CIN,False,,,,,,,,,,,,,,,,,,,,,,,,,,,,,,,,,,,,,,,,,,,,,,,,,,,,,,,,,,,,,,,,,,,,,,,,,,,,,,,,,,,,,,,,,,,,,,,,,,,,0.0182607965715682,0
2025_01_DAL_PHI,2025,REG,1,2025-09-04,Thursday,20:20,DAL,20.0,PHI,24.0,Home,4.0,44.0,0.0,2025090400,59843.0,,202509040phi,28418,401772510,6734,7,7,330.0,-425.0,8.5,-110.0,-110.0,47.5,-110.0,-110.0,1,outdoors,grass,75.0,11.0,00-0033077,00-0036389,Dak Prescott,Jalen Hurts,Brian Schottenheimer,Nick Sirianni,Shawn Smith,PHI00,Lincoln Financial Field,DAL,PHI,False,REG,PHI,21.0,34.0,188.0,0.0,0.0,0.0,0.0,0.0,0.0,329.0,75.0,9.0,1.6543752712656965,0.17288182720993506,0.0,22.0,119.0,2.0,1.0,1.0,8.0,0.7568821354070678,0.0,21.0,33.0,188.0,0.0,0.0,0.0,329.0,75.0,9.0,1.1834143474010785,0.0,0.0,36.0,2.0,32.0,5.0,15.0,0.0,1.0,8.0,5.0,0.0,0.0,0.0,0.0,0.0,0.0,0.0,0.0,0.0,0.0,0.0,0.0,4.0,42.0,6.0,0.0,0.0,5.0,101.0,2.0,2.0,0.0,0.0,53.0,1.0,0.0,0.0,0.0,1.0,1.0,0.0,0.0,0.0,0.0,0.0,0.0,0.0,41;53,,,94.0,0.0,0.0,2.0,2.0,0.0,0.0,1.0,0.0,0.0,0.0,0.0,0.0,0.4867677983446924,0
2025_02_NYG_DAL,2025,REG,2,2025-09-14,Sunday,13:00,NYG,37.0,DAL,40.0,Home,3.0,77.0,1.0,2025091402,59862.0,,202509140dal,28437,401772834,6753,7,10,195.0,-238.0,4.5,100.0,-120.0,44.5,-110.0,-110.0,1,closed,matrixturf,,,00-0029263,00-0033077,Russell Wilson,Dak Prescott,Brian Daboll,Brian Schottenheimer,Bill Vinovich,DAL00,AT&T Stadium,DAL,NYG,True,REG,NYG,38.0,52.0,361.0,2.0,1.0,3.0,-18.0,0.0,0.0,350.0,147.0,18.0,10.098487662582055,2.1017412153574138,0.0,28.0,135.0,2.0,1.0,0.0,9.0,0.9983154268064145,0.0,38.0,52.0,361.0,2.0,0.0,0.0,350.0,147.0,18.0,14.754545577598037,0.0,0.0,37.0,1.0,43.0,4.0,21.0,0.0,2.0,14.0,6.0,1.0,0.0,2.0,0.0,0.0,0.0,0.0,1.0,2.0,0.0,0.0,0.0,12.0,106.0,7.0,1.0,2.0,9.0,209.0,4.0,4.0,0.0,0.0,64.0,1.0,0.0,0.0,0.0,2.0,1.0,1.0,0.0,0.0,0.0,0.0,0.0,0.0,51;44;64;46,,,205.0,0.0,0.0,4.0,4.0,0.0,0.0,1.0,1.0,1.0,0.0,0.0,46.0,0.9671887007828556,1
2025_03_DAL_CHI,2025,REG,3,2025-09-21,Sunday,16:25,DAL,14.0,CHI,31.0,Home,17.0,45.0,0.0,2025092111,59887.0,,202509210chi,28463,401772844,6778,7,7,-125.0,105.0,-1.5,-115.0,-105.0,49.5,100.0,-120.0,0,outdoors,grass,82.0,4.0,00-0033077,00-0039918,Dak Prescott,Caleb Williams,Brian Schottenheimer,Ben Johnson,Clay Martin,CHI98,Soldier Field,DAL,CHI,False,REG,CHI,34.0,45.0,292.0,1.0,3.0,2.0,-17.0,0.0,0.0,268.0,117.0,14.0,-2.622585613511912,10.181947526606647,1.0,20.0,121.0,0.0,1.0,1.0,6.0,-0.0649206715170294,0.0,34.0,44.0,292.0,1.0,0.0,0.0,268.0,117.0,14.0,1.7629842793117843,1.0,0.0,36.0,1.0,23.0,4.0,20.0,0.0,0.0,0.0,1.0,0.0,0.0,3.0,0.0,0.0,0.0,0.0,0.0,0.0,0.0,0.0,0.0,4.0,25.0,6.0,2.0,28.0,4.0,93.0,2.0,2.0,0.0,0.0,53.0,1.0,0.0,0.0,1.0,0.0,1.0,0.0,0.0,0.0,0.0,0.0,0.0,0.0,53;33,,,86.0,0.0,0.0,0.0,0.0,0.0,0.0,,0.0,0.0,0.0,0.0,0.0,0.0066552710873671,0
2025_04_GB_DAL,2025,REG,4,2025-09-28,Sunday,20:20,GB,40.0,DAL,40.0,Home,0.0,80.0,1.0,2025092812,59904.0,,202509280dal,28479,401772921,6795,7,7,-345.0,275.0,-7.0,-105.0,-115.0,47.5,-115.0,-105.0,0,closed,matrixturf,,,00-0036264,00-0033077,Jordan Love,Dak Prescott,Matt LaFleur,Brian Schottenheimer,Ron Torbert,DAL00,AT&T Stadium,DAL,GB,True,REG,GB,31.0,40.0,319.0,3.0,0.0,1.0,0.0,0.0,0.0,327.0,136.0,17.0,22.430883390743485,13.1012120529225,0.0,26.0,117.0,2.0,0.0,0.0,8.0,1.5595123074017465,0.0,31.0,38.0,319.0,3.0,0.0,0.0,327.0,136.0,17.0,25.31448212993564,0.0,0.0,51.0,1.0,31.0,7.0,30.0,1.0,1.0,12.0,4.0,0.0,0.0,1.0,0.0,0.0,0.0,0.0,0.0,0.0,1.0,1.0,0.0,11.0,95.0,6.0,0.0,0.0,6.0,175.0,1.0,1.0,0.0,0.0,22.0,1.0,0.0,1.0,0.0,0.0,0.0,0.0,0.0,0.0,0.0,0.0,0.0,0.0,22,,,22.0,0.0,0.0,5.0,5.0,0.0,0.0,1.0,0.0,0.0,0.0,0.0,0.0,0.7918518568677808,0
2025_05_DAL_NYJ,2025,REG,5,2025-10-05,Sunday,13:00,DAL,37.0,NYJ,22.0,Home,-15.0,59.0,0.0,2025100505,59913.0,,202510050nyj,28488,401772850,6804,7,6,-105.0,-115.0,1.5,-120.0,100.0,48.5,-110.0,-110.0,0,outdoors,fieldturf,82.0,3.0,00-0033077,00-0036945,Dak Prescott,Justin Fields,Brian Schottenheimer,Aaron Glenn,Alex Moore,NYC01,MetLife Stadium,DAL,NYJ,False,REG,NYJ,18.0,29.0,237.0,4.0,0.0,1.0,-1.0,0.0,0.0,232.0,126.0,12.0,11.848729786221256,-0.6138832441398075,0.0,29.0,180.0,1.0,0.0,0.0,9.0,6.831910461449297,0.0,18.0,28.0,237.0,4.0,0.0,0.0,232.0,126.0,12.0,13.189436508391836,0.0,0.0,46.0,1.0,37.0,6.0,50.0,1.0,5.0,49.0,14.0,0.0,0.0,3.0,0.0,0.0,0.0,0.0,0.0,0.0,1.0,1.0,0.0,11.0,91.0,5.0,1.0,8.0,1.0,32.0,1.0,1.0,0.0,0.0,35.0,1.0,0.0,0.0,1.0,0.0,0.0,0.0,0.0,0.0,0.0,0.0,0.0,0.0,35,,,35.0,0.0,0.0,4.0,5.0,1.0,0.0,0.8,0.0,0.0,0.0,0.0,0.0,0.9873880333382964,1
2025_06_DAL_CAR,2025,REG,6,2025-10-12,Sunday,13:00,DAL,27.0,CAR,30.0,Home,3.0,57.0,0.0,2025101202,59924.0,,202510120car,28499,401772858,6815,7,7,-175.0,145.0,-3.0,-118.0,-102.0,47.5,-105.0,-115.0,0,outdoors,grass,68.0,15.0,00-0033077,00-0039150,Dak Prescott,Bryce Young,Brian Schottenheimer,Dave Canales,John Hussey,CAR00,Bank of America Stadium,DAL,CAR,False,REG,CAR,25.0,34.0,261.0,3.0,0.0,0.0,0.0,0.0,0.0,189.0,136.0,12.0,17.745348571297626,7.128864263786989,0.0,19.0,31.0,0.0,1.0,0.0,2.0,-8.40553474839544,0.0,25.0,34.0,261.0,3.0,0.0,0.0,189.0,136.0,12.0,17.745348571297626,0.0,0.0,41.0,0.0,26.0,2.0,14.0,2.0,1.0,5.0,5.0,1.0,21.0,1.0,0.0,1.0,0.0,0.0,2.0,3.0,0.0,0.0,0.0,6.0,37.0,6.0,2.0,19.0,4.0,78.0,2.0,2.0,0.0,0.0,28.0,1.0,0.0,2.0,0.0,0.0,0.0,0.0,0.0,0.0,0.0,0.0,0.0,0.0,23;28,,,51.0,0.0,0.0,3.0,3.0,0.0,0.0,1.0,0.0,0.0,0.0,0.0,0.0,0.7013512187239967,0
2025_07_WAS_DAL,2025,REG,7,2025-10-19,Sunday,16:25,WAS,22.0,DAL,44.0,Home,22.0,66.0,0.0,2025101910,59947.0,,202510190dal,28522,401772864,6838,6,7,105.0,-125.0,1.5,-108.0,-112.0,54.5,-108.0,-112.0,1,closed,matrixturf,,,00-0039910,00-0033077,Jayden Daniels,Dak Prescott,Dan Quinn,Brian Schottenheimer,Alex Kemp,DAL00,AT&T Stadium,DAL,WAS,True,REG,WAS,21.0,30.0,264.0,3.0,0.0,1.0,-7.0,0.0,0.0,212.0,135.0,11.0,7.193154708318104,0.4078780611356099,0.0,31.0,152.0,1.0,1.0,0.0,10.0,-1.3028992045728955,0.0,21.0,30.0,264.0,3.0,0.0,0.0,212.0,135.0,11.0,7.597535336516955,0.0,0.0,39.0,0.0,28.0,7.0,19.0,1.0,4.0,14.0,6.0,1.0,68.0,5.0,1.0,0.0,0.0,0.0,1.0,2.0,1.0,1.0,0.0,10.0,79.0,4.0,2.0,4.0,3.0,80.0,3.0,3.0,0.0,0.0,61.0,1.0,0.0,1.0,0.0,1.0,0.0,1.0,0.0,0.0,0.0,0.0,0.0,0.0,47;61;29,,,137.0,0.0,0.0,5.0,5.0,0.0,0.0,1.0,0.0,0.0,0.0,0.0,0.0,0.9964956966487544,1
2025_08_DAL_DEN,2025,REG,8,2025-10-26,Sunday,16:25,DAL,24.0,DEN,44.0,Home,20.0,68.0,0.0,2025102608,59960.0,,202510260den,28535,401772762,6851,7,7,160.0,-192.0,3.5,-110.0,-110.0,51.5,-110.0,-110.0,0,outdoors,grass,67.0,4.0,00-0033077,00-0039732,Dak Prescott,Bo Nix,Brian Schottenheimer,Sean Payton,Carl Cheffers,DEN00,Empower Field at Mile High,DAL,DEN,False,REG,DEN,22.0,35.0,246.0,1.0,2.0,2.0,-15.0,0.0,0.0,262.0,78.0,12.0,1.3493161282435548,-1.3649272067206246,0.0,31.0,108.0,2.0,1.0,0.0,8.0,2.5056544059189036,0.0,22.0,35.0,246.0,1.0,0.0,0.0,262.0,78.0,12.0,4.829498374315772,0.0,0.0,32.0,1.0,29.0,3.0,5.0,0.0,0.0,0.0,1.0,1.0,7.0,2.0,0.0,0.0,0.0,0.0,1.0,1.0,0.0,0.0,0.0,9.0,80.0,5.0,0.0,0.0,3.0,86.0,1.0,1.0,0.0,0.0,24.0,1.0,0.0,1.0,0.0,0.0,0.0,0.0,0.0,0.0,0.0,0.0,0.0,0.0,24,,,24.0,0.0,0.0,3.0,3.0,0.0,0.0,1.0,0.0,0.0,0.0,0.0,0.0,0.2491153197858558,0
2025_09_ARI_DAL,2025,REG,9,2025-11-03,Monday,20:15,ARI,27.0,DAL,17.0,Home,-10.0,44.0,0.0,2025110300,59977.0,,202511030dal,28552,401772818,6868,15,8,145.0,-175.0,3.5,-115.0,-105.0,53.5,-105.0,-115.0,0,closed,matrixturf,,,00-0033119,00-0033077,Jacoby Brissett,Dak Prescott,Jonathan Gannon,Brian Schottenheimer,Adrian Hill,DAL00,AT&T Stadium,DAL,ARI,True,REG,ARI,24.0,39.0,250.0,1.0,1.0,5.0,-40.0,0.0,0.0,400.0,91.0,14.0,-4.5026787937891255,-0.4851244390010834,0.0,21.0,123.0,0.0,0.0,0.0,8.0,3.3821345303440467,0.0,24.0,36.0,250.0,1.0,4.0,2.0,400.0,89.0,14.0,-2.3216609065743143,0.0,1.0,39.0,1.0,33.0,8.0,46.0,0.0,5.0,40.0,11.0,0.0,0.0,2.0,0.0,0.0,0.0,0.0,2.0,2.0,0.0,0.0,0.0,6.0,55.0,6.0,1.0,6.0,6.0,151.0,1.0,2.0,1.0,0.0,26.0,0.5,0.0,1.0,0.0,0.0,0.0,0.0,0.0,0.0,0.0,0.0,0.0,1.0,26,68,,26.0,68.0,0.0,2.0,2.0,0.0,0.0,1.0,0.0,0.0,0.0,0.0,0.0,0.2272785683356822,0
2025_11_DAL_LV,2025,REG,11,2025-11-17,Monday,20:15,DAL,33.0,LV,16.0,Home,-17.0,49.0,0.0,2025111700,60006.0,,202511170rai,28572,401772819,6897,14,11,-198.0,164.0,-3.5,-115.0,-105.0,48.5,-115.0,-105.0,0,dome,grass,,,00-0033077,00-0030565,Dak Prescott,Geno Smith,Brian Schottenheimer,Pete Carroll,Brad Allen,VEG00,Allegiant Stadium,DAL,LV,False,REG,LV,25.0,33.0,268.0,4.0,0.0,1.0,-1.0,1.0,1.0,232.0,138.0,16.0,8.562692845276407,8.717983216047287,0.0,31.0,114.0,0.0,0.0,0.0,7.0,-6.454075091460254,0.0,25.0,32.0,268.0,4.0,0.0,0.0,232.0,138.0,16.0,15.872563311073463,0.0,0.0,33.0,2.0,30.0,8.0,32.0,0.0,4.0,29.0,11.0,1.0,24.0,8.0,0.0,0.0,1.0,0.0,0.0,0.0,0.0,0.0,0.0,6.0,50.0,5.0,1.0,14.0,4.0,111.0,1.0,1.0,0.0,0.0,50.0,1.0,0.0,0.0,0.0,0.0,1.0,0.0,0.0,0.0,0.0,0.0,0.0,0.0,50,,,50.0,0.0,0.0,4.0,4.0,0.0,0.0,1.0,0.0,0.0,0.0,0.0,0.0,0.9433148049636956,1
2025_12_PHI_DAL,2025,REG,12,2025-11-23,Sunday,16:25,PHI,21.0,DAL,24.0,Home,3.0,45.0,0.0,2025112309,60017.0,,202511230dal,28592,401772890,6908,7,6,-162.0,136.0,-3.0,-105.0,-115.0,47.5,100.0,-120.0,1,closed,matrixturf,,,00-0036389,00-0033077,Jalen Hurts,Dak Prescott,Nick Sirianni,Brian Schottenheimer,Bill Vinovich,DAL00,AT&T Stadium,DAL,PHI,True,REG,PHI,23.0,36.0,354.0,2.0,1.0,1.0,-6.0,0.0,0.0,366.0,129.0,17.0,4.564077011044182,1.4702287742069788,0.0,31.0,125.0,1.0,1.0,1.0,7.0,-7.143248471285915,0.0,23.0,35.0,354.0,2.0,1.0,0.0,366.0,129.0,17.0,6.176602200980623,0.0,0.0,35.0,0.0,24.0,2.0,14.0,2.0,1.0,13.0,6.0,0.0,0.0,3.0,0.0,0.0,0.0,0.0,0.0,0.0,2.0,2.0,0.0,8.0,69.0,3.0,1.0,1.0,3.0,85.0,1.0,2.0,1.0,0.0,42.0,0.5,0.0,0.0,0.0,1.0,0.0,0.0,0.0,0.0,0.0,0.0,1.0,0.0,42,51,,42.0,51.0,0.0,3.0,3.0,0.0,0.0,1.0,1.0,1.0,0.0,0.0,42.0,0.6470185473504516,1
2025_13_KC_DAL,2025,REG,13,2025-11-27,Thursday,16:30,KC,28.0,DAL,31.0,Home,3.0,59.0,0.0,2025112701,60022.0,,202511270dal,28597,401772694,6913,4,4,-185.0,154.0,-3.5,-105.0,-115.0,53.5,-110.0,-110.0,0,closed,matrixturf,,,00-0033873,00-0033077,Patrick Mahomes,Dak Prescott,Andy Reid,Brian Schottenheimer,John Hussey,DAL00,AT&T Stadium,DAL,KC,True,REG,KC,27.0,39.0,320.0,2.0,1.0,0.0,0.0,0.0,0.0,257.0,188.0,15.0,14.553953173174932,4.838724313555537,1.0,26.0,137.0,1.0,0.0,0.0,3.0,-3.5574937183992006,0.0,27.0,37.0,320.0,2.0,1.0,0.0,257.0,188.0,15.0,16.92400398640655,1.0,0.0,35.0,0.0,38.0,4.0,22.0,1.0,3.0,18.0,9.0,0.0,0.0,1.0,0.0,0.0,0.0,0.0,1.0,1.0,0.0,0.0,0.0,7.0,50.0,2.0,0.0,0.0,5.0,118.0,3.0,3.0,0.0,0.0,49.0,1.0,0.0,1.0,1.0,1.0,0.0,0.0,0.0,0.0,0.0,0.0,0.0,0.0,49;36;26,,,111.0,0.0,0.0,2.0,2.0,0.0,0.0,1.0,0.0,0.0,0.0,0.0,0.0,0.8908510273359118,1
2025_14_DAL_DET,2025,REG,14,2025-12-04,Thursday,20:15,DAL,,DET,,Home,,,,2025120400,,,202512040det,28612,401772947,6928,7,7,150.0,-180.0,3.5,-118.0,-102.0,54.5,-102.0,-118.0,0,dome,fieldturf,,,00-0033077,00-0033106,Dak Prescott,Jared Goff,Brian Schottenheimer,Dan Campbell,,DET00,Ford Field,DAL,DET,False,,,,,,,,,,,,,,,,,,,,,,,,,,,,,,,,,,,,,,,,,,,,,,,,,,,,,,,,,,,,,,,,,,,,,,,,,,,,,,,,,,,,,,,,,,,,,,,,,,,,0.0182607965715682,0
2025_15_MIN_DAL,2025,REG,15,2025-12-14,Sunday,20:20,MIN,,DAL,,Home,,,,2025121413,,,202512140dal,28640,401772933,6956,7,10,310.0,-395.0,7.0,-108.0,-112.0,46.5,-102.0,-118.0,0,closed,matrixturf,,,,,,,Kevin O'Connell,Brian Schottenheimer,,DAL00,AT&T Stadium,DAL,MIN,True,,,,,,,,,,,,,,,,,,,,,,,,,,,,,,,,,,,,,,,,,,,,,,,,,,,,,,,,,,,,,,,,,,,,,,,,,,,,,,,,,,,,,,,,,,,,,,,,,,,,0.0165731397877506,0
2025_16_LAC_DAL,2025,REG,16,2025-12-21,Sunday,13:00,LAC,,DAL,,Home,,,,2025122103,,,202512210dal,28648,401772910,6964,7,7,,,,,,,,,0,closed,matrixturf,,,,,,,Jim Harbaugh,Brian Schottenheimer,,DAL00,AT&T Stadium,DAL,LAC,True,,,,,,,,,,,,,,,,,,,,,,,,,,,,,,,,,,,,,,,,,,,,,,,,,,,,,,,,,,,,,,,,,,,,,,,,,,,,,,,,,,,,,,,,,,,,,,,,,,,,0.0165731397877506,0
2025_17_DAL_WAS,2025,REG,17,2025-12-25,Thursday,13:00,DAL,,WAS,,Home,,,,2025122500,,,202512250was,28658,401772710,6974,4,6,,,,,,,,,1,outdoors,grass,,,,,,,Brian Schottenheimer,Dan Quinn,,WAS00,FedExField,DAL,WAS,False,,,,,,,,,,,,,,,,,,,,,,,,,,,,,,,,,,,,,,,,,,,,,,,,,,,,,,,,,,,,,,,,,,,,,,,,,,,,,,,,,,,,,,,,,,,,,,,,,,,,0.0182607965715682,0
2025_18_DAL_NYG,2025,REG,18,2026-01-04,Sunday,13:00,DAL,,NYG,,Home,,,,2025010411,,,202501040nyg,28684,401772963,7001,6,6,,,,,,,,,1,outdoors,fieldturf,,,,,,,Brian Schottenheimer,Brian Daboll,,NYC01,MetLife Stadium,DAL,NYG,False,,,,,,,,,,,,,,,,,,,,,,,,,,,,,,,,,,,,,,,,,,,,,,,,,,,,,,,,,,,,,,,,,,,,,,,,,,,,,,,,,,,,,,,,,,,,,,,,,,,,0.0182607965715682,0
2025_01_TEN_DEN,2025,REG,1,2025-09-07,Sunday,16:05,TEN,12.0,DEN,20.0,Home,8.0,32.0,0.0,2025090708,59853.0,,202509070den,28428,401772832,6744,7,7,350.0,-455.0,8.5,-105.0,-115.0,42.5,-108.0,-112.0,0,outdoors,grass,84.0,6.0,00-0040676,00-0039732,Cam Ward,Bo Nix,Brian Callahan,Sean Payton,Alex Kemp,DEN00,Empower Field at Mile High,DEN,TEN,True,REG,TEN,25.0,40.0,176.0,1.0,2.0,1.0,-10.0,1.0,1.0,213.0,94.0,9.0,-7.6557667409744266,-1.6720025120554745,0.0,30.0,151.0,1.0,0.0,0.0,5.0,-4.498567477625329,0.0,25.0,37.0,176.0,1.0,0.0,0.0,213.0,94.0,9.0,-0.2731785637535302,0.0,0.0,30.0,6.0,26.0,7.0,51.0,2.0,6.0,50.0,14.0,0.0,0.0,4.0,0.0,1.0,0.0,0.0,0.0,0.0,2.0,2.0,0.0,6.0,45.0,4.0,4.0,47.0,3.0,82.0,2.0,2.0,0.0,0.0,39.0,1.0,0.0,0.0,2.0,0.0,0.0,0.0,0.0,0.0,0.0,0.0,0.0,0.0,39;33,,,72.0,0.0,0.0,2.0,2.0,0.0,0.0,1.0,0.0,0.0,0.0,0.0,0.0,0.728282563097326,1
2025_02_DEN_IND,2025,REG,2,2025-09-14,Sunday,16:05,DEN,28.0,IND,29.0,Home,1.0,57.0,0.0,2025091410,59870.0,,202509140clt,28444,401772729,6761,7,7,-130.0,110.0,-2.5,-105.0,-115.0,43.5,-112.0,-108.0,0,closed,fieldturf,,,00-0039732,00-0035710,Bo Nix,Daniel Jones,Sean Payton,Shane Steichen,Craig Wrolstad,IND00,Lucas Oil Stadium,DEN,IND,False,REG,IND,22.0,30.0,206.0,3.0,1.0,0.0,0.0,0.0,0.0,147.0,123.0,11.0,8.345343489918493,0.9910997748374939,0.0,24.0,118.0,1.0,0.0,0.0,7.0,2.0129898277227767,0.0,22.0,30.0,206.0,3.0,0.0,0.0,147.0,123.0,11.0,8.345343489918493,0.0,0.0,43.0,0.0,36.0,3.0,17.0,0.0,1.0,10.0,6.0,0.0,0.0,5.0,0.0,0.0,0.0,0.0,0.0,0.0,0.0,0.0,0.0,8.0,83.0,3.0,0.0,0.0,5.0,122.0,0.0,1.0,1.0,0.0,,0.0,0.0,0.0,0.0,0.0,0.0,0.0,0.0,0.0,0.0,1.0,0.0,0.0,,42,,0.0,42.0,0.0,4.0,4.0,0.0,0.0,1.0,0.0,0.0,0.0,0.0,0.0,0.2950358875874482,0
2025_03_DEN_LAC,2025,REG,3,2025-09-21,Sunday,16:05,DEN,20.0,LAC,23.0,Home,3.0,43.0,0.0,2025092109,59885.0,,202509210sdg,28461,401772735,6776,7,6,130.0,-155.0,2.5,100.0,-120.0,45.5,-110.0,-110.0,1,dome,matrixturf,,,00-0039732,00-0036355,Bo Nix,Justin Herbert,Sean Payton,Jim Harbaugh,Shawn Smith,LAX01,SoFi Stadium,DEN,LAC,False,REG,LAC,14.0,25.0,153.0,1.0,0.0,2.0,-6.0,0.0,0.0,269.0,84.0,5.0,-1.5255322747893847,-8.01634334999582,0.0,21.0,118.0,1.0,0.0,0.0,3.0,-0.6456146537093446,0.0,14.0,23.0,153.0,1.0,0.0,0.0,269.0,84.0,5.0,1.4886424657393031,0.0,0.0,45.0,1.0,43.0,7.0,37.0,2.0,5.0,30.0,14.0,1.0,0.0,7.0,0.0,0.0,0.0,0.0,0.0,0.0,1.0,1.0,0.0,10.0,90.0,5.0,2.0,56.0,5.0,141.0,2.0,2.0,0.0,0.0,42.0,1.0,0.0,1.0,0.0,1.0,0.0,0.0,0.0,0.0,0.0,0.0,0.0,0.0,42;26,,,68.0,0.0,0.0,2.0,2.0,0.0,0.0,1.0,0.0,0.0,0.0,0.0,0.0,0.89330209606612,0
2025_04_CIN_DEN,2025,REG,4,2025-09-29,Monday,20:15,CIN,3.0,DEN,28.0,Home,25.0,31.0,0.0,2025092901,59906.0,,202509290den,28480,401772716,6797,8,8,360.0,-470.0,7.5,-115.0,-105.0,44.5,-115.0,-105.0,0,outdoors,grass,66.0,12.0,00-0035100,00-0039732,Jake Browning,Bo Nix,Zac Taylor,Sean Payton,Alex Moore,DEN00,Empower Field at Mile High,DEN,CIN,True,REG,CIN,29.0,42.0,326.0,2.0,1.0,0.0,0.0,0.0,0.0,280.0,225.0,17.0,13.279796198068652,-2.154946114335741,0.0,38.0,186.0,2.0,0.0,0.0,13.0,3.948846878425684,0.0,29.0,42.0,326.0,2.0,0.0,0.0,280.0,225.0,17.0,13.279796198068652,0.0,0.0,23.0,0.0,22.0,2.0,13.0,0.0,3.0,19.0,6.0,0.0,0.0,2.0,0.0,0.0,0.0,0.0,0.0,0.0,0.0,0.0,0.0,7.0,72.0,4.0,3.0,24.0,2.0,58.0,0.0,0.0,0.0,0.0,,,0.0,0.0,0.0,0.0,0.0,0.0,0.0,0.0,0.0,0.0,0.0,0.0,,,,0.0,0.0,0.0,4.0,4.0,0.0,0.0,1.0,0.0,0.0,0.0,0.0,0.0,0.8181511930459179,1
2025_05_DEN_PHI,2025,REG,5,2025-10-05,Sunday,13:00,DEN,21.0,PHI,17.0,Home,-4.0,38.0,0.0,2025100506,59914.0,,202510050phi,28489,401772745,6805,6,7,180.0,-218.0,3.5,-105.0,-115.0,44.5,-115.0,-105.0,0,outdoors,grass,80.0,6.0,00-0039732,00-0036389,Bo Nix,Jalen Hurts,Sean Payton,Nick Sirianni,Adrian Hill,PHI00,Lincoln Financial Field,DEN,PHI,False,REG,PHI,24.0,39.0,242.0,1.0,0.0,2.0,-14.0,0.0,0.0,318.0,122.0,12.0,4.242067022660045,0.7757284988959631,1.0,29.0,130.0,1.0,0.0,0.0,8.0,0.8363362583040725,0.0,24.0,36.0,242.0,1.0,0.0,0.0,318.0,122.0,12.0,10.390780334422594,1.0,0.0,35.0,0.0,16.0,5.0,21.0,0.0,6.0,23.0,8.0,0.0,0.0,9.0,0.0,0.0,0.0,0.0,0.0,0.0,0.0,0.0,0.0,12.0,121.0,5.0,4.0,42.0,4.0,83.0,2.0,2.0,0.0,0.0,55.0,1.0,0.0,0.0,1.0,0.0,1.0,0.0,0.0,0.0,0.0,0.0,0.0,0.0,55;36,,,91.0,0.0,0.0,1.0,1.0,0.0,0.0,1.0,0.0,0.0,0.0,0.0,0.0,0.641914477018111,1
2025_06_DEN_NYJ,2025,REG,6,2025-10-12,Sunday,09:30,DEN,13.0,NYJ,11.0,Neutral,-2.0,24.0,0.0,2025101200,59922.0,,202510120nyj,28497,401772634,6813,7,7,-395.0,310.0,-7.5,100.0,-120.0,43.5,-112.0,-108.0,0,outdoors,grass,59.0,6.0,00-0039732,00-0036945,Bo Nix,Justin Fields,Sean Payton,Aaron Glenn,Land Clark,NYC01,MetLife Stadium,DEN,NYJ,False,REG,NYJ,19.0,30.0,174.0,1.0,0.0,1.0,-6.0,0.0,0.0,153.0,112.0,9.0,5.107167024033728,3.521407567537748,0.0,26.0,78.0,0.0,1.0,0.0,3.0,-6.4910536024253815,0.0,19.0,26.0,174.0,1.0,1.0,1.0,153.0,112.0,9.0,3.7129422784630464,0.0,0.0,42.0,1.0,31.0,7.0,30.0,0.0,9.0,55.0,15.0,0.0,0.0,4.0,0.0,0.0,0.0,0.0,1.0,1.0,0.0,0.0,0.0,6.0,37.0,4.0,2.0,11.0,4.0,104.0,2.0,2.0,0.0,0.0,57.0,1.0,0.0,1.0,0.0,0.0,1.0,0.0,0.0,0.0,0.0,0.0,0.0,0.0,57;27,,,84.0,0.0,0.0,1.0,1.0,0.0,0.0,1.0,0.0,0.0,0.0,0.0,0.0,0.7452636264469269,1
2025_07_NYG_DEN,2025,REG,7,2025-10-19,Sunday,16:05,NYG,32.0,DEN,33.0,Home,1.0,65.0,0.0,2025101907,59944.0,,202510190den,28519,401772757,6835,10,7,330.0,-425.0,7.5,-105.0,-115.0,39.5,-105.0,-115.0,0,outdoors,grass,72.0,3.0,00-0040691,00-0039732,Jaxson Dart,Bo Nix,Brian Daboll,Sean Payton,Brad Allen,DEN00,Empower Field at Mile High,DEN,NYG,True,REG,NYG,27.0,50.0,279.0,2.0,0.0,2.0,-14.0,0.0,0.0,393.0,142.0,15.0,-1.4068489084650624,-10.86830369063786,2.0,24.0,142.0,2.0,1.0,0.0,9.0,8.40782054932788,0.0,27.0,49.0,279.0,2.0,0.0,0.0,393.0,142.0,15.0,-0.1952424648040907,2.0,0.0,32.0,1.0,37.0,4.0,17.0,0.0,4.0,15.0,10.0,1.0,21.0,8.0,0.0,0.0,0.0,0.0,1.0,1.0,0.0,0.0,0.0,12.0,127.0,7.0,2.0,29.0,5.0,96.0,1.0,1.0,0.0,0.0,39.0,1.0,0.0,0.0,1.0,0.0,0.0,0.0,0.0,0.0,0.0,0.0,0.0,0.0,39,,,39.0,0.0,0.0,2.0,2.0,0.0,0.0,1.0,1.0,1.0,0.0,0.0,39.0,0.7596575364666853,1
2025_08_DAL_DEN,2025,REG,8,2025-10-26,Sunday,16:25,DAL,24.0,DEN,44.0,Home,20.0,68.0,0.0,2025102608,59960.0,,202510260den,28535,401772762,6851,7,7,160.0,-192.0,3.5,-110.0,-110.0,51.5,-110.0,-110.0,0,outdoors,grass,67.0,4.0,00-0033077,00-0039732,Dak Prescott,Bo Nix,Brian Schottenheimer,Sean Payton,Carl Cheffers,DEN00,Empower Field at Mile High,DEN,DAL,True,REG,DAL,19.0,29.0,247.0,4.0,1.0,0.0,0.0,0.0,0.0,299.0,81.0,15.0,14.092828136220142,8.968410944497144,0.0,28.0,179.0,2.0,0.0,0.0,8.0,6.416155812796205,0.0,19.0,27.0,247.0,4.0,0.0,0.0,299.0,81.0,15.0,15.502120908632442,0.0,0.0,29.0,2.0,50.0,3.0,17.0,1.0,2.0,15.0,8.0,2.0,36.0,12.0,0.0,0.0,0.0,0.0,0.0,0.0,0.0,0.0,0.0,7.0,42.0,3.0,2.0,26.0,4.0,119.0,1.0,1.0,0.0,0.0,42.0,1.0,0.0,0.0,0.0,1.0,0.0,0.0,0.0,0.0,0.0,0.0,0.0,0.0,42,,,42.0,0.0,0.0,5.0,5.0,0.0,0.0,1.0,0.0,0.0,0.0,0.0,0.0,0.9963746692895218,1
2025_09_DEN_HOU,2025,REG,9,2025-11-02,Sunday,13:00,DEN,18.0,HOU,15.0,Home,-3.0,33.0,0.0,2025110203,59968.0,,202511020htx,28543,401772870,6859,7,7,105.0,-125.0,1.5,-110.0,-110.0,40.5,-105.0,-115.0,0,closed,astroturf,,,00-0039732,00-0039163,Bo Nix,C.J. Stroud,Sean Payton,DeMeco Ryans,Ron Torbert,HOU00,NRG Stadium,DEN,HOU,False,REG,HOU,18.0,37.0,173.0,2.0,1.0,1.0,-2.0,0.0,0.0,441.0,92.0,9.0,-3.500159671231928,-10.228743447976953,1.0,23.0,100.0,0.0,0.0,0.0,6.0,-2.079911209888819,0.0,18.0,34.0,173.0,2.0,0.0,0.0,441.0,92.0,9.0,-1.0171831173867087,1.0,0.0,43.0,0.0,34.0,4.0,25.0,0.0,4.0,25.0,7.0,0.0,0.0,7.0,0.0,1.0,0.0,0.0,0.0,0.0,0.0,0.0,0.0,4.0,41.0,6.0,4.0,30.0,3.0,76.0,1.0,2.0,0.0,1.0,34.0,0.5,0.0,0.0,1.0,0.0,0.0,0.0,0.0,0.0,0.0,0.0,0.0,0.0,34,,51,34.0,0.0,51.0,1.0,1.0,0.0,0.0,1.0,1.0,1.0,0.0,0.0,34.0,0.16785170603357,1
2025_10_LV_DEN,2025,REG,10,2025-11-06,Thursday,20:15,LV,7.0,DEN,10.0,Home,3.0,17.0,0.0,2025110600,59978.0,,202511060den,28553,401772944,6869,4,4,380.0,-500.0,9.5,-112.0,-108.0,42.5,-110.0,-110.0,1,outdoors,grass,60.0,10.0,00-0030565,00-0039732,Geno Smith,Bo Nix,Pete Carroll,Sean Payton,Bill Vinovich,DEN00,Empower Field at Mile High,DEN,LV,True,REG,LV,16.0,28.0,150.0,1.0,2.0,2.0,-14.0,0.0,0.0,247.0,77.0,5.0,-10.575725868242984,-7.191638206994092,0.0,27.0,84.0,0.0,0.0,0.0,5.0,-6.848258377809543,0.0,16.0,27.0,150.0,1.0,0.0,0.0,247.0,77.0,5.0,-2.8948218176923786,0.0,0.0,35.0,0.0,34.0,5.0,28.0,1.0,6.0,29.0,11.0,1.0,23.0,3.0,0.0,0.0,0.0,0.0,0.0,0.0,0.0,0.0,0.0,11.0,78.0,2.0,1.0,-1.0,2.0,35.0,1.0,2.0,1.0,0.0,32.0,0.5,0.0,0.0,1.0,0.0,0.0,0.0,0.0,0.0,0.0,0.0,1.0,0.0,32,59,,32.0,59.0,0.0,1.0,1.0,0.0,0.0,1.0,0.0,0.0,0.0,0.0,0.0,0.2413235818855079,1
2025_11_KC_DEN,2025,REG,11,2025-11-16,Sunday,16:25,KC,19.0,DEN,22.0,Home,3.0,41.0,0.0,2025111611,60004.0,,202511160den,28580,401772778,6895,14,10,-218.0,180.0,-3.5,-120.0,100.0,44.5,-110.0,-110.0,1,outdoors,grass,70.0,6.0,00-0033873,00-0039732,Patrick Mahomes,Bo Nix,Andy Reid,Sean Payton,Adrian Hill,DEN00,Empower Field at Mile High,DEN,KC,True,REG,KC,24.0,38.0,295.0,0.0,0.0,2.0,-12.0,0.0,0.0,319.0,142.0,11.0,4.594412594170972,1.409962276617686,0.0,21.0,59.0,1.0,0.0,0.0,5.0,-3.155588818208277,0.0,24.0,36.0,295.0,0.0,0.0,0.0,319.0,142.0,11.0,10.230722446377918,0.0,0.0,36.0,0.0,32.0,4.0,28.0,0.0,3.0,27.0,8.0,1.0,16.0,4.0,0.0,2.0,0.0,0.0,0.0,0.0,0.0,0.0,0.0,10.0,147.0,4.0,3.0,101.0,3.0,79.0,5.0,5.0,0.0,0.0,54.0,1.0,0.0,2.0,2.0,0.0,1.0,0.0,0.0,0.0,0.0,0.0,0.0,0.0,29;24;38;54;35,,,180.0,0.0,0.0,1.0,1.0,0.0,0.0,1.0,1.0,1.0,0.0,0.0,35.0,0.8384222540002724,1
2025_13_DEN_WAS,2025,REG,13,2025-11-30,Sunday,20:20,DEN,27.0,WAS,26.0,Home,-1.0,53.0,1.0,2025113010,60035.0,,202511300was,28610,401772931,6926,14,14,-310.0,250.0,-6.5,-105.0,-115.0,43.5,-112.0,-108.0,0,outdoors,grass,40.0,13.0,00-0039732,00-0032268,Bo Nix,Marcus Mariota,Sean Payton,Dan Quinn,Land Clark,WAS00,FedExField,DEN,WAS,False,REG,WAS,29.0,45.0,321.0,1.0,1.0,1.0,-6.0,1.0,0.0,189.0,196.0,17.0,9.88027036314034,-4.023081618686055,0.0,23.0,87.0,2.0,0.0,0.0,6.0,2.7375322824227624,0.0,29.0,43.0,321.0,1.0,0.0,0.0,189.0,196.0,17.0,13.18310693449476,0.0,0.0,49.0,3.0,31.0,8.0,29.0,2.0,2.0,18.0,6.0,1.0,27.0,9.0,0.0,0.0,0.0,0.0,1.0,1.0,0.0,0.0,0.0,5.0,33.0,7.0,1.0,10.0,5.0,118.0,2.0,2.0,0.0,0.0,33.0,1.0,0.0,0.0,2.0,0.0,0.0,0.0,0.0,0.0,0.0,0.0,0.0,0.0,33;33,,,66.0,0.0,0.0,3.0,3.0,0.0,0.0,1.0,0.0,0.0,0.0,0.0,0.0,0.7863145090112051,1
2025_14_DEN_LV,2025,REG,14,2025-12-07,Sunday,16:05,DEN,,LV,,Home,,,,2025120708,,,202512070rai,28621,401772794,6937,7,7,-410.0,320.0,-7.5,-108.0,-112.0,40.5,-122.0,102.0,1,dome,grass,,,00-0039732,00-0030565,Bo Nix,Geno Smith,Sean Payton,Pete Carroll,,VEG00,Allegiant Stadium,DEN,LV,False,,,,,,,,,,,,,,,,,,,,,,,,,,,,,,,,,,,,,,,,,,,,,,,,,,,,,,,,,,,,,,,,,,,,,,,,,,,,,,,,,,,,,,,,,,,,,,,,,,,,0.0182607965715682,0
2025_15_GB_DEN,2025,REG,15,2025-12-14,Sunday,16:25,GB,,DEN,,Home,,,,2025121408,,,202512140den,28635,401772800,6951,7,7,-115.0,-105.0,-1.5,-102.0,-118.0,42.5,-112.0,-108.0,0,outdoors,grass,,,,,,,Matt LaFleur,Sean Payton,,DEN00,Empower Field at Mile High,DEN,GB,True,,,,,,,,,,,,,,,,,,,,,,,,,,,,,,,,,,,,,,,,,,,,,,,,,,,,,,,,,,,,,,,,,,,,,,,,,,,,,,,,,,,,,,,,,,,,,,,,,,,,0.0165731397877506,0
2025_16_JAX_DEN,2025,REG,16,2025-12-21,Sunday,16:05,JAX,,DEN,,Home,,,,2025122108,,,202512210den,28653,401772913,6969,7,7,,,,,,,,,0,outdoors,grass,,,,,,,Liam Coen,Sean Payton,,DEN00,Empower Field at Mile High,DEN,JAX,True,,,,,,,,,,,,,,,,,,,,,,,,,,,,,,,,,,,,,,,,,,,,,,,,,,,,,,,,,,,,,,,,,,,,,,,,,,,,,,,,,,,,,,,,,,,,,,,,,,,,0.0165731397877506,0
2025_17_DEN_KC,2025,REG,17,2025-12-25,Thursday,20:15,DEN,,KC,,Home,,,,2025122502,,,202512250kan,28660,401772622,6976,4,4,,,,,,,,,1,outdoors,grass,,,,,,,Sean Payton,Andy Reid,,KAN00,GEHA Field at Arrowhead Stadium,DEN,KC,False,,,,,,,,,,,,,,,,,,,,,,,,,,,,,,,,,,,,,,,,,,,,,,,,,,,,,,,,,,,,,,,,,,,,,,,,,,,,,,,,,,,,,,,,,,,,,,,,,,,,0.0182607965715682,0
2025_18_LAC_DEN,2025,REG,18,2026-01-04,Sunday,13:00,LAC,,DEN,,Home,,,,2025010404,,,202501040den,28677,401772956,6994,7,7,,,,,,,,,1,outdoors,grass,,,,,,,Jim Harbaugh,Sean Payton,,DEN00,Empower Field at Mile High,DEN,LAC,True,,,,,,,,,,,,,,,,,,,,,,,,,,,,,,,,,,,,,,,,,,,,,,,,,,,,,,,,,,,,,,,,,,,,,,,,,,,,,,,,,,,,,,,,,,,,,,,,,,,,0.0165731397877506,0
2025_01_DET_GB,2025,REG,1,2025-09-07,Sunday,16:25,DET,13.0,GB,27.0,Home,14.0,40.0,0.0,2025090710,59855.0,,202509070gnb,28430,401772722,6746,7,7,100.0,-120.0,1.5,-115.0,-105.0,48.5,-115.0,-105.0,1,outdoors,grass,60.0,5.0,00-0033106,00-0036264,Jared Goff,Jordan Love,Dan Campbell,Matt LaFleur,Clete Blakeman,GNB00,Lambeau Field,DET,GB,False,REG,GB,31.0,39.0,225.0,1.0,1.0,4.0,-25.0,0.0,0.0,163.0,121.0,13.0,1.3743778578947285,11.339418903777474,0.0,22.0,46.0,0.0,0.0,0.0,2.0,-5.360156191396527,0.0,31.0,38.0,225.0,1.0,0.0,0.0,163.0,121.0,13.0,9.983375240642204,0.0,0.0,32.0,2.0,18.0,2.0,2.0,0.0,0.0,0.0,2.0,0.0,0.0,1.0,0.0,0.0,0.0,0.0,0.0,0.0,0.0,0.0,0.0,7.0,40.0,2.0,2.0,19.0,5.0,116.0,2.0,2.0,0.0,0.0,30.0,1.0,0.0,1.0,1.0,0.0,0.0,0.0,0.0,0.0,0.0,0.0,0.0,0.0,30;27,,,57.0,0.0,0.0,1.0,1.0,0.0,0.0,1.0,0.0,0.0,0.0,0.0,0.0,0.0144694933841565,0
2025_02_CHI_DET,2025,REG,2,2025-09-14,Sunday,13:00,CHI,21.0,DET,52.0,Home,31.0,73.0,0.0,2025091403,59863.0,,202509140det,28438,401772835,6754,6,7,220.0,-270.0,6.0,-110.0,-110.0,46.5,-112.0,-108.0,1,dome,fieldturf,,,00-0039918,00-0033106,Caleb Williams,Jared Goff,Ben Johnson,Dan Campbell,Land Clark,DET00,Ford Field,DET,CHI,True,REG,CHI,23.0,28.0,334.0,5.0,0.0,0.0,0.0,0.0,0.0,274.0,165.0,15.0,24.103420304085986,14.942416335855212,0.0,30.0,177.0,2.0,0.0,0.0,10.0,-0.35298650549658195,0.0,23.0,28.0,334.0,5.0,0.0,0.0,274.0,165.0,15.0,24.103420304085986,0.0,0.0,45.0,1.0,25.0,5.0,30.0,1.0,4.0,29.0,4.0,1.0,0.0,5.0,0.0,0.0,0.0,0.0,0.0,0.0,1.0,1.0,0.0,3.0,28.0,3.0,3.0,19.0,2.0,48.0,1.0,2.0,1.0,0.0,34.0,0.5,0.0,0.0,1.0,0.0,0.0,0.0,0.0,0.0,0.0,0.0,1.0,0.0,34,55,,34.0,55.0,0.0,7.0,7.0,0.0,0.0,1.0,0.0,0.0,0.0,0.0,0.0,0.9996500443085672,1
2025_03_DET_BAL,2025,REG,3,2025-09-22,Monday,20:15,DET,38.0,BAL,30.0,Home,-8.0,68.0,0.0,2025092200,59890.0,,202509220rav,28451,401772812,6781,8,8,200.0,-245.0,4.5,-105.0,-115.0,53.5,-105.0,-115.0,0,outdoors,grass,74.0,7.0,00-0033106,00-0034796,Jared Goff,Lamar Jackson,Dan Campbell,John Harbaugh,Bill Vinovich,BAL00,M&T Bank Stadium,DET,BAL,False,REG,BAL,20.0,28.0,202.0,1.0,0.0,0.0,0.0,0.0,0.0,211.0,69.0,11.0,14.249866356456977,12.977435611761534,0.0,38.0,224.0,4.0,1.0,0.0,13.0,9.481793925893726,0.0,20.0,26.0,202.0,1.0,0.0,0.0,211.0,69.0,11.0,14.760139884858717,0.0,0.0,41.0,0.0,14.0,6.0,40.0,2.0,7.0,55.0,7.0,0.0,0.0,2.0,0.0,0.0,0.0,0.0,1.0,2.0,1.0,1.0,0.0,8.0,68.0,5.0,1.0,0.0,4.0,110.0,1.0,2.0,1.0,0.0,45.0,0.5,0.0,0.0,0.0,1.0,0.0,0.0,0.0,0.0,0.0,0.0,0.0,1.0,45,67,,45.0,67.0,0.0,5.0,5.0,0.0,0.0,1.0,0.0,0.0,0.0,0.0,0.0,0.9988443161208036,1
2025_04_CLE_DET,2025,REG,4,2025-09-28,Sunday,13:00,CLE,10.0,DET,34.0,Home,24.0,44.0,0.0,2025092803,59895.0,,202509280det,28470,401772846,6786,7,6,410.0,-550.0,10.0,-108.0,-112.0,44.5,-115.0,-105.0,0,dome,fieldturf,,,00-0026158,00-0033106,Joe Flacco,Jared Goff,Kevin Stefanski,Dan Campbell,Shawn Smith,DET00,Ford Field,DET,CLE,True,REG,CLE,16.0,27.0,168.0,2.0,1.0,0.0,0.0,0.0,0.0,313.0,76.0,8.0,-1.0221093465403952,-0.491202712059021,0.0,29.0,109.0,1.0,0.0,0.0,6.0,-5.879154023510637,0.0,16.0,25.0,168.0,2.0,0.0,0.0,313.0,76.0,8.0,0.07980009207340699,0.0,1.0,35.0,2.0,28.0,4.0,17.0,1.0,3.0,14.0,9.0,2.0,34.0,10.0,0.0,0.0,0.0,0.0,0.0,0.0,1.0,1.0,0.0,6.0,35.0,2.0,5.0,76.0,3.0,81.0,2.0,2.0,0.0,0.0,58.0,1.0,0.0,0.0,0.0,1.0,1.0,0.0,0.0,0.0,0.0,0.0,0.0,0.0,48;58,,,106.0,0.0,0.0,4.0,4.0,0.0,0.0,1.0,0.0,0.0,0.0,0.0,0.0,0.9756240867028196,1
2025_05_DET_CIN,2025,REG,5,2025-10-05,Sunday,16:25,DET,37.0,CIN,24.0,Home,-13.0,61.0,0.0,2025100509,59917.0,,202510050cin,28492,401772854,6808,7,6,-575.0,425.0,-10.5,-102.0,-118.0,49.5,-112.0,-108.0,0,outdoors,fieldturf,84.0,7.0,00-0033106,00-0035100,Jared Goff,Jake Browning,Dan Campbell,Zac Taylor,Carl Cheffers,CIN00,Paycor Stadium,DET,CIN,False,REG,CIN,20.0,24.0,261.0,4.0,0.0,4.0,-14.0,1.0,1.0,106.0,172.0,15.0,13.01289663463831,17.393486396126125,0.0,33.0,118.0,1.0,0.0,0.0,7.0,-3.777595158026088,0.0,20.0,23.0,261.0,4.0,0.0,0.0,106.0,172.0,15.0,24.138901888392866,0.0,0.0,32.0,2.0,28.0,5.0,21.0,2.0,2.0,14.0,9.0,3.0,17.0,11.0,0.0,0.0,1.0,0.0,0.0,0.0,0.0,0.0,0.0,8.0,56.0,1.0,1.0,11.0,3.0,87.0,0.0,0.0,0.0,0.0,,,0.0,0.0,0.0,0.0,0.0,0.0,0.0,0.0,0.0,0.0,0.0,0.0,,,,0.0,0.0,0.0,5.0,5.0,0.0,0.0,1.0,0.0,0.0,0.0,0.0,0.0,0.9864068082193675,1
2025_06_DET_KC,2025,REG,6,2025-10-12,Sunday,20:20,DET,17.0,KC,30.0,Home,13.0,47.0,0.0,2025101211,59933.0,,202510120kan,28508,401772923,6824,7,6,120.0,-142.0,2.5,-105.0,-115.0,51.5,-105.0,-115.0,0,outdoors,grass,85.0,13.0,00-0033106,00-0033873,Jared Goff,Patrick Mahomes,Dan Campbell,Andy Reid,Craig Wrolstad,KAN00,GEHA Field at Arrowhead Stadium,DET,KC,False,REG,KC,23.0,29.0,203.0,2.0,0.0,1.0,-4.0,0.0,0.0,109.0,127.0,14.0,6.713151381118223,14.184024267726475,0.0,23.0,98.0,0.0,0.0,0.0,5.0,-0.7599178904783912,0.0,23.0,27.0,203.0,2.0,1.0,0.0,109.0,127.0,14.0,9.188927660870831,0.0,0.0,33.0,0.0,34.0,2.0,14.0,1.0,3.0,14.0,3.0,0.0,0.0,1.0,0.0,0.0,0.0,0.0,0.0,0.0,0.0,0.0,0.0,4.0,38.0,6.0,0.0,0.0,6.0,140.0,1.0,1.0,0.0,0.0,28.0,1.0,0.0,1.0,0.0,0.0,0.0,0.0,0.0,0.0,0.0,0.0,0.0,0.0,28,,,28.0,0.0,0.0,2.0,2.0,0.0,0.0,1.0,0.0,0.0,0.0,0.0,0.0,0.3569004036939974,0
2025_07_TB_DET,2025,REG,7,2025-10-20,Monday,19:00,TB,9.0,DET,24.0,Home,15.0,33.0,0.0,2025102000,59949.0,,202510200det,28524,401772816,6841,8,8,225.0,-278.0,6.0,-112.0,-108.0,54.5,-115.0,-105.0,0,dome,fieldturf,,,00-0034855,00-0033106,Baker Mayfield,Jared Goff,Todd Bowles,Dan Campbell,John Hussey,DET00,Ford Field,DET,TB,True,REG,TB,20.0,29.0,241.0,1.0,1.0,4.0,-26.0,1.0,1.0,157.0,187.0,9.0,-8.635040956975383,-1.2975573539733887,0.0,32.0,164.0,2.0,0.0,0.0,7.0,0.8147686071461067,0.0,20.0,28.0,241.0,1.0,0.0,0.0,157.0,187.0,9.0,1.6372074593487629,0.0,0.0,37.0,0.0,26.0,4.0,20.0,2.0,4.0,18.0,8.0,1.0,0.0,12.0,0.0,0.0,0.0,0.0,0.0,0.0,1.0,1.0,0.0,6.0,50.0,4.0,0.0,0.0,2.0,54.0,1.0,2.0,1.0,0.0,58.0,0.5,0.0,0.0,0.0,0.0,1.0,0.0,0.0,0.0,0.0,0.0,1.0,0.0,58,54,,58.0,54.0,0.0,3.0,3.0,0.0,0.0,1.0,0.0,0.0,0.0,0.0,0.0,0.917612035721412,1
2025_09_MIN_DET,2025,REG,9,2025-11-02,Sunday,13:00,MIN,27.0,DET,24.0,Home,-3.0,51.0,0.0,2025110201,59966.0,,202511020det,28541,401772871,6857,10,13,410.0,-550.0,9.5,-108.0,-112.0,47.5,-105.0,-115.0,1,dome,fieldturf,,,00-0039923,00-0033106,J.J. McCarthy,Jared Goff,Kevin O'Connell,Dan Campbell,Clay Martin,DET00,Ford Field,DET,MIN,True,REG,MIN,25.0,37.0,284.0,2.0,0.0,5.0,-44.0,0.0,0.0,249.0,141.0,11.0,4.1288096063833954,-2.515587459007899,0.0,20.0,65.0,1.0,1.0,1.0,3.0,-4.567611917620525,0.0,25.0,36.0,284.0,2.0,0.0,0.0,249.0,141.0,11.0,14.93261122860713,0.0,0.0,35.0,1.0,25.0,7.0,34.0,0.0,5.0,27.0,9.0,1.0,0.0,3.0,0.0,0.0,0.0,0.0,0.0,0.0,0.0,0.0,0.0,10.0,76.0,4.0,2.0,15.0,6.0,170.0,1.0,2.0,0.0,1.0,41.0,0.5,0.0,0.0,0.0,1.0,0.0,0.0,0.0,0.0,0.0,0.0,0.0,0.0,41,,45,41.0,0.0,45.0,3.0,3.0,0.0,0.0,1.0,0.0,0.0,0.0,0.0,0.0,0.7649177045045086,0
2025_10_DET_WAS,2025,REG,10,2025-11-09,Sunday,16:25,DET,44.0,WAS,22.0,Home,-22.0,66.0,0.0,2025110910,59989.0,,202511090was,28564,401772878,6880,7,7,-455.0,350.0,-8.5,-105.0,-115.0,49.5,-112.0,-108.0,0,outdoors,grass,64.0,9.0,00-0033106,00-0032268,Jared Goff,Marcus Mariota,Dan Campbell,Dan Quinn,Scott Novak,WAS00,FedExField,DET,WAS,False,REG,WAS,25.0,35.0,320.0,3.0,0.0,0.0,0.0,0.0,0.0,173.0,192.0,19.0,23.988361668900353,9.601234178990126,0.0,33.0,226.0,2.0,0.0,0.0,11.0,8.316233082441613,1.0,25.0,32.0,320.0,3.0,0.0,0.0,173.0,192.0,19.0,26.155177667523517,0.0,0.0,36.0,0.0,22.0,3.0,17.0,0.0,2.0,18.0,6.0,0.0,0.0,4.0,0.0,0.0,0.0,0.0,0.0,0.0,0.0,0.0,0.0,3.0,1.0,2.0,3.0,3.0,3.0,60.0,3.0,3.0,0.0,0.0,48.0,1.0,0.0,2.0,0.0,1.0,0.0,0.0,0.0,0.0,0.0,0.0,0.0,0.0,22;28;48,,,98.0,0.0,0.0,3.0,4.0,0.0,1.0,0.75,0.0,0.0,0.0,0.0,0.0,0.9975343331389298,1
2025_11_DET_PHI,2025,REG,11,2025-11-16,Sunday,20:20,DET,9.0,PHI,16.0,Home,7.0,25.0,0.0,2025111612,60005.0,,202511160phi,28581,401772928,6896,7,6,130.0,-155.0,2.5,-102.0,-118.0,46.5,-108.0,-112.0,0,outdoors,grass,45.0,15.0,00-0033106,00-0036389,Jared Goff,Jalen Hurts,Dan Campbell,Nick Sirianni,Alex Kemp,PHI00,Lincoln Financial Field,DET,PHI,False,REG,PHI,14.0,37.0,255.0,1.0,1.0,2.0,-12.0,0.0,0.0,246.0,193.0,10.0,-14.263226809680678,-30.07149224479993,0.0,21.0,74.0,0.0,0.0,0.0,3.0,-9.381880221655592,0.0,14.0,36.0,255.0,1.0,0.0,0.0,246.0,193.0,10.0,-11.046804397252604,0.0,0.0,39.0,0.0,30.0,4.0,13.0,0.0,1.0,11.0,2.0,0.0,0.0,3.0,0.0,0.0,0.0,0.0,0.0,0.0,0.0,0.0,0.0,5.0,48.0,3.0,3.0,3.0,3.0,62.0,1.0,1.0,0.0,0.0,54.0,1.0,0.0,0.0,0.0,0.0,1.0,0.0,0.0,0.0,0.0,0.0,0.0,0.0,54,,,54.0,0.0,0.0,0.0,1.0,1.0,0.0,0.0,0.0,0.0,0.0,0.0,0.0,0.0474410629569118,0
2025_12_NYG_DET,2025,REG,12,2025-11-23,Sunday,13:00,NYG,27.0,DET,34.0,Home,7.0,61.0,1.0,2025112303,60011.0,,202511230det,28586,401772888,6902,7,7,675.0,-1050.0,14.0,-115.0,-105.0,50.5,100.0,-120.0,0,dome,fieldturf,,,00-0031503,00-0033106,Jameis Winston,Jared Goff,Brian Daboll,Dan Campbell,Craig Wrolstad,DET00,Ford Field,DET,NYG,True,REG,NYG,28.0,42.0,279.0,2.0,1.0,3.0,-22.0,0.0,0.0,221.0,169.0,13.0,-6.8733894155409985,-2.8875761910488733,0.0,20.0,237.0,2.0,0.0,0.0,9.0,15.552719756000442,0.0,28.0,38.0,279.0,2.0,0.0,0.0,221.0,169.0,13.0,2.836218784465188,0.0,0.0,41.0,2.0,40.0,4.0,10.0,1.0,1.0,4.0,7.0,1.0,0.0,6.0,0.0,0.0,0.0,0.0,0.0,0.0,0.0,0.0,0.0,9.0,81.0,5.0,0.0,0.0,6.0,183.0,2.0,2.0,0.0,0.0,59.0,1.0,0.0,0.0,1.0,0.0,1.0,0.0,0.0,0.0,0.0,0.0,0.0,0.0,37;59,,,96.0,0.0,0.0,4.0,4.0,0.0,0.0,1.0,0.0,0.0,0.0,0.0,0.0,0.9508592639288652,1
2025_13_GB_DET,2025,REG,13,2025-11-27,Thursday,13:00,GB,31.0,DET,24.0,Home,-7.0,55.0,0.0,2025112700,60021.0,,202511270det,28596,401772891,6912,4,4,130.0,-155.0,2.5,105.0,-125.0,48.5,-110.0,-110.0,1,dome,fieldturf,,,00-0036264,00-0033106,Jordan Love,Jared Goff,Matt LaFleur,Dan Campbell,Ron Torbert,DET00,Ford Field,DET,GB,True,REG,GB,20.0,27.0,256.0,2.0,0.0,3.0,-23.0,0.0,0.0,170.0,109.0,12.0,9.080936500253557,2.561455413147255,0.0,30.0,119.0,1.0,1.0,0.0,8.0,-6.756534161278978,0.0,20.0,27.0,256.0,2.0,0.0,0.0,170.0,109.0,12.0,13.44546282774536,0.0,0.0,32.0,0.0,28.0,1.0,2.0,1.0,0.0,0.0,2.0,0.0,0.0,5.0,0.0,0.0,0.0,0.0,1.0,2.0,0.0,0.0,0.0,5.0,22.0,5.0,1.0,21.0,3.0,81.0,1.0,1.0,0.0,0.0,31.0,1.0,0.0,0.0,1.0,0.0,0.0,0.0,0.0,0.0,0.0,0.0,0.0,0.0,31,,,31.0,0.0,0.0,3.0,3.0,0.0,0.0,1.0,0.0,0.0,0.0,0.0,0.0,0.5410577073968826,0
2025_14_DAL_DET,2025,REG,14,2025-12-04,Thursday,20:15,DAL,,DET,,Home,,,,2025120400,,,202512040det,28612,401772947,6928,7,7,150.0,-180.0,3.5,-118.0,-102.0,54.5,-102.0,-118.0,0,dome,fieldturf,,,00-0033077,00-0033106,Dak Prescott,Jared Goff,Brian Schottenheimer,Dan Campbell,,DET00,Ford Field,DET,DAL,True,,,,,,,,,,,,,,,,,,,,,,,,,,,,,,,,,,,,,,,,,,,,,,,,,,,,,,,,,,,,,,,,,,,,,,,,,,,,,,,,,,,,,,,,,,,,,,,,,,,,0.0165731397877506,0
2025_15_DET_LA,2025,REG,15,2025-12-14,Sunday,16:25,DET,,LA,,Home,,,,2025121409,,,202512140ram,28638,401772909,6952,10,7,180.0,-218.0,4.5,-110.0,-110.0,50.5,-108.0,-112.0,0,dome,matrixturf,,,,,,,Dan Campbell,Sean McVay,,LAX01,SoFi Stadium,DET,LA,False,,,,,,,,,,,,,,,,,,,,,,,,,,,,,,,,,,,,,,,,,,,,,,,,,,,,,,,,,,,,,,,,,,,,,,,,,,,,,,,,,,,,,,,,,,,,,,,,,,,,0.0182607965715682,0
2025_16_PIT_DET,2025,REG,16,2025-12-21,Sunday,16:25,PIT,,DET,,Home,,,,2025122109,,,202512210det,28654,401772806,6970,6,7,,,,,,,,,0,dome,fieldturf,,,,,,,Mike Tomlin,Dan Campbell,,DET00,Ford Field,DET,PIT,True,,,,,,,,,,,,,,,,,,,,,,,,,,,,,,,,,,,,,,,,,,,,,,,,,,,,,,,,,,,,,,,,,,,,,,,,,,,,,,,,,,,,,,,,,,,,,,,,,,,,0.0165731397877506,0
2025_17_DET_MIN,2025,REG,17,2025-12-25,Thursday,16:30,DET,,MIN,,Home,,,,2025122501,,,202512250min,28659,401772711,6975,4,4,,,,,,,,,1,dome,sportturf,,,,,,,Dan Campbell,Kevin O'Connell,,MIN01,U.S. Bank Stadium,DET,MIN,False,,,,,,,,,,,,,,,,,,,,,,,,,,,,,,,,,,,,,,,,,,,,,,,,,,,,,,,,,,,,,,,,,,,,,,,,,,,,,,,,,,,,,,,,,,,,,,,,,,,,0.0182607965715682,0
2025_18_DET_CHI,2025,REG,18,2026-01-04,Sunday,13:00,DET,,CHI,,Home,,,,2025010402,,,202501040chi,28675,401772965,6992,5,9,,,,,,,,,1,outdoors,grass,,,,,,,Dan Campbell,Ben Johnson,,CHI98,Soldier Field,DET,CHI,False,,,,,,,,,,,,,,,,,,,,,,,,,,,,,,,,,,,,,,,,,,,,,,,,,,,,,,,,,,,,,,,,,,,,,,,,,,,,,,,,,,,,,,,,,,,,,,,,,,,,0.0182607965715682,0
2025_01_DET_GB,2025,REG,1,2025-09-07,Sunday,16:25,DET,13.0,GB,27.0,Home,14.0,40.0,0.0,2025090710,59855.0,,202509070gnb,28430,401772722,6746,7,7,100.0,-120.0,1.5,-115.0,-105.0,48.5,-115.0,-105.0,1,outdoors,grass,60.0,5.0,00-0033106,00-0036264,Jared Goff,Jordan Love,Dan Campbell,Matt LaFleur,Clete Blakeman,GNB00,Lambeau Field,GB,DET,True,REG,DET,16.0,22.0,188.0,2.0,0.0,0.0,0.0,0.0,0.0,253.0,39.0,8.0,10.06529425203067,13.074940307573838,0.0,25.0,78.0,1.0,0.0,0.0,4.0,-2.4207472687050577,0.0,16.0,22.0,188.0,2.0,0.0,0.0,253.0,39.0,8.0,10.06529425203067,0.0,0.0,38.0,5.0,41.0,9.0,32.0,0.0,4.0,25.0,9.0,1.0,0.0,2.0,0.0,0.0,0.0,0.0,0.0,0.0,0.0,0.0,0.0,4.0,40.0,3.0,3.0,32.0,2.0,39.0,2.0,2.0,0.0,0.0,38.0,1.0,0.0,0.0,2.0,0.0,0.0,0.0,0.0,0.0,0.0,0.0,0.0,0.0,34;38,,,72.0,0.0,0.0,3.0,3.0,0.0,0.0,1.0,0.0,0.0,0.0,0.0,0.0,0.932182914283128,1
2025_02_WAS_GB,2025,REG,2,2025-09-11,Thursday,20:15,WAS,18.0,GB,27.0,Home,9.0,45.0,0.0,2025091100,59859.0,,202509110gnb,28434,401772936,6750,4,4,154.0,-185.0,3.5,-118.0,-102.0,48.5,-105.0,-115.0,0,outdoors,grass,65.0,7.0,00-0039910,00-0036264,Jayden Daniels,Jordan Love,Dan Quinn,Matt LaFleur,Brad Rogers,GNB00,Lambeau Field,GB,WAS,True,REG,WAS,19.0,31.0,292.0,2.0,0.0,2.0,-23.0,0.0,0.0,408.0,130.0,14.0,6.662380209949733,10.36571275304865,0.0,30.0,135.0,1.0,0.0,0.0,6.0,1.2424638609575576,0.0,19.0,27.0,292.0,2.0,0.0,0.0,408.0,130.0,14.0,13.83899421448368,0.0,0.0,42.0,0.0,18.0,3.0,10.0,0.0,4.0,21.0,12.0,0.0,0.0,8.0,0.0,0.0,0.0,0.0,0.0,0.0,0.0,0.0,0.0,10.0,77.0,2.0,3.0,1.0,2.0,57.0,2.0,3.0,1.0,0.0,56.0,0.6666666666666666,0.0,1.0,0.0,0.0,1.0,0.0,0.0,0.0,0.0,1.0,0.0,0.0,22;56,48,,78.0,48.0,0.0,3.0,3.0,0.0,0.0,1.0,0.0,0.0,0.0,0.0,0.0,0.936706392986989,1
2025_03_GB_CLE,2025,REG,3,2025-09-21,Sunday,13:00,GB,10.0,CLE,13.0,Home,3.0,23.0,0.0,2025092101,59877.0,,202509210cle,28453,401772842,6768,10,7,-470.0,360.0,-8.5,-102.0,-118.0,41.5,-115.0,-105.0,0,outdoors,grass,79.0,10.0,00-0036264,00-0026158,Jordan Love,Joe Flacco,Matt LaFleur,Kevin Stefanski,Carl Cheffers,CLE00,FirstEnergy Stadium,GB,CLE,False,REG,CLE,18.0,25.0,183.0,1.0,1.0,5.0,-34.0,0.0,0.0,48.0,137.0,8.0,-0.9422872209794448,-2.6773711442947388,0.0,31.0,81.0,0.0,1.0,0.0,4.0,-3.799871798521092,0.0,18.0,25.0,183.0,1.0,0.0,0.0,48.0,137.0,8.0,8.132670763578396,0.0,0.0,30.0,4.0,28.0,5.0,24.0,0.0,2.0,17.0,10.0,1.0,0.0,3.0,0.0,0.0,0.0,0.0,1.0,1.0,0.0,0.0,0.0,14.0,75.0,6.0,2.0,8.0,3.0,78.0,1.0,2.0,0.0,1.0,39.0,0.5,0.0,0.0,1.0,0.0,0.0,0.0,0.0,0.0,0.0,0.0,0.0,0.0,39,,43,39.0,0.0,43.0,1.0,1.0,0.0,0.0,1.0,0.0,0.0,0.0,0.0,0.0,0.0870438035631802,0
2025_04_GB_DAL,2025,REG,4,2025-09-28,Sunday,20:20,GB,40.0,DAL,40.0,Home,0.0,80.0,1.0,2025092812,59904.0,,202509280dal,28479,401772921,6795,7,7,-345.0,275.0,-7.0,-105.0,-115.0,47.5,-115.0,-105.0,0,closed,matrixturf,,,00-0036264,00-0033077,Jordan Love,Dak Prescott,Matt LaFleur,Brian Schottenheimer,Ron Torbert,DAL00,AT&T Stadium,GB,DAL,False,REG,DAL,31.0,43.0,337.0,3.0,0.0,1.0,-12.0,1.0,1.0,255.0,252.0,16.0,21.450974295086887,15.024238659275902,0.0,35.0,164.0,2.0,0.0,0.0,12.0,5.172739584289957,0.0,31.0,36.0,337.0,3.0,0.0,0.0,255.0,252.0,16.0,26.79269876536418,0.0,0.0,39.0,1.0,35.0,1.0,1.0,0.0,1.0,0.0,4.0,0.0,0.0,4.0,0.0,0.0,0.0,0.0,0.0,0.0,0.0,0.0,0.0,7.0,53.0,7.0,3.0,16.0,3.0,84.0,2.0,2.0,0.0,0.0,53.0,1.0,0.0,0.0,1.0,0.0,1.0,0.0,0.0,0.0,0.0,0.0,0.0,0.0,53;34,,,87.0,0.0,0.0,4.0,5.0,0.0,1.0,0.8,0.0,0.0,0.0,0.0,0.0,0.970007627504635,0
2025_06_CIN_GB,2025,REG,6,2025-10-12,Sunday,16:25,CIN,18.0,GB,27.0,Home,9.0,45.0,0.0,2025101209,59931.0,,202510120gnb,28506,401772752,6822,7,14,650.0,-1000.0,14.0,-110.0,-110.0,44.5,-110.0,-110.0,0,outdoors,grass,64.0,14.0,00-0026158,00-0036264,Joe Flacco,Jordan Love,Zac Taylor,Matt LaFleur,Brad Allen,GNB00,Lambeau Field,GB,CIN,True,REG,CIN,19.0,26.0,259.0,1.0,1.0,1.0,-3.0,0.0,0.0,246.0,105.0,11.0,7.356112143495093,6.610824282352741,0.0,33.0,153.0,2.0,0.0,0.0,12.0,4.917651760663981,0.0,19.0,26.0,259.0,1.0,0.0,0.0,246.0,105.0,11.0,8.155685669630738,0.0,0.0,29.0,2.0,36.0,5.0,15.0,0.0,1.0,6.0,5.0,0.0,0.0,3.0,0.0,0.0,0.0,37.0,0.0,0.0,0.0,0.0,0.0,5.0,40.0,4.0,2.0,14.0,4.0,132.0,2.0,2.0,0.0,0.0,43.0,1.0,0.0,0.0,1.0,1.0,0.0,0.0,0.0,0.0,0.0,0.0,0.0,0.0,43;39,,,82.0,0.0,0.0,3.0,3.0,0.0,0.0,1.0,0.0,0.0,0.0,0.0,0.0,0.8308053632065895,1
2025_07_GB_ARI,2025,REG,7,2025-10-19,Sunday,16:25,GB,27.0,ARI,23.0,Home,-4.0,50.0,0.0,2025101909,59946.0,,202510190crd,28521,401772863,6837,7,7,-395.0,310.0,-7.0,-115.0,-105.0,44.5,-110.0,-110.0,0,closed,grass,,,00-0036264,00-0033119,Jordan Love,Jacoby Brissett,Matt LaFleur,Jonathan Gannon,Alex Moore,PHO00,State Farm Stadium,GB,ARI,False,REG,ARI,19.0,29.0,179.0,1.0,0.0,1.0,-11.0,0.0,0.0,190.0,79.0,10.0,6.063561517960258,-3.0207430677754536,0.0,23.0,94.0,2.0,1.0,0.0,5.0,0.05295753350947052,0.0,19.0,28.0,179.0,1.0,0.0,0.0,190.0,79.0,10.0,8.655991831892967,0.0,0.0,37.0,2.0,44.0,9.0,45.0,1.0,6.0,43.0,12.0,0.0,0.0,4.0,0.0,0.0,0.0,0.0,2.0,2.0,1.0,1.0,0.0,10.0,94.0,5.0,0.0,0.0,5.0,115.0,2.0,2.0,0.0,0.0,61.0,1.0,0.0,0.0,1.0,0.0,0.0,1.0,0.0,0.0,0.0,0.0,0.0,0.0,31;61,,,92.0,0.0,0.0,3.0,3.0,0.0,0.0,1.0,0.0,0.0,0.0,0.0,0.0,0.9273945976276198,1
2025_08_GB_PIT,2025,REG,8,2025-10-26,Sunday,20:20,GB,35.0,PIT,25.0,Home,-10.0,60.0,0.0,2025102610,59962.0,,202510260pit,28537,401772925,6853,7,10,-155.0,130.0,-3.0,100.0,-120.0,46.5,-115.0,-105.0,0,outdoors,grass,46.0,5.0,00-0036264,00-0023459,Jordan Love,Aaron Rodgers,Matt LaFleur,Mike Tomlin,Shawn Hochuli,PIT00,Acrisure Stadium,GB,PIT,False,REG,PIT,29.0,37.0,360.0,3.0,0.0,0.0,0.0,0.0,0.0,194.0,245.0,17.0,22.352007517259448,13.540970938546318,1.0,26.0,94.0,1.0,0.0,0.0,5.0,-3.3783176579745486,0.0,29.0,35.0,360.0,3.0,1.0,0.0,194.0,245.0,17.0,24.115254171491312,1.0,0.0,39.0,0.0,22.0,5.0,23.0,1.0,3.0,17.0,5.0,0.0,0.0,5.0,0.0,1.0,0.0,0.0,1.0,1.0,1.0,1.0,0.0,5.0,47.0,4.0,4.0,17.0,5.0,119.0,2.0,4.0,2.0,0.0,28.0,0.5,0.0,2.0,0.0,0.0,0.0,0.0,0.0,0.0,0.0,1.0,1.0,0.0,28;25,57;44,,53.0,101.0,0.0,3.0,3.0,0.0,0.0,1.0,0.0,0.0,0.0,0.0,0.0,0.9435567795733808,1
2025_09_CAR_GB,2025,REG,9,2025-11-02,Sunday,13:00,CAR,16.0,GB,13.0,Home,-3.0,29.0,0.0,2025110202,59967.0,,202511020gnb,28542,401772872,6858,7,7,650.0,-1000.0,12.5,-102.0,-118.0,43.5,-115.0,-105.0,0,outdoors,grass,47.0,15.0,00-0039150,00-0036264,Bryce Young,Jordan Love,Dave Canales,Matt LaFleur,Land Clark,GNB00,Lambeau Field,GB,CAR,True,REG,CAR,26.0,37.0,273.0,0.0,1.0,1.0,-8.0,0.0,0.0,325.0,101.0,13.0,5.899998472000961,9.10083600452968,0.0,25.0,104.0,1.0,1.0,1.0,7.0,-3.220953201496741,0.0,26.0,35.0,273.0,0.0,0.0,0.0,325.0,101.0,13.0,8.626310540059139,0.0,0.0,25.0,0.0,46.0,1.0,2.0,1.0,1.0,0.0,2.0,1.0,0.0,1.0,0.0,0.0,0.0,0.0,0.0,0.0,0.0,0.0,0.0,7.0,42.0,5.0,2.0,6.0,3.0,68.0,2.0,3.0,1.0,0.0,49.0,0.6666666666666666,0.0,1.0,0.0,1.0,0.0,0.0,0.0,0.0,0.0,1.0,0.0,0.0,49;27,43,,76.0,43.0,0.0,1.0,1.0,0.0,0.0,1.0,0.0,0.0,0.0,0.0,0.0,0.3683451563173998,0
2025_10_PHI_GB,2025,REG,10,2025-11-10,Monday,20:15,PHI,10.0,GB,7.0,Home,-3.0,17.0,0.0,2025111000,59991.0,,202511100gnb,28566,401772630,6882,15,8,-110.0,-110.0,1.5,-122.0,102.0,45.5,-108.0,-112.0,0,outdoors,grass,33.0,9.0,00-0036389,00-0036264,Jalen Hurts,Jordan Love,Nick Sirianni,Matt LaFleur,Clay Martin,GNB00,Lambeau Field,GB,PHI,True,REG,PHI,20.0,36.0,176.0,0.0,0.0,3.0,-19.0,1.0,1.0,304.0,71.0,10.0,-8.137690771834327,-6.4590897975545944,0.0,27.0,104.0,1.0,2.0,1.0,8.0,-3.1888986221747473,0.0,20.0,33.0,176.0,0.0,0.0,0.0,304.0,71.0,10.0,-1.0934176021255553,0.0,0.0,34.0,1.0,31.0,6.0,16.0,1.0,0.0,0.0,0.0,0.0,0.0,2.0,0.0,0.0,0.0,0.0,1.0,2.0,1.0,1.0,0.0,4.0,20.0,6.0,2.0,22.0,3.0,77.0,0.0,1.0,1.0,0.0,,0.0,0.0,0.0,0.0,0.0,0.0,0.0,0.0,0.0,0.0,0.0,0.0,1.0,,64,,0.0,64.0,0.0,1.0,1.0,0.0,0.0,1.0,0.0,0.0,0.0,0.0,0.0,0.0275039534622959,0
2025_11_GB_NYG,2025,REG,11,2025-11-16,Sunday,13:00,GB,27.0,NYG,20.0,Home,-7.0,47.0,0.0,2025111605,59998.0,,202511160nyg,28574,401772883,6889,6,7,-440.0,340.0,-7.5,-110.0,-110.0,41.5,-110.0,-110.0,0,outdoors,fieldturf,55.0,17.0,00-0036264,00-0031503,Jordan Love,Jameis Winston,Matt LaFleur,Brian Daboll,Scott Novak,NYC01,MetLife Stadium,GB,NYG,False,REG,NYG,15.0,26.0,180.0,3.0,0.0,2.0,-12.0,0.0,0.0,293.0,32.0,12.0,12.480647788135801,1.5355408787727356,1.0,23.0,128.0,1.0,0.0,0.0,7.0,5.699253153346945,0.0,15.0,25.0,180.0,3.0,1.0,0.0,293.0,32.0,12.0,13.748367180625909,1.0,0.0,39.0,2.0,42.0,1.0,1.0,1.0,2.0,7.0,5.0,1.0,0.0,5.0,0.0,0.0,0.0,0.0,1.0,1.0,1.0,1.0,0.0,5.0,48.0,3.0,1.0,0.0,3.0,70.0,0.0,0.0,0.0,0.0,,,0.0,0.0,0.0,0.0,0.0,0.0,0.0,0.0,0.0,0.0,0.0,0.0,,,,0.0,0.0,0.0,1.0,3.0,2.0,0.0,0.3333333333333333,0.0,0.0,0.0,0.0,0.0,0.6576928170165158,1
2025_12_MIN_GB,2025,REG,12,2025-11-23,Sunday,13:00,MIN,6.0,GB,23.0,Home,17.0,29.0,0.0,2025112304,60012.0,,202511230gnb,28587,401772887,6903,7,7,235.0,-290.0,6.5,-112.0,-108.0,41.5,-112.0,-108.0,1,outdoors,grass,43.0,10.0,00-0039923,00-0036264,J.J. McCarthy,Jordan Love,Kevin O'Connell,Matt LaFleur,Carl Cheffers,GNB00,Lambeau Field,GB,MIN,True,REG,MIN,15.0,22.0,146.0,0.0,0.0,1.0,-4.0,0.0,0.0,177.0,65.0,8.0,5.860800781450475,5.1076029028211325,0.0,42.0,146.0,2.0,0.0,0.0,13.0,-6.856481178168112,0.0,15.0,21.0,146.0,0.0,0.0,0.0,177.0,65.0,8.0,8.435663023934467,0.0,0.0,31.0,0.0,20.0,7.0,32.0,0.0,5.0,35.0,10.0,2.0,0.0,4.0,0.0,0.0,0.0,0.0,0.0,0.0,1.0,1.0,0.0,2.0,10.0,4.0,2.0,21.0,2.0,46.0,3.0,3.0,0.0,0.0,40.0,1.0,0.0,0.0,2.0,1.0,0.0,0.0,0.0,0.0,0.0,0.0,0.0,0.0,32;30;40,,,102.0,0.0,0.0,2.0,2.0,0.0,0.0,1.0,0.0,0.0,0.0,0.0,0.0,0.9918874952001716,1
2025_13_GB_DET,2025,REG,13,2025-11-27,Thursday,13:00,GB,31.0,DET,24.0,Home,-7.0,55.0,0.0,2025112700,60021.0,,202511270det,28596,401772891,6912,4,4,130.0,-155.0,2.5,105.0,-125.0,48.5,-110.0,-110.0,1,dome,fieldturf,,,00-0036264,00-0033106,Jordan Love,Jared Goff,Matt LaFleur,Dan Campbell,Ron Torbert,DET00,Ford Field,GB,DET,False,REG,DET,18.0,30.0,234.0,4.0,0.0,0.0,0.0,0.0,0.0,343.0,39.0,11.0,16.350408765736013,0.8530517076623851,0.0,30.0,125.0,0.0,0.0,0.0,5.0,-2.5498974857036956,0.0,18.0,29.0,234.0,4.0,1.0,0.0,343.0,39.0,11.0,16.723415730158543,0.0,0.0,34.0,3.0,35.0,7.0,31.0,0.0,3.0,23.0,7.0,0.0,0.0,2.0,0.0,0.0,0.0,0.0,2.0,2.0,0.0,0.0,0.0,3.0,20.0,4.0,1.0,2.0,4.0,95.0,1.0,1.0,0.0,0.0,45.0,1.0,0.0,0.0,0.0,1.0,0.0,0.0,0.0,0.0,0.0,0.0,0.0,0.0,45,,,45.0,0.0,0.0,4.0,4.0,0.0,0.0,1.0,0.0,0.0,0.0,0.0,0.0,0.9283536301591566,1
2025_14_CHI_GB,2025,REG,14,2025-12-07,Sunday,16:25,CHI,,GB,,Home,,,,2025120703,,,202512070gnb,28616,401772897,6932,9,10,270.0,-340.0,6.5,-105.0,-115.0,44.5,-110.0,-110.0,1,outdoors,grass,,,00-0039918,00-0036264,Caleb Williams,Jordan Love,Ben Johnson,Matt LaFleur,,GNB00,Lambeau Field,GB,CHI,True,,,,,,,,,,,,,,,,,,,,,,,,,,,,,,,,,,,,,,,,,,,,,,,,,,,,,,,,,,,,,,,,,,,,,,,,,,,,,,,,,,,,,,,,,,,,,,,,,,,,0.0165731397877506,0
2025_15_GB_DEN,2025,REG,15,2025-12-14,Sunday,16:25,GB,,DEN,,Home,,,,2025121408,,,202512140den,28635,401772800,6951,7,7,-115.0,-105.0,-1.5,-102.0,-118.0,42.5,-112.0,-108.0,0,outdoors,grass,,,,,,,Matt LaFleur,Sean Payton,,DEN00,Empower Field at Mile High,GB,DEN,False,,,,,,,,,,,,,,,,,,,,,,,,,,,,,,,,,,,,,,,,,,,,,,,,,,,,,,,,,,,,,,,,,,,,,,,,,,,,,,,,,,,,,,,,,,,,,,,,,,,,0.0182607965715682,0
2025_16_GB_CHI,2025,REG,16,2025-12-19,Friday,13:00,GB,,CHI,,Home,,,,2025121900,,,202512190chi,28643,401772613,6959,5,5,,,,,,,,,1,outdoors,grass,,,,,,,Matt LaFleur,Ben Johnson,,CHI98,Soldier Field,GB,CHI,False,,,,,,,,,,,,,,,,,,,,,,,,,,,,,,,,,,,,,,,,,,,,,,,,,,,,,,,,,,,,,,,,,,,,,,,,,,,,,,,,,,,,,,,,,,,,,,,,,,,,0.0182607965715682,0
2025_17_BAL_GB,2025,REG,17,2025-12-28,Sunday,13:00,BAL,,GB,,Home,,,,2025122802,,,202512280gnb,28663,401772953,6980,7,9,,,,,,,,,0,outdoors,grass,,,,,,,John Harbaugh,Matt LaFleur,,GNB00,Lambeau Field,GB,BAL,True,,,,,,,,,,,,,,,,,,,,,,,,,,,,,,,,,,,,,,,,,,,,,,,,,,,,,,,,,,,,,,,,,,,,,,,,,,,,,,,,,,,,,,,,,,,,,,,,,,,,0.0165731397877506,0
2025_18_GB_MIN,2025,REG,18,2026-01-04,Sunday,13:00,GB,,MIN,,Home,,,,2025010409,,,202501040min,28682,401772968,6999,6,6,,,,,,,,,1,dome,sportturf,,,,,,,Matt LaFleur,Kevin O'Connell,,MIN01,U.S. Bank Stadium,GB,MIN,False,,,,,,,,,,,,,,,,,,,,,,,,,,,,,,,,,,,,,,,,,,,,,,,,,,,,,,,,,,,,,,,,,,,,,,,,,,,,,,,,,,,,,,,,,,,,,,,,,,,,0.0182607965715682,0
2025_01_HOU_LA,2025,REG,1,2025-09-07,Sunday,16:25,HOU,9.0,LA,14.0,Home,5.0,23.0,0.0,2025090711,59856.0,,202509070ram,28431,401772723,6747,7,7,140.0,-166.0,3.5,-118.0,-102.0,43.5,-115.0,-105.0,0,dome,matrixturf,,,00-0039163,00-0026498,C.J. Stroud,Matthew Stafford,DeMeco Ryans,Sean McVay,Craig Wrolstad,LAX01,SoFi Stadium,HOU,LA,False,REG,LA,19.0,27.0,188.0,0.0,1.0,3.0,-37.0,0.0,0.0,172.0,73.0,7.0,-4.065033344958763,-0.9746561447779337,0.0,27.0,114.0,0.0,0.0,0.0,8.0,1.0518964720943282,0.0,19.0,27.0,188.0,0.0,1.0,1.0,172.0,73.0,7.0,-2.531756629289102,0.0,0.0,35.0,3.0,23.0,5.0,42.0,1.0,3.0,21.0,6.0,0.0,0.0,1.0,0.0,0.0,0.0,0.0,0.0,0.0,1.0,1.0,0.0,11.0,80.0,4.0,2.0,20.0,1.0,11.0,3.0,3.0,0.0,0.0,53.0,1.0,0.0,0.0,0.0,1.0,2.0,0.0,0.0,0.0,0.0,0.0,0.0,0.0,51;45;53,,,149.0,0.0,0.0,0.0,0.0,0.0,0.0,,0.0,0.0,0.0,0.0,0.0,0.1853200082153362,0
2025_02_TB_HOU,2025,REG,2,2025-09-15,Monday,19:00,TB,20.0,HOU,19.0,Home,-1.0,39.0,0.0,2025091500,59873.0,,202509150htx,28448,401772715,6765,8,8,114.0,-135.0,2.5,-110.0,-110.0,42.5,-110.0,-110.0,0,closed,astroturf,,,00-0034855,00-0039163,Baker Mayfield,C.J. Stroud,Todd Bowles,DeMeco Ryans,Shawn Hochuli,HOU00,NRG Stadium,HOU,TB,True,REG,TB,13.0,24.0,207.0,1.0,0.0,3.0,-25.0,0.0,0.0,195.0,124.0,7.0,-4.481482616525894,-9.786830648131993,0.0,19.0,84.0,1.0,0.0,0.0,3.0,1.4734649395104498,0.0,13.0,23.0,207.0,1.0,0.0,0.0,195.0,124.0,7.0,3.6956396692527402,0.0,0.0,50.0,3.0,15.0,6.0,26.0,1.0,4.0,24.0,6.0,0.0,0.0,3.0,0.0,0.0,0.0,1.0,0.0,0.0,0.0,0.0,0.0,6.0,45.0,2.0,3.0,67.0,4.0,107.0,2.0,2.0,0.0,0.0,53.0,1.0,0.0,0.0,1.0,0.0,1.0,0.0,0.0,0.0,0.0,0.0,0.0,0.0,35;53,,,88.0,0.0,0.0,1.0,1.0,0.0,0.0,1.0,0.0,0.0,0.0,0.0,0.0,0.5162029244106832,0
2025_03_HOU_JAX,2025,REG,3,2025-09-21,Sunday,13:00,HOU,10.0,JAX,17.0,Home,7.0,27.0,0.0,2025092102,59878.0,,202509210jax,28454,401772734,6769,6,7,105.0,-125.0,1.5,-108.0,-112.0,43.5,-115.0,-105.0,1,outdoors,grass,85.0,11.0,00-0039163,00-0036971,C.J. Stroud,Trevor Lawrence,DeMeco Ryans,Liam Coen,Alex Kemp,JAX00,TIAA Bank Stadium,HOU,JAX,False,REG,JAX,25.0,38.0,204.0,1.0,2.0,2.0,-20.0,0.0,0.0,288.0,91.0,8.0,-4.190346033706602,1.464213016960356,0.0,19.0,87.0,0.0,0.0,0.0,3.0,-3.3823644383228384,0.0,25.0,36.0,204.0,1.0,1.0,1.0,288.0,91.0,8.0,-4.070450557440791,0.0,0.0,40.0,0.0,20.0,3.0,16.0,0.0,2.0,17.0,5.0,1.0,0.0,7.0,0.0,0.0,0.0,0.0,0.0,0.0,0.0,0.0,0.0,7.0,66.0,3.0,2.0,11.0,2.0,53.0,1.0,2.0,1.0,0.0,27.0,0.5,0.0,1.0,0.0,0.0,0.0,0.0,0.0,0.0,0.0,0.0,1.0,0.0,27,52,,27.0,52.0,0.0,1.0,1.0,0.0,0.0,1.0,0.0,0.0,0.0,0.0,0.0,0.0297092600699397,0
2025_04_TEN_HOU,2025,REG,4,2025-09-28,Sunday,13:00,TEN,0.0,HOU,26.0,Home,26.0,26.0,0.0,2025092804,59896.0,,202509280htx,28471,401772738,6787,7,7,340.0,-440.0,7.5,-115.0,-105.0,39.5,-105.0,-115.0,1,closed,astroturf,,,00-0040676,00-0039163,Cam Ward,C.J. Stroud,Brian Callahan,DeMeco Ryans,Brad Rogers,HOU00,NRG Stadium,HOU,TEN,True,REG,TEN,22.0,28.0,233.0,2.0,0.0,2.0,-9.0,0.0,0.0,182.0,109.0,9.0,8.211450432493871,8.142503244536263,0.0,35.0,129.0,1.0,0.0,0.0,10.0,1.6865984231252993,0.0,22.0,28.0,233.0,2.0,0.0,0.0,182.0,109.0,9.0,10.403841135915423,0.0,0.0,26.0,0.0,20.0,6.0,23.0,0.0,2.0,15.0,7.0,1.0,20.0,7.0,0.0,0.0,0.0,0.0,0.0,0.0,0.0,0.0,0.0,6.0,50.0,2.0,3.0,15.0,1.0,26.0,2.0,3.0,1.0,0.0,47.0,0.6666666666666666,0.0,0.0,0.0,2.0,0.0,0.0,0.0,0.0,0.0,0.0,1.0,0.0,47;43,54,,90.0,54.0,0.0,2.0,2.0,0.0,0.0,1.0,0.0,0.0,0.0,0.0,0.0,0.8718507854705736,1
2025_05_HOU_BAL,2025,REG,5,2025-10-05,Sunday,13:00,HOU,44.0,BAL,10.0,Home,-34.0,54.0,0.0,2025100501,59909.0,,202510050rav,28484,401772743,6800,7,7,-148.0,124.0,-2.5,-118.0,-102.0,41.5,-115.0,-105.0,0,outdoors,grass,78.0,2.0,00-0039163,00-0033662,C.J. Stroud,Cooper Rush,DeMeco Ryans,John Harbaugh,Land Clark,BAL00,M&T Bank Stadium,HOU,BAL,False,REG,BAL,25.0,31.0,267.0,4.0,0.0,2.0,-17.0,0.0,0.0,259.0,77.0,15.0,18.976819263320994,16.18174256816987,0.0,33.0,167.0,1.0,0.0,0.0,8.0,3.0716267556887153,0.0,25.0,31.0,267.0,4.0,0.0,0.0,259.0,77.0,15.0,23.09963262620949,0.0,0.0,28.0,1.0,27.0,3.0,20.0,0.0,1.0,16.0,2.0,3.0,20.0,4.0,0.0,0.0,0.0,0.0,0.0,0.0,0.0,0.0,0.0,4.0,26.0,1.0,1.0,12.0,2.0,58.0,3.0,3.0,0.0,0.0,57.0,1.0,0.0,0.0,1.0,0.0,2.0,0.0,0.0,0.0,0.0,0.0,0.0,0.0,50;57;34,,,141.0,0.0,0.0,5.0,5.0,0.0,0.0,1.0,0.0,0.0,0.0,0.0,0.0,0.9991859323691286,1
2025_07_HOU_SEA,2025,REG,7,2025-10-20,Monday,22:00,HOU,19.0,SEA,27.0,Home,8.0,46.0,0.0,2025102001,59950.0,,202510200sea,28525,401772826,6840,15,8,140.0,-166.0,3.0,-110.0,-110.0,41.5,-110.0,-110.0,0,outdoors,fieldturf,56.0,5.0,00-0039163,00-0034869,C.J. Stroud,Sam Darnold,DeMeco Ryans,Mike Macdonald,Carl Cheffers,SEA00,Lumen Field,HOU,SEA,False,REG,SEA,23.0,49.0,229.0,1.0,1.0,3.0,-31.0,0.0,0.0,424.0,109.0,13.0,-13.52440370475038,-14.157423377037048,0.0,17.0,56.0,0.0,0.0,0.0,1.0,-8.1790441799385,0.0,23.0,46.0,229.0,1.0,0.0,0.0,424.0,109.0,13.0,-6.739802497465575,0.0,0.0,40.0,5.0,27.0,7.0,20.0,2.0,2.0,15.0,5.0,2.0,28.0,5.0,0.0,0.0,0.0,0.0,0.0,0.0,2.0,2.0,1.0,10.0,105.0,4.0,3.0,25.0,6.0,154.0,2.0,2.0,0.0,0.0,46.0,1.0,0.0,0.0,1.0,1.0,0.0,0.0,0.0,0.0,0.0,0.0,0.0,0.0,36;46,,,82.0,0.0,0.0,1.0,1.0,0.0,0.0,1.0,0.0,0.0,0.0,0.0,0.0,0.1953078943857818,0
2025_08_SF_HOU,2025,REG,8,2025-10-26,Sunday,13:00,SF,15.0,HOU,26.0,Home,11.0,41.0,0.0,2025102604,59956.0,,202510260htx,28531,401772866,6847,7,6,130.0,-155.0,2.5,100.0,-120.0,41.5,-112.0,-108.0,0,closed,astroturf,,,00-0036972,00-0039163,Mac Jones,C.J. Stroud,Kyle Shanahan,DeMeco Ryans,Alan Eck,HOU00,NRG Stadium,HOU,SF,True,REG,SF,30.0,39.0,318.0,2.0,1.0,0.0,0.0,0.0,0.0,338.0,146.0,16.0,19.188032113091264,8.515917784289309,0.0,36.0,157.0,0.0,0.0,0.0,7.0,-1.7961320135784566,0.0,30.0,38.0,318.0,2.0,0.0,0.0,338.0,146.0,16.0,19.693896270723723,0.0,0.0,25.0,1.0,19.0,4.0,24.0,1.0,2.0,18.0,6.0,1.0,0.0,5.0,0.0,0.0,0.0,0.0,0.0,0.0,0.0,0.0,0.0,8.0,55.0,3.0,2.0,11.0,3.0,70.0,4.0,4.0,0.0,0.0,37.0,1.0,0.0,0.0,4.0,0.0,0.0,0.0,0.0,0.0,0.0,0.0,0.0,0.0,33;34;37;30,,,134.0,0.0,0.0,2.0,2.0,0.0,0.0,1.0,0.0,0.0,0.0,0.0,0.0,0.9582605195263808,1
2025_09_DEN_HOU,2025,REG,9,2025-11-02,Sunday,13:00,DEN,18.0,HOU,15.0,Home,-3.0,33.0,0.0,2025110203,59968.0,,202511020htx,28543,401772870,6859,7,7,105.0,-125.0,1.5,-110.0,-110.0,40.5,-105.0,-115.0,0,closed,astroturf,,,00-0039732,00-0039163,Bo Nix,C.J. Stroud,Sean Payton,DeMeco Ryans,Ron Torbert,HOU00,NRG Stadium,HOU,DEN,True,REG,DEN,23.0,40.0,216.0,0.0,0.0,4.0,-25.0,0.0,0.0,331.0,69.0,11.0,-2.5921751130592905,-11.836634232447697,0.0,28.0,77.0,0.0,0.0,0.0,3.0,-8.171892868587747,0.0,23.0,39.0,216.0,0.0,0.0,0.0,331.0,69.0,11.0,3.130128855996301,0.0,0.0,28.0,0.0,36.0,4.0,16.0,0.0,1.0,2.0,4.0,1.0,0.0,7.0,0.0,0.0,0.0,0.0,0.0,0.0,1.0,1.0,0.0,4.0,29.0,6.0,4.0,62.0,3.0,85.0,5.0,6.0,1.0,0.0,41.0,0.8333333333333334,0.0,1.0,1.0,3.0,0.0,0.0,0.0,0.0,0.0,0.0,1.0,0.0,23;41;38;40;41,51,,183.0,51.0,0.0,0.0,0.0,0.0,0.0,,0.0,0.0,0.0,0.0,0.0,0.6765248662476092,0
2025_10_JAX_HOU,2025,REG,10,2025-11-09,Sunday,13:00,JAX,29.0,HOU,36.0,Home,7.0,65.0,0.0,2025110903,59982.0,,202511090htx,28557,401772770,6873,7,7,-115.0,-105.0,-1.5,100.0,-120.0,37.5,-112.0,-108.0,1,closed,astroturf,,,00-0036971,00-0036898,Trevor Lawrence,Davis Mills,Liam Coen,DeMeco Ryans,Alex Moore,HOU00,NRG Stadium,HOU,JAX,True,REG,JAX,27.0,45.0,292.0,2.0,1.0,2.0,-10.0,0.0,0.0,427.0,76.0,17.0,0.7544076708290387,-3.2593265853144904,1.0,22.0,130.0,2.0,1.0,0.0,9.0,4.545292288399767,0.0,27.0,44.0,292.0,2.0,0.0,0.0,427.0,76.0,17.0,3.1986179752420294,1.0,0.0,38.0,0.0,26.0,8.0,48.0,2.0,5.0,39.0,6.0,1.0,0.0,9.0,0.0,0.0,0.0,0.0,1.0,2.0,1.0,1.0,1.0,11.0,80.0,4.0,1.0,8.0,3.0,71.0,1.0,1.0,0.0,0.0,23.0,1.0,0.0,1.0,0.0,0.0,0.0,0.0,0.0,0.0,0.0,0.0,0.0,0.0,23,,,23.0,0.0,0.0,1.0,1.0,0.0,0.0,1.0,0.0,0.0,0.0,0.0,0.0,0.7062492310065536,1
2025_11_HOU_TEN,2025,REG,11,2025-11-16,Sunday,13:00,HOU,16.0,TEN,13.0,Home,-3.0,29.0,0.0,2025111607,60000.0,,202511160oti,28576,401772881,6891,7,14,-265.0,215.0,-5.5,-108.0,-112.0,37.5,-118.0,-102.0,1,outdoors,grass,64.0,8.0,00-0036898,00-0040676,Davis Mills,Cam Ward,DeMeco Ryans,Brian Callahan,Shawn Hochuli,NAS00,Nissan Stadium,HOU,TEN,False,REG,TEN,26.0,41.0,274.0,1.0,0.0,4.0,-34.0,0.0,0.0,350.0,82.0,13.0,-0.15799854809233072,-0.025067180395126343,0.0,23.0,75.0,0.0,0.0,0.0,6.0,-4.360790692323905,0.0,26.0,40.0,274.0,1.0,0.0,0.0,350.0,82.0,13.0,12.026401140756896,0.0,0.0,29.0,1.0,29.0,5.0,28.0,1.0,3.0,23.0,6.0,0.0,0.0,5.0,0.0,0.0,0.0,0.0,0.0,0.0,1.0,1.0,0.0,5.0,53.0,4.0,5.0,38.0,2.0,51.0,3.0,3.0,0.0,0.0,43.0,1.0,0.0,0.0,1.0,2.0,0.0,0.0,0.0,0.0,0.0,0.0,0.0,0.0,41;43;35,,,119.0,0.0,0.0,1.0,1.0,0.0,0.0,1.0,1.0,1.0,0.0,0.0,35.0,0.4602355300723544,1
2025_12_BUF_HOU,2025,REG,12,2025-11-20,Thursday,20:15,BUF,19.0,HOU,23.0,Home,4.0,42.0,0.0,2025112000,60007.0,,202511200htx,28582,401772946,6898,4,4,-258.0,210.0,-5.5,-108.0,-112.0,43.5,-105.0,-115.0,0,closed,astroturf,,,00-0034857,00-0036898,Josh Allen,Davis Mills,Sean McDermott,DeMeco Ryans,Adrian Hill,HOU00,NRG Stadium,HOU,BUF,True,REG,BUF,16.0,30.0,153.0,2.0,0.0,0.0,0.0,0.0,0.0,231.0,65.0,7.0,-6.352323018502744,-7.499050136123385,0.0,26.0,108.0,0.0,0.0,0.0,6.0,2.81782941709389,0.0,16.0,28.0,153.0,2.0,0.0,0.0,231.0,65.0,7.0,-3.7760381652268786,0.0,0.0,46.0,0.0,28.0,11.0,72.0,1.0,8.0,70.0,12.0,2.0,29.0,5.0,0.0,0.0,0.0,0.0,0.0,0.0,1.0,1.0,0.0,5.0,40.0,4.0,0.0,0.0,5.0,116.0,3.0,3.0,0.0,0.0,43.0,1.0,0.0,2.0,0.0,1.0,0.0,0.0,0.0,0.0,0.0,0.0,0.0,0.0,24;43;26,,,93.0,0.0,0.0,2.0,2.0,0.0,0.0,1.0,0.0,0.0,0.0,0.0,0.0,0.9915434010292612,1
2025_13_HOU_IND,2025,REG,13,2025-11-30,Sunday,13:00,HOU,20.0,IND,16.0,Home,-4.0,36.0,0.0,2025113002,60027.0,,202511300clt,28602,401772787,6918,10,7,142.0,-170.0,3.0,-105.0,-115.0,44.5,-112.0,-108.0,1,closed,fieldturf,,,00-0039163,00-0035710,C.J. Stroud,Daniel Jones,DeMeco Ryans,Shane Steichen,Clay Martin,IND00,Lucas Oil Stadium,HOU,IND,False,REG,IND,22.0,35.0,276.0,0.0,1.0,2.0,-20.0,0.0,0.0,392.0,110.0,14.0,7.595687960062666,6.048811133950949,0.0,34.0,108.0,2.0,1.0,0.0,8.0,-6.808023981488077,0.0,22.0,32.0,276.0,0.0,0.0,0.0,392.0,110.0,14.0,12.857139297628839,0.0,0.0,25.0,2.0,32.0,5.0,15.0,0.0,1.0,6.0,6.0,0.0,0.0,4.0,0.0,0.0,0.0,0.0,1.0,1.0,0.0,0.0,0.0,9.0,85.0,5.0,2.0,28.0,4.0,115.0,2.0,2.0,0.0,0.0,43.0,1.0,0.0,1.0,0.0,1.0,0.0,0.0,0.0,0.0,0.0,0.0,0.0,0.0,23;43,,,66.0,0.0,0.0,2.0,2.0,0.0,0.0,1.0,0.0,0.0,0.0,0.0,0.0,0.3826927626268385,1
2025_14_HOU_KC,2025,REG,14,2025-12-07,Sunday,20:20,HOU,,KC,,Home,,,,2025120711,,,202512070kan,28624,401772932,6940,7,10,150.0,-180.0,3.5,-115.0,-105.0,41.5,-105.0,-115.0,0,outdoors,grass,,,00-0039163,00-0033873,C.J. Stroud,Patrick Mahomes,DeMeco Ryans,Andy Reid,,KAN00,GEHA Field at Arrowhead Stadium,HOU,KC,False,,,,,,,,,,,,,,,,,,,,,,,,,,,,,,,,,,,,,,,,,,,,,,,,,,,,,,,,,,,,,,,,,,,,,,,,,,,,,,,,,,,,,,,,,,,,,,,,,,,,0.0182607965715682,0
2025_15_ARI_HOU,2025,REG,15,2025-12-14,Sunday,13:00,ARI,,HOU,,Home,,,,2025121402,,,202512140htx,28629,401772903,6945,7,7,280.0,-355.0,7.0,-105.0,-115.0,42.5,-110.0,-110.0,0,closed,astroturf,,,,,,,Jonathan Gannon,DeMeco Ryans,,HOU00,NRG Stadium,HOU,ARI,True,,,,,,,,,,,,,,,,,,,,,,,,,,,,,,,,,,,,,,,,,,,,,,,,,,,,,,,,,,,,,,,,,,,,,,,,,,,,,,,,,,,,,,,,,,,,,,,,,,,,0.0165731397877506,0
2025_16_LV_HOU,2025,REG,16,2025-12-21,Sunday,16:25,LV,,HOU,,Home,,,,2025122110,,,202512210htx,28655,401772805,6971,7,7,,,,,,,,,0,closed,astroturf,,,,,,,Pete Carroll,DeMeco Ryans,,HOU00,NRG Stadium,HOU,LV,True,,,,,,,,,,,,,,,,,,,,,,,,,,,,,,,,,,,,,,,,,,,,,,,,,,,,,,,,,,,,,,,,,,,,,,,,,,,,,,,,,,,,,,,,,,,,,,,,,,,,0.0165731397877506,0
2025_17_HOU_LAC,2025,REG,17,2025-12-28,Sunday,13:00,HOU,,LAC,,Home,,,,2025122803,,,202512280sdg,28664,401772951,6982,7,7,,,,,,,,,0,dome,matrixturf,,,,,,,DeMeco Ryans,Jim Harbaugh,,LAX01,SoFi Stadium,HOU,LAC,False,,,,,,,,,,,,,,,,,,,,,,,,,,,,,,,,,,,,,,,,,,,,,,,,,,,,,,,,,,,,,,,,,,,,,,,,,,,,,,,,,,,,,,,,,,,,,,,,,,,,0.0182607965715682,0
2025_18_IND_HOU,2025,REG,18,2026-01-04,Sunday,13:00,IND,,HOU,,Home,,,,2025010405,,,202501040htx,28678,401772962,6995,6,10,,,,,,,,,1,closed,astroturf,,,,,,,Shane Steichen,DeMeco Ryans,,HOU00,NRG Stadium,HOU,IND,True,,,,,,,,,,,,,,,,,,,,,,,,,,,,,,,,,,,,,,,,,,,,,,,,,,,,,,,,,,,,,,,,,,,,,,,,,,,,,,,,,,,,,,,,,,,,,,,,,,,,0.0165731397877506,0
2025_01_MIA_IND,2025,REG,1,2025-09-07,Sunday,13:00,MIA,8.0,IND,33.0,Home,25.0,41.0,0.0,2025090702,59847.0,,202509070clt,28422,401772719,6738,7,7,-108.0,-112.0,1.5,-118.0,-102.0,47.5,-120.0,100.0,0,closed,fieldturf,,,00-0036212,00-0035710,Tua Tagovailoa,Daniel Jones,Mike McDaniel,Shane Steichen,Brad Allen,IND00,Lucas Oil Stadium,IND,MIA,True,REG,MIA,22.0,29.0,272.0,1.0,0.0,1.0,-10.0,0.0,0.0,196.0,112.0,14.0,12.997713351082982,5.388343025898111,0.0,40.0,156.0,2.0,0.0,0.0,11.0,5.522064567154631,0.0,22.0,29.0,272.0,1.0,0.0,0.0,196.0,112.0,14.0,14.719911895618768,0.0,0.0,26.0,2.0,24.0,4.0,16.0,1.0,3.0,13.0,6.0,2.0,20.0,5.0,0.0,0.0,0.0,0.0,0.0,0.0,1.0,1.0,0.0,4.0,45.0,3.0,0.0,0.0,1.0,27.0,4.0,4.0,0.0,0.0,48.0,1.0,0.0,2.0,1.0,1.0,0.0,0.0,0.0,0.0,0.0,0.0,0.0,0.0,24;35;28;48,,,135.0,0.0,0.0,3.0,3.0,0.0,0.0,1.0,0.0,0.0,0.0,0.0,0.0,0.9984862547183094,1
2025_02_DEN_IND,2025,REG,2,2025-09-14,Sunday,16:05,DEN,28.0,IND,29.0,Home,1.0,57.0,0.0,2025091410,59870.0,,202509140clt,28444,401772729,6761,7,7,-130.0,110.0,-2.5,-105.0,-115.0,43.5,-112.0,-108.0,0,closed,fieldturf,,,00-0039732,00-0035710,Bo Nix,Daniel Jones,Sean Payton,Shane Steichen,Craig Wrolstad,IND00,Lucas Oil Stadium,IND,DEN,True,REG,DEN,23.0,34.0,316.0,1.0,0.0,1.0,-10.0,0.0,0.0,329.0,131.0,16.0,10.95338626059685,4.9739260565150865,0.0,32.0,167.0,1.0,0.0,0.0,6.0,-0.8950309250502064,0.0,23.0,33.0,316.0,1.0,0.0,0.0,329.0,131.0,16.0,13.859342705660016,0.0,0.0,34.0,2.0,22.0,5.0,8.0,0.0,0.0,0.0,0.0,1.0,0.0,4.0,0.0,0.0,0.0,0.0,0.0,0.0,0.0,0.0,0.0,11.0,68.0,4.0,2.0,4.0,5.0,140.0,5.0,5.0,0.0,0.0,45.0,1.0,0.0,2.0,2.0,1.0,0.0,0.0,0.0,0.0,0.0,0.0,0.0,0.0,29;33;36;28;45,,,171.0,0.0,0.0,2.0,2.0,0.0,0.0,1.0,1.0,1.0,0.0,0.0,45.0,0.9846049663872308,1
2025_03_IND_TEN,2025,REG,3,2025-09-21,Sunday,13:00,IND,41.0,TEN,20.0,Home,-21.0,61.0,0.0,2025092107,59883.0,,202509210oti,28459,401772733,6774,7,7,-245.0,200.0,-6.0,-108.0,-112.0,43.5,-115.0,-105.0,1,outdoors,grass,84.0,8.0,00-0035710,00-0040676,Daniel Jones,Cam Ward,Shane Steichen,Brian Callahan,Scott Novak,NAS00,Nissan Stadium,IND,TEN,False,REG,TEN,18.0,25.0,228.0,1.0,0.0,0.0,0.0,0.0,0.0,175.0,120.0,10.0,10.818640147236174,1.6586910486221313,0.0,28.0,137.0,3.0,0.0,0.0,9.0,4.743311626029598,0.0,18.0,25.0,228.0,1.0,0.0,0.0,175.0,120.0,10.0,10.818640147236174,0.0,0.0,43.0,3.0,19.0,8.0,32.0,0.0,4.0,23.0,7.0,1.0,32.0,4.0,1.0,0.0,0.0,0.0,0.0,0.0,0.0,0.0,0.0,4.0,23.0,4.0,0.0,0.0,3.0,104.0,2.0,3.0,1.0,0.0,36.0,0.6666666666666666,0.0,1.0,1.0,0.0,0.0,0.0,0.0,0.0,0.0,0.0,1.0,0.0,24;36,51,,60.0,51.0,0.0,5.0,5.0,0.0,0.0,1.0,0.0,0.0,0.0,0.0,0.0,0.9955192422935102,1
2025_04_IND_LA,2025,REG,4,2025-09-28,Sunday,16:05,IND,20.0,LA,27.0,Home,7.0,47.0,0.0,2025092808,59900.0,,202509280ram,28475,401772849,6791,7,7,154.0,-185.0,3.5,-105.0,-115.0,49.5,-105.0,-115.0,0,dome,matrixturf,,,00-0035710,00-0026498,Daniel Jones,Matthew Stafford,Shane Steichen,Sean McVay,Carl Cheffers,LAX01,SoFi Stadium,IND,LA,False,REG,LA,24.0,33.0,262.0,1.0,2.0,2.0,-14.0,1.0,0.0,313.0,127.0,12.0,4.143268179661794,7.550807576626539,0.0,21.0,85.0,1.0,0.0,0.0,5.0,-1.488443431680011,0.0,24.0,32.0,262.0,1.0,1.0,1.0,313.0,127.0,12.0,0.05179588140567182,0.0,0.0,37.0,1.0,45.0,4.0,24.0,1.0,3.0,15.0,9.0,0.0,0.0,4.0,0.0,0.0,0.0,0.0,1.0,1.0,1.0,1.0,0.0,11.0,88.0,3.0,2.0,31.0,4.0,91.0,2.0,2.0,0.0,0.0,52.0,1.0,0.0,0.0,1.0,0.0,1.0,0.0,0.0,0.0,0.0,0.0,0.0,0.0,52;38,,,90.0,0.0,0.0,2.0,2.0,0.0,0.0,1.0,0.0,0.0,0.0,0.0,0.0,0.2424178794490135,0
2025_05_LV_IND,2025,REG,5,2025-10-05,Sunday,13:00,LV,6.0,IND,40.0,Home,34.0,46.0,0.0,2025100503,59911.0,,202510050clt,28486,401772851,6802,7,7,285.0,-360.0,7.0,100.0,-120.0,46.5,-108.0,-112.0,0,closed,fieldturf,,,00-0030565,00-0035710,Geno Smith,Daniel Jones,Pete Carroll,Shane Steichen,Alex Kemp,IND00,Lucas Oil Stadium,IND,LV,True,REG,LV,21.0,32.0,221.0,2.0,0.0,0.0,0.0,0.0,0.0,267.0,72.0,12.0,10.682596398386872,-1.6103078280725787,0.0,25.0,96.0,4.0,0.0,0.0,10.0,6.2042357967149,1.0,21.0,31.0,221.0,2.0,0.0,0.0,267.0,72.0,12.0,11.147923787401291,0.0,0.0,40.0,1.0,37.0,6.0,40.0,0.0,4.0,38.0,5.0,2.0,32.0,8.0,0.0,0.0,0.0,0.0,1.0,1.0,0.0,0.0,0.0,9.0,77.0,3.0,0.0,0.0,3.0,74.0,0.0,0.0,0.0,0.0,,,0.0,0.0,0.0,0.0,0.0,0.0,0.0,0.0,0.0,0.0,0.0,0.0,,,,0.0,0.0,0.0,2.0,2.0,0.0,0.0,1.0,0.0,0.0,0.0,0.0,0.0,0.8866892533323811,1
2025_06_ARI_IND,2025,REG,6,2025-10-12,Sunday,13:00,ARI,27.0,IND,31.0,Home,4.0,58.0,0.0,2025101203,59925.0,,202510120clt,28500,401772856,6816,7,7,360.0,-470.0,8.5,-110.0,-110.0,46.5,-122.0,102.0,0,closed,fieldturf,,,00-0033119,00-0035710,Jacoby Brissett,Daniel Jones,Jonathan Gannon,Shane Steichen,Shawn Hochuli,IND00,Lucas Oil Stadium,IND,ARI,True,REG,ARI,22.0,30.0,212.0,2.0,1.0,1.0,-7.0,0.0,0.0,204.0,115.0,13.0,2.8482230268754942,3.7489487727483115,0.0,27.0,150.0,2.0,0.0,0.0,11.0,5.5138952072302345,0.0,22.0,30.0,212.0,2.0,0.0,0.0,204.0,115.0,13.0,4.2427405089010435,0.0,0.0,47.0,2.0,16.0,6.0,20.0,0.0,2.0,8.0,12.0,1.0,9.0,3.0,0.0,0.0,0.0,0.0,0.0,0.0,0.0,0.0,0.0,5.0,40.0,3.0,1.0,0.0,5.0,135.0,1.0,1.0,0.0,0.0,45.0,1.0,0.0,0.0,0.0,1.0,0.0,0.0,0.0,0.0,0.0,0.0,0.0,0.0,45,,,45.0,0.0,0.0,4.0,4.0,0.0,0.0,1.0,0.0,0.0,0.0,0.0,0.0,0.8212153686113369,1
2025_07_IND_LAC,2025,REG,7,2025-10-19,Sunday,16:05,IND,38.0,LAC,24.0,Home,-14.0,62.0,0.0,2025101908,59945.0,,202510190sdg,28520,401772756,6836,7,7,114.0,-135.0,2.5,-108.0,-112.0,48.5,-110.0,-110.0,0,dome,matrixturf,,,00-0035710,00-0036355,Daniel Jones,Justin Herbert,Shane Steichen,Jim Harbaugh,Alan Eck,LAX01,SoFi Stadium,IND,LAC,False,REG,LAC,23.0,34.0,288.0,2.0,0.0,1.0,-7.0,0.0,0.0,334.0,142.0,14.0,14.861354353612416,5.181318800896406,1.0,23.0,120.0,3.0,0.0,0.0,10.0,7.140562940854579,0.0,23.0,32.0,288.0,2.0,0.0,0.0,334.0,142.0,14.0,16.860766531244852,1.0,0.0,43.0,0.0,30.0,4.0,31.0,0.0,3.0,29.0,15.0,2.0,3.0,6.0,0.0,0.0,0.0,0.0,1.0,1.0,0.0,0.0,0.0,3.0,42.0,6.0,0.0,0.0,5.0,193.0,1.0,1.0,0.0,0.0,36.0,1.0,0.0,0.0,1.0,0.0,0.0,0.0,0.0,0.0,0.0,0.0,0.0,0.0,36,,,36.0,0.0,0.0,3.0,4.0,1.0,0.0,0.75,0.0,0.0,0.0,0.0,0.0,0.979866955834192,1
2025_08_TEN_IND,2025,REG,8,2025-10-26,Sunday,16:25,TEN,14.0,IND,38.0,Home,24.0,52.0,0.0,2025102609,59961.0,,202510260clt,28536,401772761,6852,7,7,950.0,-1650.0,15.5,-115.0,-105.0,47.5,-102.0,-118.0,1,closed,fieldturf,,,00-0040676,00-0035710,Cam Ward,Daniel Jones,Brian Callahan,Shane Steichen,Land Clark,IND00,Lucas Oil Stadium,IND,TEN,True,REG,TEN,21.0,31.0,272.0,3.0,0.0,3.0,-16.0,0.0,0.0,267.0,110.0,14.0,11.726610737759284,7.135976957423346,0.0,18.0,164.0,2.0,0.0,0.0,7.0,8.113839974626899,0.0,21.0,28.0,272.0,3.0,0.0,0.0,267.0,110.0,14.0,16.693115070019513,0.0,0.0,43.0,1.0,25.0,8.0,33.0,0.0,4.0,31.0,7.0,1.0,0.0,4.0,0.0,0.0,0.0,0.0,0.0,0.0,0.0,0.0,0.0,3.0,32.0,2.0,2.0,33.0,2.0,42.0,1.0,1.0,0.0,0.0,43.0,1.0,0.0,0.0,0.0,1.0,0.0,0.0,0.0,0.0,0.0,0.0,0.0,0.0,43,,,43.0,0.0,0.0,5.0,5.0,0.0,0.0,1.0,0.0,0.0,0.0,0.0,0.0,0.9898794783481524,1
2025_09_IND_PIT,2025,REG,9,2025-11-02,Sunday,13:00,IND,20.0,PIT,27.0,Home,7.0,47.0,0.0,2025110206,59971.0,,202511020pit,28546,401772766,6862,7,7,-185.0,154.0,-3.5,100.0,-120.0,51.5,-105.0,-115.0,0,outdoors,grass,56.0,2.0,00-0035710,00-0023459,Daniel Jones,Aaron Rodgers,Shane Steichen,Mike Tomlin,Craig Wrolstad,PIT00,Acrisure Stadium,IND,PIT,False,REG,PIT,31.0,50.0,342.0,1.0,3.0,5.0,-29.0,2.0,2.0,432.0,88.0,17.0,-16.25802781872842,-1.6291015471021335,0.0,19.0,55.0,1.0,1.0,0.0,6.0,7.334570960782003,0.0,31.0,48.0,342.0,1.0,0.0,0.0,432.0,88.0,17.0,-0.5869178931262962,0.0,0.0,37.0,0.0,34.0,6.0,25.0,1.0,3.0,16.0,4.0,0.0,0.0,3.0,0.0,1.0,0.0,0.0,1.0,1.0,1.0,1.0,0.0,5.0,53.0,3.0,3.0,23.0,4.0,100.0,2.0,2.0,0.0,0.0,53.0,1.0,0.0,0.0,0.0,0.0,2.0,0.0,0.0,0.0,0.0,0.0,0.0,0.0,52;53,,,105.0,0.0,0.0,2.0,2.0,0.0,0.0,1.0,0.0,0.0,0.0,0.0,0.0,0.0721867140823613,0
2025_10_ATL_IND,2025,REG,10,2025-11-09,Sunday,09:30,ATL,25.0,IND,31.0,Neutral,6.0,56.0,1.0,2025110900,59979.0,,202511090clt,28554,401772636,6870,7,7,250.0,-310.0,6.5,-112.0,-108.0,48.5,-112.0,-108.0,0,closed,grass,46.0,2.0,00-0039917,00-0035710,Michael Penix,Daniel Jones,Raheem Morris,Shane Steichen,Clete Blakeman,IND00,Lucas Oil Stadium,IND,ATL,True,REG,ATL,19.0,26.0,255.0,1.0,1.0,7.0,-59.0,3.0,1.0,209.0,134.0,10.0,-2.113338494551453,3.072657034947322,0.0,41.0,323.0,3.0,0.0,0.0,15.0,13.43753906149711,0.0,19.0,26.0,255.0,1.0,1.0,0.0,209.0,134.0,10.0,11.356274902127279,0.0,0.0,35.0,0.0,28.0,4.0,33.0,1.0,3.0,27.0,3.0,0.0,0.0,3.0,0.0,0.0,0.0,0.0,2.0,2.0,1.0,1.0,0.0,7.0,56.0,3.0,3.0,32.0,4.0,139.0,2.0,3.0,1.0,0.0,44.0,0.6666666666666666,0.0,0.0,1.0,1.0,0.0,0.0,0.0,0.0,0.0,0.0,1.0,0.0,34;44,53,,78.0,53.0,0.0,1.0,2.0,1.0,0.0,0.5,0.0,0.0,0.0,0.0,0.0,0.9729606046292716,1
2025_12_IND_KC,2025,REG,12,2025-11-23,Sunday,13:00,IND,20.0,KC,23.0,Home,3.0,43.0,1.0,2025112305,60013.0,,202511230kan,28588,401772779,6904,14,7,180.0,-218.0,3.5,100.0,-120.0,50.5,-112.0,-108.0,0,outdoors,grass,,,00-0035710,00-0033873,Daniel Jones,Patrick Mahomes,Shane Steichen,Andy Reid,Alex Moore,KAN00,GEHA Field at Arrowhead Stadium,IND,KC,False,REG,KC,19.0,31.0,181.0,2.0,0.0,0.0,0.0,0.0,0.0,139.0,126.0,6.0,1.4296765363172348,-5.146127554678148,0.0,19.0,74.0,0.0,0.0,0.0,5.0,-1.6380376993329264,0.0,19.0,31.0,181.0,2.0,0.0,0.0,139.0,126.0,6.0,1.4296765363172348,0.0,0.0,58.0,0.0,42.0,5.0,8.0,1.0,4.0,6.0,10.0,1.0,3.0,5.0,0.0,0.0,0.0,0.0,0.0,0.0,1.0,1.0,0.0,11.0,83.0,6.0,3.0,49.0,6.0,172.0,2.0,2.0,0.0,0.0,32.0,1.0,0.0,1.0,1.0,0.0,0.0,0.0,0.0,0.0,0.0,0.0,0.0,0.0,32;23,,,55.0,0.0,0.0,2.0,2.0,0.0,0.0,1.0,0.0,0.0,0.0,0.0,0.0,0.6040684492348242,0
2025_13_HOU_IND,2025,REG,13,2025-11-30,Sunday,13:00,HOU,20.0,IND,16.0,Home,-4.0,36.0,0.0,2025113002,60027.0,,202511300clt,28602,401772787,6918,10,7,142.0,-170.0,3.0,-105.0,-115.0,44.5,-112.0,-108.0,1,closed,fieldturf,,,00-0039163,00-0035710,C.J. Stroud,Daniel Jones,DeMeco Ryans,Shane Steichen,Clay Martin,IND00,Lucas Oil Stadium,IND,HOU,True,REG,HOU,14.0,27.0,201.0,2.0,0.0,1.0,-6.0,0.0,0.0,198.0,58.0,9.0,0.6210259530715807,-8.84944748878479,0.0,23.0,86.0,0.0,2.0,0.0,7.0,-6.553810286568478,0.0,14.0,25.0,201.0,2.0,0.0,0.0,198.0,58.0,9.0,4.473970637519301,0.0,0.0,37.0,0.0,46.0,4.0,22.0,1.0,2.0,20.0,5.0,1.0,0.0,5.0,0.0,0.0,0.0,0.0,2.0,3.0,0.0,0.0,0.0,5.0,33.0,4.0,2.0,14.0,3.0,65.0,1.0,1.0,0.0,0.0,42.0,1.0,0.0,0.0,0.0,1.0,0.0,0.0,0.0,0.0,0.0,0.0,0.0,0.0,42,,,42.0,0.0,0.0,1.0,2.0,1.0,0.0,0.5,0.0,0.0,0.0,0.0,0.0,0.4933084051439131,0
2025_14_IND_JAX,2025,REG,14,2025-12-07,Sunday,13:00,IND,,JAX,,Home,,,,2025120704,,,202512070jax,28617,401772793,6933,7,7,-125.0,105.0,-1.5,-112.0,-108.0,47.5,-105.0,-115.0,1,outdoors,grass,,,00-0035710,00-0036971,Daniel Jones,Trevor Lawrence,Shane Steichen,Liam Coen,,JAX00,TIAA Bank Stadium,IND,JAX,False,,,,,,,,,,,,,,,,,,,,,,,,,,,,,,,,,,,,,,,,,,,,,,,,,,,,,,,,,,,,,,,,,,,,,,,,,,,,,,,,,,,,,,,,,,,,,,,,,,,,0.0182607965715682,0
2025_15_IND_SEA,2025,REG,15,2025-12-14,Sunday,16:25,IND,,SEA,,Home,,,,2025121411,,,202512140sea,28637,401772799,6954,7,7,154.0,-185.0,3.5,-110.0,-110.0,46.5,-105.0,-115.0,0,outdoors,fieldturf,,,,,,,Shane Steichen,Mike Macdonald,,SEA00,Lumen Field,IND,SEA,False,,,,,,,,,,,,,,,,,,,,,,,,,,,,,,,,,,,,,,,,,,,,,,,,,,,,,,,,,,,,,,,,,,,,,,,,,,,,,,,,,,,,,,,,,,,,,,,,,,,,0.0182607965715682,0
2025_16_SF_IND,2025,REG,16,2025-12-22,Monday,20:15,SF,,IND,,Home,,,,2025122200,,,202512220clt,28657,401772824,6973,8,8,,,,,,,,,0,closed,fieldturf,,,,,,,Kyle Shanahan,Shane Steichen,,IND00,Lucas Oil Stadium,IND,SF,True,,,,,,,,,,,,,,,,,,,,,,,,,,,,,,,,,,,,,,,,,,,,,,,,,,,,,,,,,,,,,,,,,,,,,,,,,,,,,,,,,,,,,,,,,,,,,,,,,,,,0.0165731397877506,0
2025_17_JAX_IND,2025,REG,17,2025-12-28,Sunday,13:00,JAX,,IND,,Home,,,,2025122801,,,202512280clt,28667,401772915,6981,7,6,,,,,,,,,1,closed,fieldturf,,,,,,,Liam Coen,Shane Steichen,,IND00,Lucas Oil Stadium,IND,JAX,True,,,,,,,,,,,,,,,,,,,,,,,,,,,,,,,,,,,,,,,,,,,,,,,,,,,,,,,,,,,,,,,,,,,,,,,,,,,,,,,,,,,,,,,,,,,,,,,,,,,,0.0165731397877506,0
2025_18_IND_HOU,2025,REG,18,2026-01-04,Sunday,13:00,IND,,HOU,,Home,,,,2025010405,,,202501040htx,28678,401772962,6995,6,10,,,,,,,,,1,closed,astroturf,,,,,,,Shane Steichen,DeMeco Ryans,,HOU00,NRG Stadium,IND,HOU,False,,,,,,,,,,,,,,,,,,,,,,,,,,,,,,,,,,,,,,,,,,,,,,,,,,,,,,,,,,,,,,,,,,,,,,,,,,,,,,,,,,,,,,,,,,,,,,,,,,,,0.0182607965715682,0
2025_01_CAR_JAX,2025,REG,1,2025-09-07,Sunday,13:00,CAR,10.0,JAX,26.0,Home,16.0,36.0,0.0,2025090703,59848.0,,202509070jax,28423,401772828,6739,7,7,170.0,-205.0,4.5,-110.0,-110.0,45.5,-108.0,-112.0,0,outdoors,grass,85.0,3.0,00-0039150,00-0036971,Bryce Young,Trevor Lawrence,Dave Canales,Liam Coen,Alex Moore,JAX00,TIAA Bank Stadium,JAX,CAR,True,REG,CAR,19.0,31.0,178.0,1.0,1.0,0.0,0.0,0.0,0.0,223.0,80.0,9.0,1.3131129483738126,-4.054062428145573,0.0,32.0,200.0,1.0,0.0,0.0,11.0,6.58218051100444,0.0,19.0,29.0,178.0,1.0,0.0,0.0,223.0,80.0,9.0,3.1981941133201266,0.0,0.0,29.0,0.0,32.0,2.0,13.0,1.0,1.0,12.0,5.0,2.0,0.0,9.0,0.0,0.0,0.0,0.0,0.0,0.0,1.0,1.0,0.0,11.0,93.0,3.0,1.0,7.0,2.0,32.0,4.0,4.0,0.0,0.0,47.0,1.0,0.0,1.0,2.0,1.0,0.0,0.0,0.0,0.0,0.0,0.0,0.0,0.0,35;47;36;28,,,146.0,0.0,0.0,2.0,2.0,0.0,0.0,1.0,0.0,0.0,0.0,0.0,0.0,0.977737607920684,1
2025_02_JAX_CIN,2025,REG,2,2025-09-14,Sunday,13:00,JAX,27.0,CIN,31.0,Home,4.0,58.0,0.0,2025091401,59861.0,,202509140cin,28436,401772725,6752,7,7,160.0,-192.0,3.5,-115.0,-105.0,49.5,-115.0,-105.0,0,outdoors,fieldturf,85.0,3.0,00-0036971,00-0036442,Trevor Lawrence,Joe Burrow,Liam Coen,Zac Taylor,Alan Eck,CIN00,Paycor Stadium,JAX,CIN,False,REG,CIN,24.0,42.0,271.0,3.0,2.0,1.0,-10.0,0.0,0.0,308.0,153.0,15.0,5.005488552057198,-4.982346514376198,0.0,27.0,139.0,0.0,1.0,0.0,6.0,1.5001768789282717,0.0,24.0,41.0,271.0,3.0,0.0,0.0,308.0,153.0,15.0,5.674372815576628,0.0,0.0,37.0,2.0,24.0,6.0,19.0,0.0,3.0,15.0,9.0,3.0,73.0,12.0,0.0,0.0,0.0,0.0,1.0,1.0,0.0,0.0,0.0,6.0,55.0,5.0,2.0,19.0,4.0,101.0,2.0,2.0,0.0,0.0,42.0,1.0,0.0,1.0,0.0,1.0,0.0,0.0,0.0,0.0,0.0,0.0,0.0,0.0,42;25,,,67.0,0.0,0.0,3.0,3.0,0.0,0.0,1.0,0.0,0.0,0.0,0.0,0.0,0.9314718932987064,0
2025_03_HOU_JAX,2025,REG,3,2025-09-21,Sunday,13:00,HOU,10.0,JAX,17.0,Home,7.0,27.0,0.0,2025092102,59878.0,,202509210jax,28454,401772734,6769,6,7,105.0,-125.0,1.5,-108.0,-112.0,43.5,-115.0,-105.0,1,outdoors,grass,85.0,11.0,00-0039163,00-0036971,C.J. Stroud,Trevor Lawrence,DeMeco Ryans,Liam Coen,Alex Kemp,JAX00,TIAA Bank Stadium,JAX,HOU,True,REG,HOU,20.0,40.0,222.0,0.0,1.0,2.0,-17.0,0.0,0.0,315.0,119.0,10.0,-9.546405788773784,-17.02903438555567,0.0,24.0,86.0,2.0,0.0,0.0,5.0,-1.065763392224918,0.0,20.0,38.0,222.0,0.0,0.0,0.0,315.0,119.0,10.0,-5.787896726252159,0.0,0.0,38.0,1.0,21.0,4.0,16.0,1.0,2.0,20.0,6.0,2.0,6.0,6.0,0.0,0.0,0.0,0.0,0.0,0.0,1.0,1.0,0.0,9.0,70.0,4.0,2.0,17.0,2.0,48.0,1.0,2.0,1.0,0.0,39.0,0.5,0.0,0.0,1.0,0.0,0.0,0.0,0.0,0.0,0.0,1.0,0.0,0.0,39,47,,39.0,47.0,0.0,2.0,2.0,0.0,0.0,1.0,0.0,0.0,0.0,0.0,0.0,0.5153157821628872,1
2025_04_JAX_SF,2025,REG,4,2025-09-28,Sunday,16:05,JAX,26.0,SF,21.0,Home,-5.0,47.0,0.0,2025092809,59901.0,,202509280sfo,28476,401772848,6792,7,7,150.0,-180.0,3.5,-120.0,100.0,45.5,-108.0,-112.0,0,outdoors,grass,72.0,7.0,00-0036971,00-0037834,Trevor Lawrence,Brock Purdy,Liam Coen,Kyle Shanahan,Clete Blakeman,SFO01,Levi's Stadium,JAX,SF,False,REG,SF,21.0,31.0,174.0,1.0,0.0,0.0,0.0,0.0,0.0,196.0,61.0,8.0,5.532238849337628,0.93662162621816,0.0,32.0,151.0,1.0,0.0,0.0,9.0,-2.40596433787141,0.0,21.0,30.0,174.0,1.0,1.0,0.0,196.0,61.0,8.0,5.348803941946467,0.0,1.0,32.0,2.0,32.0,3.0,5.0,3.0,1.0,3.0,3.0,2.0,8.0,4.0,0.0,0.0,0.0,0.0,1.0,1.0,2.0,2.0,0.0,12.0,90.0,3.0,1.0,87.0,4.0,103.0,2.0,3.0,1.0,0.0,44.0,0.6666666666666666,0.0,1.0,0.0,1.0,0.0,0.0,0.0,0.0,0.0,1.0,0.0,0.0,26;44,47,,70.0,47.0,0.0,2.0,2.0,0.0,0.0,1.0,0.0,0.0,0.0,0.0,0.0,0.9199043773430104,1
2025_05_KC_JAX,2025,REG,5,2025-10-06,Monday,20:15,KC,28.0,JAX,31.0,Home,3.0,59.0,0.0,2025100600,59920.0,,202510060jax,28495,401772814,6811,8,8,-198.0,164.0,-3.5,-110.0,-110.0,45.5,-108.0,-112.0,0,outdoors,grass,80.0,12.0,00-0033873,00-0036971,Patrick Mahomes,Trevor Lawrence,Andy Reid,Liam Coen,Brad Rogers,JAX00,TIAA Bank Stadium,JAX,KC,True,REG,KC,18.0,25.0,221.0,1.0,1.0,3.0,-11.0,0.0,0.0,209.0,101.0,8.0,-0.7439143976450786,8.061216115951538,0.0,26.0,109.0,2.0,1.0,1.0,10.0,2.271797684923513,0.0,18.0,25.0,221.0,1.0,0.0,0.0,209.0,101.0,8.0,0.8518589324005525,0.0,0.0,40.0,0.0,28.0,1.0,6.0,0.0,0.0,0.0,4.0,1.0,99.0,6.0,1.0,0.0,0.0,0.0,0.0,0.0,0.0,0.0,0.0,4.0,25.0,5.0,1.0,-1.0,4.0,117.0,1.0,1.0,0.0,0.0,52.0,1.0,0.0,0.0,0.0,0.0,1.0,0.0,0.0,0.0,0.0,0.0,0.0,0.0,52,,,52.0,0.0,0.0,4.0,4.0,0.0,0.0,1.0,0.0,0.0,0.0,0.0,0.0,0.4662864519227628,1
2025_06_SEA_JAX,2025,REG,6,2025-10-12,Sunday,13:00,SEA,20.0,JAX,12.0,Home,-8.0,32.0,0.0,2025101204,59926.0,,202510120jax,28501,401772857,6817,7,6,-115.0,-105.0,-1.5,100.0,-120.0,47.5,-115.0,-105.0,0,outdoors,grass,76.0,8.0,00-0034869,00-0036971,Sam Darnold,Trevor Lawrence,Mike Macdonald,Liam Coen,Clay Martin,JAX00,TIAA Bank Stadium,JAX,SEA,True,REG,SEA,27.0,42.0,258.0,2.0,0.0,7.0,-44.0,0.0,0.0,320.0,127.0,13.0,-0.38684652255145546,-2.139047710668473,0.0,19.0,59.0,0.0,0.0,0.0,3.0,-1.0987259491956793,0.0,27.0,42.0,258.0,2.0,0.0,0.0,320.0,127.0,13.0,9.716299520339817,0.0,0.0,24.0,3.0,29.0,7.0,22.0,0.0,1.0,9.0,4.0,0.0,0.0,3.0,0.0,2.0,0.0,0.0,0.0,0.0,0.0,0.0,0.0,10.0,76.0,3.0,4.0,24.0,4.0,96.0,0.0,1.0,1.0,0.0,,0.0,0.0,0.0,0.0,0.0,0.0,0.0,0.0,0.0,0.0,0.0,1.0,0.0,,50,,0.0,50.0,0.0,0.0,1.0,1.0,0.0,0.0,0.0,0.0,0.0,0.0,0.0,0.0127219565576891,0
2025_07_LA_JAX,2025,REG,7,2025-10-19,Sunday,09:30,LA,35.0,JAX,7.0,Neutral,-28.0,42.0,0.0,2025101900,59937.0,,202510190jax,28512,401772635,6828,7,7,-166.0,140.0,-3.0,-115.0,-105.0,44.5,-105.0,-115.0,0,outdoors,grass,59.0,9.0,00-0026498,00-0036971,Matthew Stafford,Trevor Lawrence,Sean McVay,Liam Coen,Adrian Hill,JAX00,TIAA Bank Stadium,JAX,LA,True,REG,LA,23.0,48.0,296.0,1.0,0.0,7.0,-32.0,0.0,0.0,522.0,82.0,14.0,-13.934148005980758,-12.520551681518555,0.0,19.0,94.0,0.0,0.0,0.0,6.0,2.081177057872992,0.0,23.0,47.0,296.0,1.0,1.0,0.0,522.0,82.0,14.0,-4.385464952108675,0.0,0.0,35.0,2.0,18.0,1.0,1.0,0.0,0.0,0.0,4.0,0.0,0.0,4.0,0.0,0.0,0.0,0.0,0.0,0.0,0.0,0.0,0.0,13.0,119.0,4.0,2.0,19.0,2.0,60.0,0.0,1.0,1.0,0.0,,0.0,0.0,0.0,0.0,0.0,0.0,0.0,0.0,0.0,0.0,0.0,1.0,0.0,,50,,0.0,50.0,0.0,1.0,1.0,0.0,0.0,1.0,0.0,0.0,0.0,0.0,0.0,0.0088632621991851,0
2025_09_JAX_LV,2025,REG,9,2025-11-02,Sunday,16:05,JAX,30.0,LV,29.0,Home,-1.0,59.0,1.0,2025110209,59974.0,,202511020rai,28549,401772873,6865,14,14,-130.0,110.0,-2.5,-105.0,-115.0,43.5,-105.0,-115.0,0,dome,grass,,,00-0036971,00-0030565,Trevor Lawrence,Geno Smith,Liam Coen,Pete Carroll,Alan Eck,VEG00,Allegiant Stadium,JAX,LV,False,REG,LV,23.0,34.0,220.0,0.0,1.0,1.0,-4.0,0.0,0.0,289.0,90.0,9.0,-0.7571493166335208,-0.004795103362112333,0.0,42.0,151.0,3.0,0.0,0.0,15.0,12.839980191946438,0.0,23.0,33.0,220.0,0.0,0.0,0.0,289.0,90.0,9.0,0.28944748091189565,0.0,0.0,32.0,3.0,37.0,5.0,9.0,0.0,2.0,10.0,4.0,1.0,0.0,5.0,0.0,0.0,0.0,0.0,1.0,1.0,0.0,0.0,0.0,9.0,80.0,8.0,1.0,4.0,5.0,155.0,3.0,3.0,0.0,0.0,68.0,1.0,0.0,0.0,1.0,1.0,0.0,1.0,0.0,0.0,0.0,0.0,0.0,0.0,68;33;48,,,149.0,0.0,0.0,3.0,3.0,0.0,0.0,1.0,0.0,0.0,0.0,0.0,0.0,0.947949086652871,1
2025_10_JAX_HOU,2025,REG,10,2025-11-09,Sunday,13:00,JAX,29.0,HOU,36.0,Home,7.0,65.0,0.0,2025110903,59982.0,,202511090htx,28557,401772770,6873,7,7,-115.0,-105.0,-1.5,100.0,-120.0,37.5,-112.0,-108.0,1,closed,astroturf,,,00-0036971,00-0036898,Trevor Lawrence,Davis Mills,Liam Coen,DeMeco Ryans,Alex Moore,HOU00,NRG Stadium,JAX,HOU,False,REG,HOU,13.0,23.0,158.0,1.0,1.0,5.0,-39.0,2.0,1.0,146.0,77.0,7.0,-7.292075384233066,-14.426665979882944,0.0,27.0,94.0,1.0,0.0,0.0,6.0,-5.899762640284882,0.0,13.0,23.0,158.0,1.0,0.0,0.0,146.0,77.0,7.0,5.378184265923301,0.0,1.0,28.0,1.0,41.0,5.0,16.0,1.0,2.0,10.0,3.0,1.0,0.0,8.0,0.0,0.0,0.0,0.0,1.0,1.0,1.0,1.0,0.0,9.0,90.0,5.0,2.0,90.0,6.0,160.0,3.0,3.0,0.0,0.0,53.0,1.0,0.0,0.0,2.0,0.0,1.0,0.0,0.0,0.0,0.0,0.0,0.0,0.0,32;53;33,,,118.0,0.0,0.0,2.0,2.0,0.0,0.0,1.0,0.0,0.0,0.0,0.0,0.0,0.7446141126363106,0
2025_11_LAC_JAX,2025,REG,11,2025-11-16,Sunday,13:00,LAC,6.0,JAX,35.0,Home,29.0,41.0,0.0,2025111603,59996.0,,202511160jax,28571,401772775,6887,7,7,-155.0,130.0,-3.0,-105.0,-115.0,43.5,-110.0,-110.0,0,outdoors,grass,74.0,9.0,00-0036355,00-0036971,Justin Herbert,Trevor Lawrence,Jim Harbaugh,Liam Coen,Craig Wrolstad,JAX00,TIAA Bank Stadium,JAX,LAC,True,REG,LAC,14.0,22.0,153.0,1.0,1.0,0.0,0.0,0.0,0.0,194.0,45.0,11.0,2.3877489911101293,-1.5698545358397744,0.0,47.0,192.0,4.0,0.0,0.0,16.0,3.104137704416644,0.0,14.0,22.0,153.0,1.0,0.0,0.0,194.0,45.0,11.0,2.3877489911101293,0.0,0.0,24.0,0.0,28.0,5.0,30.0,0.0,3.0,25.0,6.0,1.0,44.0,7.0,0.0,0.0,0.0,0.0,0.0,0.0,0.0,0.0,0.0,1.0,5.0,2.0,0.0,0.0,2.0,55.0,0.0,0.0,0.0,0.0,,,0.0,0.0,0.0,0.0,0.0,0.0,0.0,0.0,0.0,0.0,0.0,0.0,,,,0.0,0.0,0.0,5.0,5.0,0.0,0.0,1.0,0.0,0.0,0.0,0.0,0.0,0.987653287973474,1
2025_12_JAX_ARI,2025,REG,12,2025-11-23,Sunday,16:05,JAX,27.0,ARI,24.0,Home,-3.0,51.0,1.0,2025112307,60015.0,,202511230crd,28590,401772783,6906,7,7,-135.0,114.0,-2.5,-108.0,-112.0,47.5,-115.0,-105.0,0,closed,grass,,,00-0036971,00-0033119,Trevor Lawrence,Jacoby Brissett,Liam Coen,Jonathan Gannon,Scott Novak,PHO00,State Farm Stadium,JAX,ARI,False,REG,ARI,18.0,30.0,256.0,3.0,3.0,3.0,-19.0,1.0,1.0,271.0,104.0,13.0,-9.005758199020079,-2.9648780822753906,0.0,28.0,134.0,0.0,0.0,0.0,6.0,-2.2794250786537305,0.0,18.0,30.0,256.0,3.0,0.0,0.0,271.0,104.0,13.0,-1.2149072204013716,0.0,0.0,50.0,2.0,30.0,11.0,42.0,1.0,6.0,44.0,15.0,0.0,0.0,5.0,0.0,0.0,0.0,0.0,0.0,0.0,0.0,0.0,0.0,7.0,60.0,3.0,2.0,43.0,1.0,39.0,2.0,2.0,0.0,0.0,52.0,1.0,0.0,0.0,0.0,0.0,2.0,0.0,0.0,0.0,0.0,0.0,0.0,0.0,52;52,,,104.0,0.0,0.0,3.0,3.0,0.0,0.0,1.0,1.0,1.0,0.0,0.0,52.0,0.7265372529030043,1
2025_13_JAX_TEN,2025,REG,13,2025-11-30,Sunday,13:00,JAX,25.0,TEN,3.0,Home,-22.0,28.0,0.0,2025113006,60031.0,,202511300oti,28606,401772786,6922,7,7,-270.0,220.0,-6.0,-108.0,-112.0,42.5,-105.0,-115.0,1,outdoors,grass,38.0,7.0,00-0036971,00-0040676,Trevor Lawrence,Cam Ward,Liam Coen,Brian Callahan,Brad Rogers,NAS00,Nissan Stadium,JAX,TEN,False,REG,TEN,16.0,27.0,229.0,2.0,0.0,3.0,-27.0,0.0,0.0,270.0,92.0,13.0,4.863736678089481,4.199545741081238,0.0,27.0,70.0,1.0,0.0,0.0,3.0,-7.662105784111191,1.0,16.0,25.0,229.0,2.0,0.0,0.0,270.0,92.0,13.0,12.441110011364799,0.0,0.0,34.0,1.0,29.0,4.0,24.0,3.0,3.0,20.0,5.0,0.0,0.0,3.0,0.0,0.0,0.0,0.0,0.0,0.0,2.0,2.0,0.0,13.0,98.0,3.0,1.0,14.0,2.0,58.0,1.0,1.0,0.0,0.0,45.0,1.0,0.0,0.0,0.0,1.0,0.0,0.0,0.0,0.0,0.0,0.0,0.0,0.0,45,,,45.0,0.0,0.0,2.0,2.0,0.0,0.0,1.0,0.0,0.0,0.0,0.0,0.0,0.5739790589283482,1
2025_14_IND_JAX,2025,REG,14,2025-12-07,Sunday,13:00,IND,,JAX,,Home,,,,2025120704,,,202512070jax,28617,401772793,6933,7,7,-125.0,105.0,-1.5,-112.0,-108.0,47.5,-105.0,-115.0,1,outdoors,grass,,,00-0035710,00-0036971,Daniel Jones,Trevor Lawrence,Shane Steichen,Liam Coen,,JAX00,TIAA Bank Stadium,JAX,IND,True,,,,,,,,,,,,,,,,,,,,,,,,,,,,,,,,,,,,,,,,,,,,,,,,,,,,,,,,,,,,,,,,,,,,,,,,,,,,,,,,,,,,,,,,,,,,,,,,,,,,0.0165731397877506,0
2025_15_NYJ_JAX,2025,REG,15,2025-12-14,Sunday,13:00,NYJ,,JAX,,Home,,,,2025121403,,,202512140jax,28630,401772797,6946,7,7,360.0,-470.0,9.5,-112.0,-108.0,43.5,-110.0,-110.0,0,outdoors,grass,,,,,,,Aaron Glenn,Liam Coen,,JAX00,TIAA Bank Stadium,JAX,NYJ,True,,,,,,,,,,,,,,,,,,,,,,,,,,,,,,,,,,,,,,,,,,,,,,,,,,,,,,,,,,,,,,,,,,,,,,,,,,,,,,,,,,,,,,,,,,,,,,,,,,,,0.0165731397877506,0
2025_16_JAX_DEN,2025,REG,16,2025-12-21,Sunday,16:05,JAX,,DEN,,Home,,,,2025122108,,,202512210den,28653,401772913,6969,7,7,,,,,,,,,0,outdoors,grass,,,,,,,Liam Coen,Sean Payton,,DEN00,Empower Field at Mile High,JAX,DEN,False,,,,,,,,,,,,,,,,,,,,,,,,,,,,,,,,,,,,,,,,,,,,,,,,,,,,,,,,,,,,,,,,,,,,,,,,,,,,,,,,,,,,,,,,,,,,,,,,,,,,0.0182607965715682,0
2025_17_JAX_IND,2025,REG,17,2025-12-28,Sunday,13:00,JAX,,IND,,Home,,,,2025122801,,,202512280clt,28667,401772915,6981,7,6,,,,,,,,,1,closed,fieldturf,,,,,,,Liam Coen,Shane Steichen,,IND00,Lucas Oil Stadium,JAX,IND,False,,,,,,,,,,,,,,,,,,,,,,,,,,,,,,,,,,,,,,,,,,,,,,,,,,,,,,,,,,,,,,,,,,,,,,,,,,,,,,,,,,,,,,,,,,,,,,,,,,,,0.0182607965715682,0
2025_18_TEN_JAX,2025,REG,18,2026-01-04,Sunday,13:00,TEN,,JAX,,Home,,,,2025010406,,,202501040jax,28679,401772970,6996,6,6,,,,,,,,,1,outdoors,grass,,,,,,,Brian Callahan,Liam Coen,,JAX00,TIAA Bank Stadium,JAX,TEN,True,,,,,,,,,,,,,,,,,,,,,,,,,,,,,,,,,,,,,,,,,,,,,,,,,,,,,,,,,,,,,,,,,,,,,,,,,,,,,,,,,,,,,,,,,,,,,,,,,,,,0.0165731397877506,0
2025_01_KC_LAC,2025,REG,1,2025-09-05,Friday,20:00,KC,21.0,LAC,27.0,Neutral,6.0,48.0,0.0,2025090500,59844.0,,202509050sdg,28419,401772714,6735,7,7,-175.0,145.0,-3.0,-120.0,100.0,47.5,-110.0,-110.0,1,dome,,,,00-0033873,00-0036355,Patrick Mahomes,Justin Herbert,Andy Reid,Jim Harbaugh,Carl Cheffers,LAX01,SoFi Stadium,KC,LAC,False,REG,LAC,24.0,39.0,258.0,1.0,0.0,2.0,-9.0,0.0,0.0,271.0,116.0,9.0,3.4485526789862906,-5.99277631232613,0.0,17.0,98.0,1.0,0.0,0.0,8.0,8.906440938299056,0.0,24.0,38.0,258.0,1.0,0.0,0.0,271.0,116.0,9.0,5.570109220078015,0.0,0.0,40.0,2.0,18.0,6.0,17.0,1.0,3.0,14.0,4.0,0.0,0.0,2.0,0.0,0.0,0.0,0.0,1.0,1.0,0.0,0.0,0.0,10.0,71.0,6.0,2.0,7.0,5.0,147.0,3.0,3.0,0.0,0.0,59.0,1.0,0.0,1.0,1.0,0.0,1.0,0.0,0.0,0.0,0.0,0.0,0.0,0.0,35;59;27,,,121.0,0.0,0.0,0.0,1.0,1.0,0.0,0.0,0.0,0.0,0.0,0.0,0.0,0.6172115210673136,0
2025_02_PHI_KC,2025,REG,2,2025-09-14,Sunday,16:25,PHI,20.0,KC,17.0,Home,-3.0,37.0,0.0,2025091411,59871.0,,202509140kan,28446,401772837,6762,10,9,-122.0,102.0,-1.5,-110.0,-110.0,46.5,-102.0,-118.0,0,outdoors,grass,88.0,12.0,00-0036389,00-0033873,Jalen Hurts,Patrick Mahomes,Nick Sirianni,Andy Reid,Alex Kemp,KAN00,GEHA Field at Arrowhead Stadium,KC,PHI,True,REG,PHI,16.0,29.0,187.0,1.0,1.0,2.0,-14.0,0.0,0.0,309.0,68.0,7.0,-7.1535654113225045,-5.841067638890497,0.0,26.0,121.0,1.0,1.0,0.0,9.0,-0.55819323484677,0.0,16.0,29.0,187.0,1.0,0.0,0.0,309.0,68.0,7.0,-3.5375350879039615,0.0,0.0,37.0,0.0,30.0,5.0,11.0,0.0,1.0,4.0,3.0,0.0,0.0,4.0,0.0,0.0,0.0,0.0,1.0,1.0,0.0,0.0,0.0,6.0,45.0,4.0,2.0,42.0,4.0,95.0,1.0,2.0,1.0,0.0,56.0,0.5,0.0,0.0,0.0,0.0,1.0,0.0,0.0,0.0,0.0,0.0,1.0,0.0,56,58,,56.0,58.0,0.0,2.0,2.0,0.0,0.0,1.0,0.0,0.0,0.0,0.0,0.0,0.1891671542951436,0
2025_03_KC_NYG,2025,REG,3,2025-09-21,Sunday,20:20,KC,22.0,NYG,9.0,Home,-13.0,31.0,0.0,2025092113,59889.0,,202509210nyg,28465,401772920,6780,7,7,-325.0,260.0,-6.0,-115.0,-105.0,44.5,-105.0,-115.0,0,outdoors,fieldturf,65.0,5.0,00-0033873,00-0029263,Patrick Mahomes,Russell Wilson,Andy Reid,Brian Daboll,Land Clark,NYC01,MetLife Stadium,KC,NYG,False,REG,NYG,22.0,37.0,224.0,1.0,0.0,2.0,-23.0,2.0,0.0,319.0,112.0,13.0,8.23080711069923,-1.4937388896942139,0.0,28.0,105.0,1.0,0.0,0.0,6.0,0.2622928078926634,0.0,22.0,35.0,224.0,1.0,0.0,0.0,319.0,112.0,13.0,10.824478066348654,0.0,0.0,34.0,3.0,35.0,6.0,14.0,0.0,2.0,9.0,9.0,2.0,23.0,6.0,0.0,0.0,0.0,0.0,2.0,2.0,0.0,0.0,0.0,8.0,85.0,3.0,1.0,4.0,3.0,63.0,3.0,4.0,1.0,0.0,54.0,0.75,0.0,1.0,0.0,1.0,1.0,0.0,0.0,0.0,0.0,1.0,0.0,0.0,54;48;28,40,,130.0,40.0,0.0,1.0,2.0,1.0,0.0,0.5,0.0,0.0,0.0,0.0,0.0,0.903951681664904,1
2025_04_BAL_KC,2025,REG,4,2025-09-28,Sunday,16:25,BAL,20.0,KC,37.0,Home,17.0,57.0,0.0,2025092810,59902.0,,202509280kan,28478,401772741,6793,6,7,-148.0,124.0,-2.5,-120.0,100.0,48.5,100.0,-120.0,0,outdoors,grass,89.0,10.0,00-0034796,00-0033873,Lamar Jackson,Patrick Mahomes,John Harbaugh,Andy Reid,Clay Martin,KAN00,GEHA Field at Arrowhead Stadium,KC,BAL,True,REG,BAL,25.0,37.0,270.0,4.0,0.0,1.0,-6.0,0.0,0.0,259.0,158.0,15.0,16.188958369112918,5.857575876372201,0.0,32.0,118.0,0.0,0.0,0.0,9.0,-0.5078700087615289,0.0,25.0,35.0,270.0,4.0,0.0,0.0,259.0,158.0,15.0,18.77702468236759,0.0,0.0,41.0,1.0,11.0,3.0,6.0,0.0,2.0,5.0,8.0,1.0,0.0,4.0,0.0,0.0,0.0,0.0,0.0,0.0,1.0,1.0,0.0,5.0,40.0,4.0,1.0,15.0,4.0,132.0,3.0,4.0,1.0,0.0,38.0,0.75,0.0,1.0,2.0,0.0,0.0,0.0,0.0,0.0,0.0,0.0,1.0,0.0,38;23;31,56,,92.0,56.0,0.0,4.0,4.0,0.0,0.0,1.0,0.0,0.0,0.0,0.0,0.0,0.9816624962755296,1
2025_05_KC_JAX,2025,REG,5,2025-10-06,Monday,20:15,KC,28.0,JAX,31.0,Home,3.0,59.0,0.0,2025100600,59920.0,,202510060jax,28495,401772814,6811,8,8,-198.0,164.0,-3.5,-110.0,-110.0,45.5,-108.0,-112.0,0,outdoors,grass,80.0,12.0,00-0033873,00-0036971,Patrick Mahomes,Trevor Lawrence,Andy Reid,Liam Coen,Brad Rogers,JAX00,TIAA Bank Stadium,KC,JAX,False,REG,JAX,29.0,41.0,318.0,1.0,1.0,0.0,0.0,0.0,0.0,401.0,152.0,15.0,2.664317194139585,6.204959228634834,0.0,22.0,158.0,3.0,0.0,0.0,13.0,9.242397008405533,0.0,29.0,40.0,318.0,1.0,0.0,0.0,401.0,152.0,15.0,3.0620264353929088,0.0,0.0,31.0,1.0,33.0,5.0,13.0,1.0,3.0,11.0,8.0,1.0,2.0,5.0,0.0,0.0,0.0,0.0,0.0,0.0,1.0,1.0,0.0,13.0,109.0,3.0,2.0,2.0,5.0,130.0,0.0,0.0,0.0,0.0,,,0.0,0.0,0.0,0.0,0.0,0.0,0.0,0.0,0.0,0.0,0.0,0.0,,,,0.0,0.0,0.0,4.0,4.0,0.0,0.0,1.0,0.0,0.0,0.0,0.0,0.0,0.8640899707722938,0
2025_06_DET_KC,2025,REG,6,2025-10-12,Sunday,20:20,DET,17.0,KC,30.0,Home,13.0,47.0,0.0,2025101211,59933.0,,202510120kan,28508,401772923,6824,7,6,120.0,-142.0,2.5,-105.0,-115.0,51.5,-105.0,-115.0,0,outdoors,grass,85.0,13.0,00-0033106,00-0033873,Jared Goff,Patrick Mahomes,Dan Campbell,Andy Reid,Craig Wrolstad,KAN00,GEHA Field at Arrowhead Stadium,KC,DET,True,REG,DET,22.0,30.0,257.0,3.0,0.0,3.0,-14.0,1.0,0.0,154.0,178.0,16.0,15.57258388680734,7.661985499518258,0.0,29.0,112.0,1.0,0.0,0.0,8.0,-1.6851618335931562,0.0,22.0,28.0,257.0,3.0,0.0,0.0,154.0,178.0,16.0,20.256762514269212,0.0,0.0,37.0,0.0,26.0,3.0,10.0,1.0,1.0,4.0,4.0,0.0,0.0,0.0,0.0,0.0,0.0,0.0,1.0,1.0,0.0,0.0,0.0,0.0,0.0,2.0,1.0,21.0,4.0,105.0,1.0,1.0,0.0,0.0,33.0,1.0,0.0,0.0,1.0,0.0,0.0,0.0,0.0,0.0,0.0,0.0,0.0,0.0,33,,,33.0,0.0,0.0,3.0,4.0,1.0,0.0,0.75,0.0,0.0,0.0,0.0,0.0,0.7655797579048228,1
2025_07_LV_KC,2025,REG,7,2025-10-19,Sunday,13:00,LV,0.0,KC,31.0,Home,31.0,31.0,0.0,2025101903,59940.0,,202510190kan,28515,401772753,6831,7,7,625.0,-950.0,13.5,-115.0,-105.0,44.5,-115.0,-105.0,1,outdoors,grass,57.0,9.0,00-0030565,00-0033873,Geno Smith,Patrick Mahomes,Pete Carroll,Andy Reid,Clete Blakeman,KAN00,GEHA Field at Arrowhead Stadium,KC,LV,True,REG,LV,26.0,35.0,286.0,3.0,0.0,1.0,-4.0,0.0,0.0,207.0,154.0,16.0,19.33917764713534,6.071546761428609,0.0,41.0,152.0,1.0,0.0,0.0,12.0,-2.7794445161125623,0.0,26.0,34.0,286.0,3.0,1.0,0.0,207.0,154.0,16.0,20.86700694704906,0.0,0.0,17.0,0.0,18.0,1.0,5.0,0.0,1.0,5.0,2.0,0.0,0.0,1.0,0.0,1.0,0.0,0.0,2.0,2.0,1.0,1.0,0.0,5.0,38.0,3.0,3.0,15.0,0.0,0.0,1.0,1.0,0.0,0.0,38.0,1.0,0.0,0.0,1.0,0.0,0.0,0.0,0.0,0.0,0.0,0.0,0.0,0.0,38,,,38.0,0.0,0.0,4.0,4.0,0.0,0.0,1.0,0.0,0.0,0.0,0.0,0.0,0.8950287897784609,1
2025_08_WAS_KC,2025,REG,8,2025-10-27,Monday,20:15,WAS,7.0,KC,28.0,Home,21.0,35.0,0.0,2025102700,59963.0,,202510270kan,28538,401772817,6854,8,8,500.0,-700.0,10.5,-105.0,-115.0,48.5,-115.0,-105.0,0,outdoors,grass,54.0,8.0,00-0039910,00-0033873,Jayden Daniels,Patrick Mahomes,Dan Quinn,Andy Reid,Brad Allen,KAN00,GEHA Field at Arrowhead Stadium,KC,WAS,True,REG,WAS,25.0,34.0,299.0,3.0,2.0,3.0,-15.0,0.0,0.0,219.0,173.0,16.0,13.728703663044143,10.903219971805811,0.0,30.0,148.0,1.0,1.0,0.0,10.0,2.8222263775533065,0.0,25.0,32.0,299.0,3.0,1.0,0.0,219.0,173.0,16.0,15.177524134865962,0.0,0.0,28.0,0.0,36.0,3.0,15.0,1.0,2.0,13.0,4.0,2.0,10.0,3.0,0.0,0.0,0.0,0.0,2.0,2.0,0.0,0.0,0.0,9.0,95.0,4.0,2.0,13.0,2.0,46.0,0.0,0.0,0.0,0.0,,,0.0,0.0,0.0,0.0,0.0,0.0,0.0,0.0,0.0,0.0,0.0,0.0,,,,0.0,0.0,0.0,4.0,4.0,0.0,0.0,1.0,0.0,0.0,0.0,0.0,0.0,0.7063643617139905,1
2025_09_KC_BUF,2025,REG,9,2025-11-02,Sunday,16:25,KC,21.0,BUF,28.0,Home,7.0,49.0,0.0,2025110210,59975.0,,202511020buf,28550,401772768,6866,6,7,-135.0,114.0,-2.5,-105.0,-115.0,53.5,-115.0,-105.0,0,outdoors,a_turf,54.0,6.0,00-0033873,00-0034857,Patrick Mahomes,Josh Allen,Andy Reid,Sean McDermott,Carl Cheffers,BUF00,New Era Field,KC,BUF,False,REG,BUF,15.0,34.0,250.0,0.0,1.0,3.0,-24.0,0.0,0.0,493.0,64.0,10.0,-1.6827208378137617,-4.3897662697167235,1.0,20.0,79.0,2.0,0.0,0.0,5.0,3.7347359043196775,0.0,15.0,29.0,250.0,0.0,0.0,0.0,493.0,64.0,10.0,7.41406134359822,1.0,0.0,39.0,0.0,48.0,3.0,12.0,0.0,3.0,10.0,6.0,0.0,0.0,1.0,0.0,0.0,0.0,0.0,0.0,0.0,0.0,0.0,0.0,3.0,25.0,6.0,1.0,5.0,5.0,158.0,2.0,2.0,0.0,0.0,46.0,1.0,1.0,0.0,0.0,1.0,0.0,0.0,0.0,0.0,0.0,0.0,0.0,0.0,46;19,,,65.0,0.0,0.0,1.0,1.0,0.0,0.0,1.0,0.0,0.0,0.0,0.0,0.0,0.400822834725815,0
2025_11_KC_DEN,2025,REG,11,2025-11-16,Sunday,16:25,KC,19.0,DEN,22.0,Home,3.0,41.0,0.0,2025111611,60004.0,,202511160den,28580,401772778,6895,14,10,-218.0,180.0,-3.5,-120.0,100.0,44.5,-110.0,-110.0,1,outdoors,grass,70.0,6.0,00-0033873,00-0039732,Patrick Mahomes,Bo Nix,Andy Reid,Sean Payton,Adrian Hill,DEN00,Empower Field at Mile High,KC,DEN,False,REG,DEN,29.0,45.0,276.0,1.0,1.0,3.0,-27.0,0.0,0.0,324.0,181.0,13.0,1.151241861704671,-2.7892577786778294,0.0,14.0,62.0,1.0,0.0,0.0,3.0,1.6608562379842624,0.0,29.0,43.0,276.0,1.0,0.0,0.0,324.0,181.0,13.0,6.175780271488303,0.0,0.0,40.0,1.0,23.0,6.0,20.0,1.0,2.0,12.0,5.0,0.0,0.0,3.0,0.0,0.0,0.0,0.0,0.0,0.0,0.0,0.0,0.0,10.0,69.0,6.0,2.0,19.0,6.0,157.0,2.0,2.0,0.0,0.0,31.0,1.0,0.0,0.0,2.0,0.0,0.0,0.0,0.0,0.0,0.0,0.0,0.0,0.0,31;31,,,62.0,0.0,0.0,1.0,2.0,0.0,1.0,0.5,0.0,0.0,0.0,0.0,0.0,0.1497539377661351,0
2025_12_IND_KC,2025,REG,12,2025-11-23,Sunday,13:00,IND,20.0,KC,23.0,Home,3.0,43.0,1.0,2025112305,60013.0,,202511230kan,28588,401772779,6904,14,7,180.0,-218.0,3.5,100.0,-120.0,50.5,-112.0,-108.0,0,outdoors,grass,,,00-0035710,00-0033873,Daniel Jones,Patrick Mahomes,Shane Steichen,Andy Reid,Alex Moore,KAN00,GEHA Field at Arrowhead Stadium,KC,IND,True,REG,IND,29.0,46.0,352.0,0.0,1.0,4.0,-6.0,0.0,0.0,351.0,218.0,15.0,8.500650892524233,1.1543809674506964,1.0,41.0,148.0,1.0,1.0,1.0,14.0,-7.216085507522764,0.0,29.0,43.0,352.0,0.0,0.0,0.0,351.0,218.0,15.0,13.834421039886992,1.0,0.0,32.0,3.0,23.0,4.0,8.0,0.0,0.0,0.0,6.0,0.0,0.0,6.0,0.0,0.0,0.0,0.0,0.0,0.0,0.0,0.0,0.0,7.0,57.0,6.0,4.0,7.0,5.0,115.0,5.0,5.0,0.0,0.0,48.0,1.0,0.0,4.0,0.0,1.0,0.0,0.0,0.0,0.0,0.0,0.0,0.0,0.0,28;48;22;25;27,,,150.0,0.0,0.0,0.0,0.0,0.0,0.0,,1.0,1.0,0.0,0.0,27.0,0.5267941223762803,1
2025_13_KC_DAL,2025,REG,13,2025-11-27,Thursday,16:30,KC,28.0,DAL,31.0,Home,3.0,59.0,0.0,2025112701,60022.0,,202511270dal,28597,401772694,6913,4,4,-185.0,154.0,-3.5,-105.0,-115.0,53.5,-110.0,-110.0,0,closed,matrixturf,,,00-0033873,00-0033077,Patrick Mahomes,Dak Prescott,Andy Reid,Brian Schottenheimer,John Hussey,DAL00,AT&T Stadium,KC,DAL,False,REG,DAL,23.0,34.0,261.0,4.0,0.0,3.0,-18.0,0.0,0.0,240.0,159.0,12.0,14.157640327583067,4.746995307505131,0.0,23.0,119.0,0.0,1.0,0.0,7.0,0.8395814531832002,0.0,23.0,32.0,261.0,4.0,0.0,0.0,240.0,159.0,12.0,19.14392520103138,0.0,0.0,37.0,1.0,29.0,2.0,5.0,1.0,0.0,0.0,6.0,1.0,14.0,6.0,0.0,0.0,0.0,0.0,0.0,0.0,0.0,0.0,0.0,10.0,119.0,3.0,1.0,10.0,7.0,174.0,0.0,0.0,0.0,0.0,,,0.0,0.0,0.0,0.0,0.0,0.0,0.0,0.0,0.0,0.0,0.0,0.0,,,,0.0,0.0,0.0,4.0,4.0,0.0,0.0,1.0,0.0,0.0,0.0,0.0,0.0,0.409135106688593,0
2025_14_HOU_KC,2025,REG,14,2025-12-07,Sunday,20:20,HOU,,KC,,Home,,,,2025120711,,,202512070kan,28624,401772932,6940,7,10,150.0,-180.0,3.5,-115.0,-105.0,41.5,-105.0,-115.0,0,outdoors,grass,,,00-0039163,00-0033873,C.J. Stroud,Patrick Mahomes,DeMeco Ryans,Andy Reid,,KAN00,GEHA Field at Arrowhead Stadium,KC,HOU,True,,,,,,,,,,,,,,,,,,,,,,,,,,,,,,,,,,,,,,,,,,,,,,,,,,,,,,,,,,,,,,,,,,,,,,,,,,,,,,,,,,,,,,,,,,,,,,,,,,,,0.0165731397877506,0
2025_15_LAC_KC,2025,REG,15,2025-12-14,Sunday,13:00,LAC,,KC,,Home,,,,2025121404,,,202512140kan,28631,401772798,6947,6,7,170.0,-205.0,4.5,-108.0,-112.0,44.5,-110.0,-110.0,1,outdoors,grass,,,,,,,Jim Harbaugh,Andy Reid,,KAN00,GEHA Field at Arrowhead Stadium,KC,LAC,True,,,,,,,,,,,,,,,,,,,,,,,,,,,,,,,,,,,,,,,,,,,,,,,,,,,,,,,,,,,,,,,,,,,,,,,,,,,,,,,,,,,,,,,,,,,,,,,,,,,,0.0165731397877506,0
2025_16_KC_TEN,2025,REG,16,2025-12-21,Sunday,13:00,KC,,TEN,,Home,,,,2025122106,,,202512210oti,28651,401772803,6967,7,7,,,,,,,,,0,outdoors,grass,,,,,,,Andy Reid,Brian Callahan,,NAS00,Nissan Stadium,KC,TEN,False,,,,,,,,,,,,,,,,,,,,,,,,,,,,,,,,,,,,,,,,,,,,,,,,,,,,,,,,,,,,,,,,,,,,,,,,,,,,,,,,,,,,,,,,,,,,,,,,,,,,0.0182607965715682,0
2025_17_DEN_KC,2025,REG,17,2025-12-25,Thursday,20:15,DEN,,KC,,Home,,,,2025122502,,,202512250kan,28660,401772622,6976,4,4,,,,,,,,,1,outdoors,grass,,,,,,,Sean Payton,Andy Reid,,KAN00,GEHA Field at Arrowhead Stadium,KC,DEN,True,,,,,,,,,,,,,,,,,,,,,,,,,,,,,,,,,,,,,,,,,,,,,,,,,,,,,,,,,,,,,,,,,,,,,,,,,,,,,,,,,,,,,,,,,,,,,,,,,,,,0.0165731397877506,0
2025_18_KC_LV,2025,REG,18,2026-01-04,Sunday,13:00,KC,,LV,,Home,,,,2025010408,,,202501040rai,28680,401772957,6998,10,6,,,,,,,,,1,dome,grass,,,,,,,Andy Reid,Pete Carroll,,VEG00,Allegiant Stadium,KC,LV,False,,,,,,,,,,,,,,,,,,,,,,,,,,,,,,,,,,,,,,,,,,,,,,,,,,,,,,,,,,,,,,,,,,,,,,,,,,,,,,,,,,,,,,,,,,,,,,,,,,,,0.0182607965715682,0
2025_01_HOU_LA,2025,REG,1,2025-09-07,Sunday,16:25,HOU,9.0,LA,14.0,Home,5.0,23.0,0.0,2025090711,59856.0,,202509070ram,28431,401772723,6747,7,7,140.0,-166.0,3.5,-118.0,-102.0,43.5,-115.0,-105.0,0,dome,matrixturf,,,00-0039163,00-0026498,C.J. Stroud,Matthew Stafford,DeMeco Ryans,Sean McVay,Craig Wrolstad,LAX01,SoFi Stadium,LA,HOU,True,REG,HOU,21.0,29.0,245.0,1.0,0.0,3.0,-21.0,0.0,0.0,226.0,68.0,13.0,6.090108856966253,5.381516899381365,0.0,25.0,72.0,1.0,1.0,0.0,4.0,-6.282822540670168,0.0,21.0,28.0,245.0,1.0,1.0,1.0,226.0,68.0,13.0,9.375737025227863,0.0,0.0,38.0,2.0,26.0,3.0,37.0,1.0,3.0,37.0,7.0,1.0,0.0,4.0,0.0,0.0,0.0,0.0,1.0,2.0,1.0,1.0,0.0,7.0,60.0,2.0,2.0,21.0,2.0,60.0,0.0,0.0,0.0,0.0,,,0.0,0.0,0.0,0.0,0.0,0.0,0.0,0.0,0.0,0.0,0.0,0.0,,,,0.0,0.0,0.0,2.0,2.0,0.0,0.0,1.0,0.0,0.0,0.0,0.0,0.0,0.2174237638967197,1
2025_02_LA_TEN,2025,REG,2,2025-09-14,Sunday,13:00,LA,33.0,TEN,19.0,Home,-14.0,52.0,0.0,2025091408,59868.0,,202509140oti,28443,401772724,6759,7,7,-250.0,205.0,-5.5,-108.0,-112.0,41.5,-112.0,-108.0,0,outdoors,grass,83.0,3.0,00-0026498,00-0040676,Matthew Stafford,Cam Ward,Sean McVay,Brian Callahan,John Hussey,NAS00,Nissan Stadium,LA,TEN,False,REG,TEN,23.0,33.0,298.0,2.0,1.0,1.0,-8.0,0.0,0.0,262.0,132.0,12.0,9.779970589626963,10.765356570482254,0.0,25.0,149.0,2.0,0.0,0.0,8.0,6.441171789570944,0.0,23.0,32.0,298.0,2.0,0.0,0.0,262.0,132.0,12.0,11.939450707819695,0.0,0.0,41.0,5.0,23.0,6.0,33.0,1.0,5.0,32.0,8.0,0.0,0.0,4.0,0.0,0.0,0.0,0.0,1.0,1.0,1.0,1.0,0.0,4.0,29.0,5.0,2.0,14.0,3.0,80.0,2.0,2.0,0.0,0.0,21.0,1.0,0.0,2.0,0.0,0.0,0.0,0.0,0.0,0.0,0.0,0.0,0.0,0.0,21;21,,,42.0,0.0,0.0,3.0,4.0,0.0,1.0,0.75,0.0,0.0,0.0,0.0,0.0,0.9809105855914392,1
2025_03_LA_PHI,2025,REG,3,2025-09-21,Sunday,13:00,LA,26.0,PHI,33.0,Home,7.0,59.0,0.0,2025092105,59881.0,,202509210phi,28457,401772839,6772,7,7,164.0,-198.0,3.5,-108.0,-112.0,45.5,-108.0,-112.0,0,outdoors,grass,73.0,9.0,00-0026498,00-0036389,Matthew Stafford,Jalen Hurts,Sean McVay,Nick Sirianni,Brad Rogers,PHI00,Lincoln Financial Field,LA,PHI,False,REG,PHI,19.0,34.0,196.0,2.0,1.0,1.0,0.0,0.0,0.0,168.0,57.0,10.0,-2.479092506006727,-4.678381327539682,0.0,31.0,160.0,0.0,0.0,0.0,12.0,0.2149729178819637,0.0,19.0,33.0,196.0,2.0,0.0,0.0,168.0,57.0,10.0,-0.5838201167195975,0.0,0.0,36.0,2.0,28.0,7.0,38.0,1.0,4.0,24.0,4.0,0.0,0.0,6.0,0.0,0.0,0.0,0.0,0.0,0.0,1.0,1.0,0.0,4.0,41.0,3.0,4.0,53.0,5.0,115.0,4.0,6.0,0.0,2.0,51.0,0.6666666666666666,0.0,1.0,1.0,1.0,1.0,0.0,0.0,0.0,0.0,0.0,0.0,0.0,51;28;33;46,,36;44,158.0,0.0,80.0,2.0,2.0,0.0,0.0,1.0,0.0,0.0,0.0,0.0,0.0,0.9719974891915912,0
2025_04_IND_LA,2025,REG,4,2025-09-28,Sunday,16:05,IND,20.0,LA,27.0,Home,7.0,47.0,0.0,2025092808,59900.0,,202509280ram,28475,401772849,6791,7,7,154.0,-185.0,3.5,-105.0,-115.0,49.5,-105.0,-115.0,0,dome,matrixturf,,,00-0035710,00-0026498,Daniel Jones,Matthew Stafford,Shane Steichen,Sean McVay,Carl Cheffers,LAX01,SoFi Stadium,LA,IND,True,REG,IND,29.0,41.0,375.0,3.0,0.0,3.0,-15.0,0.0,0.0,342.0,155.0,15.0,14.293764206603946,5.447497591376305,0.0,26.0,102.0,0.0,1.0,1.0,7.0,-11.335954757748333,0.0,29.0,40.0,375.0,3.0,0.0,0.0,342.0,155.0,15.0,18.30729529485091,0.0,0.0,32.0,2.0,30.0,4.0,22.0,1.0,2.0,14.0,7.0,2.0,0.0,5.0,0.0,0.0,0.0,0.0,0.0,0.0,0.0,0.0,0.0,7.0,63.0,4.0,1.0,0.0,5.0,122.0,2.0,2.0,0.0,0.0,42.0,1.0,0.0,0.0,1.0,1.0,0.0,0.0,0.0,0.0,0.0,0.0,0.0,0.0,42;37,,,79.0,0.0,0.0,3.0,3.0,0.0,0.0,1.0,0.0,0.0,0.0,0.0,0.0,0.92891529111165,1
2025_05_SF_LA,2025,REG,5,2025-10-02,Thursday,20:15,SF,26.0,LA,23.0,Home,-3.0,49.0,1.0,2025100200,59907.0,,202510020ram,28482,401772939,6798,4,4,340.0,-440.0,8.5,-110.0,-110.0,43.5,-108.0,-112.0,1,dome,matrixturf,,,00-0036972,00-0026498,Mac Jones,Matthew Stafford,Kyle Shanahan,Sean McVay,Bill Vinovich,LAX01,SoFi Stadium,LA,SF,True,REG,SF,30.0,47.0,389.0,3.0,0.0,1.0,-11.0,0.0,0.0,528.0,120.0,18.0,15.072453184221198,-3.2675007763116257,0.0,16.0,78.0,0.0,2.0,2.0,6.0,-10.659328916692175,0.0,30.0,46.0,389.0,3.0,0.0,0.0,528.0,120.0,18.0,17.336713413235522,0.0,0.0,47.0,4.0,38.0,3.0,5.0,0.0,1.0,9.0,10.0,0.0,0.0,5.0,0.0,0.0,0.0,0.0,0.0,1.0,0.0,0.0,0.0,5.0,36.0,6.0,3.0,21.0,5.0,122.0,1.0,2.0,1.0,0.0,48.0,0.5,0.0,0.0,0.0,1.0,0.0,0.0,0.0,0.0,0.0,0.0,1.0,0.0,48,53,,48.0,53.0,0.0,2.0,3.0,0.0,1.0,0.6666666666666666,0.0,0.0,0.0,0.0,0.0,0.3208592906877588,0
2025_06_LA_BAL,2025,REG,6,2025-10-12,Sunday,13:00,LA,17.0,BAL,3.0,Home,-14.0,20.0,0.0,2025101201,59923.0,,202510120rav,28498,401772855,6814,10,7,-355.0,280.0,-7.0,-105.0,-115.0,43.5,-108.0,-112.0,0,outdoors,grass,64.0,15.0,00-0026498,00-0033662,Matthew Stafford,Cooper Rush,Sean McVay,John Harbaugh,Alex Kemp,BAL00,M&T Bank Stadium,LA,BAL,False,REG,BAL,17.0,26.0,181.0,1.0,0.0,2.0,-14.0,1.0,1.0,229.0,63.0,10.0,0.9594451738590664,0.7012727168890146,0.0,23.0,74.0,1.0,1.0,0.0,5.0,-3.9353478991542943,0.0,17.0,26.0,181.0,1.0,0.0,0.0,229.0,63.0,10.0,10.992364567362173,0.0,0.0,45.0,2.0,40.0,7.0,27.0,2.0,4.0,23.0,11.0,1.0,0.0,4.0,0.0,0.0,0.0,0.0,1.0,2.0,2.0,2.0,0.0,6.0,40.0,5.0,0.0,0.0,2.0,25.0,1.0,2.0,1.0,0.0,36.0,0.5,0.0,0.0,1.0,0.0,0.0,0.0,0.0,1.0,0.0,0.0,0.0,0.0,36,26,,36.0,26.0,0.0,2.0,2.0,0.0,0.0,1.0,0.0,0.0,0.0,0.0,0.0,0.6687703632936463,1
2025_07_LA_JAX,2025,REG,7,2025-10-19,Sunday,09:30,LA,35.0,JAX,7.0,Neutral,-28.0,42.0,0.0,2025101900,59937.0,,202510190jax,28512,401772635,6828,7,7,-166.0,140.0,-3.0,-115.0,-105.0,44.5,-105.0,-115.0,0,outdoors,grass,59.0,9.0,00-0026498,00-0036971,Matthew Stafford,Trevor Lawrence,Sean McVay,Liam Coen,Adrian Hill,JAX00,TIAA Bank Stadium,LA,JAX,False,REG,JAX,21.0,33.0,182.0,5.0,0.0,0.0,0.0,0.0,0.0,363.0,65.0,14.0,8.782921106321737,4.221847292148706,0.0,29.0,89.0,0.0,0.0,0.0,4.0,-1.7697820933535695,0.0,21.0,33.0,182.0,5.0,0.0,0.0,363.0,65.0,14.0,8.782921106321737,0.0,0.0,42.0,0.0,18.0,5.0,32.0,1.0,7.0,32.0,11.0,0.0,0.0,10.0,0.0,0.0,0.0,0.0,0.0,0.0,0.0,0.0,0.0,5.0,45.0,3.0,3.0,17.0,1.0,32.0,0.0,0.0,0.0,0.0,,,0.0,0.0,0.0,0.0,0.0,0.0,0.0,0.0,0.0,0.0,0.0,0.0,,,,0.0,0.0,0.0,5.0,5.0,0.0,0.0,1.0,0.0,0.0,0.0,0.0,0.0,0.9496143335731392,1
2025_09_NO_LA,2025,REG,9,2025-11-02,Sunday,16:05,NO,10.0,LA,34.0,Home,24.0,44.0,0.0,2025110208,59973.0,,202511020ram,28548,401772874,6864,7,14,750.0,-1200.0,14.0,-105.0,-115.0,44.5,-105.0,-115.0,0,dome,matrixturf,,,00-0040743,00-0026498,Tyler Shough,Matthew Stafford,Kellen Moore,Sean McVay,Shawn Smith,LAX01,SoFi Stadium,LA,NO,True,REG,NO,24.0,32.0,281.0,4.0,0.0,2.0,-14.0,0.0,0.0,319.0,105.0,14.0,11.838741028613722,12.67982307941683,0.0,43.0,171.0,1.0,0.0,0.0,13.0,4.437378544302192,0.0,24.0,31.0,281.0,4.0,0.0,0.0,319.0,105.0,14.0,15.5717499496437,0.0,0.0,19.0,1.0,21.0,2.0,10.0,1.0,1.0,9.0,2.0,1.0,7.0,5.0,0.0,0.0,0.0,0.0,0.0,0.0,1.0,1.0,0.0,3.0,32.0,3.0,2.0,11.0,0.0,0.0,0.0,1.0,1.0,0.0,,0.0,0.0,0.0,0.0,0.0,0.0,0.0,0.0,0.0,1.0,0.0,0.0,0.0,,39,,0.0,39.0,0.0,4.0,5.0,1.0,0.0,0.8,0.0,0.0,0.0,0.0,0.0,0.9701525152353578,1
2025_10_LA_SF,2025,REG,10,2025-11-09,Sunday,16:25,LA,42.0,SF,26.0,Home,-16.0,68.0,0.0,2025110909,59988.0,,202511090sfo,28563,401772879,6879,7,7,-258.0,210.0,-5.5,-115.0,-105.0,49.5,-110.0,-110.0,1,outdoors,grass,77.0,3.0,00-0026498,00-0036972,Matthew Stafford,Mac Jones,Sean McVay,Kyle Shanahan,Land Clark,SFO01,Levi's Stadium,LA,SF,False,REG,SF,24.0,36.0,280.0,4.0,0.0,1.0,-5.0,0.0,0.0,332.0,142.0,20.0,22.63015853331308,10.5948607711231,0.0,30.0,126.0,2.0,0.0,0.0,9.0,0.47575439923093654,0.0,24.0,34.0,280.0,4.0,0.0,0.0,332.0,142.0,20.0,24.82158023727243,0.0,0.0,34.0,2.0,34.0,2.0,3.0,1.0,0.0,0.0,1.0,1.0,5.0,5.0,0.0,0.0,0.0,0.0,0.0,0.0,1.0,1.0,0.0,0.0,0.0,3.0,1.0,5.0,4.0,110.0,0.0,0.0,0.0,0.0,,,0.0,0.0,0.0,0.0,0.0,0.0,0.0,0.0,0.0,0.0,0.0,0.0,,,,0.0,0.0,0.0,6.0,6.0,0.0,0.0,1.0,0.0,0.0,0.0,0.0,0.0,0.9723572584571072,1
2025_11_SEA_LA,2025,REG,11,2025-11-16,Sunday,16:05,SEA,19.0,LA,21.0,Home,2.0,40.0,0.0,2025111609,60002.0,,202511160ram,28578,401772884,6893,7,7,145.0,-175.0,3.0,100.0,-120.0,49.5,-105.0,-115.0,1,dome,matrixturf,,,00-0034869,00-0026498,Sam Darnold,Matthew Stafford,Mike Macdonald,Sean McVay,John Hussey,LAX01,SoFi Stadium,LA,SEA,True,REG,SEA,15.0,28.0,130.0,2.0,0.0,0.0,0.0,0.0,0.0,146.0,74.0,6.0,-4.049926161009353,-16.569474449864142,0.0,22.0,119.0,1.0,0.0,0.0,5.0,0.7680601815227419,0.0,15.0,27.0,130.0,2.0,1.0,1.0,146.0,74.0,6.0,-8.943333878705744,0.0,0.0,51.0,2.0,24.0,0.0,0.0,1.0,0.0,0.0,3.0,4.0,81.0,8.0,0.0,0.0,0.0,0.0,0.0,0.0,0.0,0.0,0.0,6.0,43.0,6.0,0.0,0.0,4.0,91.0,0.0,0.0,0.0,0.0,,,0.0,0.0,0.0,0.0,0.0,0.0,0.0,0.0,0.0,0.0,0.0,0.0,,,,0.0,0.0,0.0,3.0,3.0,0.0,0.0,1.0,0.0,0.0,0.0,0.0,0.0,0.7730666153485984,1
2025_12_TB_LA,2025,REG,12,2025-11-23,Sunday,20:20,TB,7.0,LA,34.0,Home,27.0,41.0,0.0,2025112311,60019.0,,202511230ram,28594,401772929,6910,7,7,295.0,-375.0,7.0,-110.0,-110.0,49.5,100.0,-120.0,0,dome,matrixturf,,,00-0034855,00-0026498,Baker Mayfield,Matthew Stafford,Todd Bowles,Sean McVay,Clay Martin,LAX01,SoFi Stadium,LA,TB,True,REG,TB,25.0,35.0,273.0,3.0,0.0,1.0,-10.0,0.0,0.0,249.0,112.0,16.0,8.219429925997625,4.716209366041071,0.0,19.0,70.0,0.0,0.0,0.0,4.0,-2.9608158029150218,0.0,25.0,34.0,273.0,3.0,0.0,0.0,249.0,112.0,16.0,13.802994719688664,0.0,0.0,36.0,0.0,30.0,7.0,39.0,0.0,4.0,33.0,6.0,2.0,81.0,10.0,1.0,0.0,0.0,0.0,0.0,0.0,0.0,0.0,0.0,4.0,32.0,3.0,1.0,8.0,0.0,0.0,2.0,2.0,0.0,0.0,52.0,1.0,0.0,0.0,0.0,1.0,1.0,0.0,0.0,0.0,0.0,0.0,0.0,0.0,40;52,,,92.0,0.0,0.0,4.0,4.0,0.0,0.0,1.0,0.0,0.0,0.0,0.0,0.0,0.955120996283336,1
2025_13_LA_CAR,2025,REG,13,2025-11-30,Sunday,13:00,LA,28.0,CAR,31.0,Home,3.0,59.0,0.0,2025113000,60025.0,,202511300car,28600,401772894,6916,7,6,-575.0,425.0,-10.0,-110.0,-110.0,44.5,-105.0,-115.0,0,outdoors,grass,45.0,3.0,00-0026498,00-0039150,Matthew Stafford,Bryce Young,Sean McVay,Dave Canales,Scott Novak,CAR00,Bank of America Stadium,LA,CAR,False,REG,CAR,18.0,28.0,243.0,2.0,2.0,2.0,-16.0,1.0,1.0,221.0,124.0,12.0,-3.512069752730895,3.4452046509142273,0.0,21.0,152.0,2.0,0.0,0.0,9.0,10.503078474954236,0.0,18.0,27.0,243.0,2.0,0.0,0.0,221.0,124.0,12.0,3.553597398044076,0.0,0.0,39.0,1.0,35.0,3.0,13.0,0.0,2.0,12.0,2.0,0.0,0.0,0.0,0.0,0.0,0.0,0.0,0.0,0.0,0.0,0.0,0.0,1.0,5.0,5.0,0.0,0.0,5.0,135.0,0.0,0.0,0.0,0.0,,,0.0,0.0,0.0,0.0,0.0,0.0,0.0,0.0,0.0,0.0,0.0,0.0,,,,0.0,0.0,0.0,4.0,4.0,0.0,0.0,1.0,0.0,0.0,0.0,0.0,0.0,0.5687999649875896,0
2025_14_LA_ARI,2025,REG,14,2025-12-07,Sunday,16:25,LA,,ARI,,Home,,,,2025120709,,,202512070crd,28622,401772901,6938,7,7,-455.0,350.0,-8.5,-105.0,-115.0,47.5,-110.0,-110.0,1,closed,grass,,,00-0026498,00-0033119,Matthew Stafford,Jacoby Brissett,Sean McVay,Jonathan Gannon,,PHO00,State Farm Stadium,LA,ARI,False,,,,,,,,,,,,,,,,,,,,,,,,,,,,,,,,,,,,,,,,,,,,,,,,,,,,,,,,,,,,,,,,,,,,,,,,,,,,,,,,,,,,,,,,,,,,,,,,,,,,0.0182607965715682,0
2025_15_DET_LA,2025,REG,15,2025-12-14,Sunday,16:25,DET,,LA,,Home,,,,2025121409,,,202512140ram,28638,401772909,6952,10,7,180.0,-218.0,4.5,-110.0,-110.0,50.5,-108.0,-112.0,0,dome,matrixturf,,,,,,,Dan Campbell,Sean McVay,,LAX01,SoFi Stadium,LA,DET,True,,,,,,,,,,,,,,,,,,,,,,,,,,,,,,,,,,,,,,,,,,,,,,,,,,,,,,,,,,,,,,,,,,,,,,,,,,,,,,,,,,,,,,,,,,,,,,,,,,,,0.0165731397877506,0
2025_16_LA_SEA,2025,REG,16,2025-12-18,Thursday,20:15,LA,,SEA,,Home,,,,2025121800,,,202512180sea,28642,401772949,6958,4,4,,,,,,,,,1,outdoors,fieldturf,,,,,,,Sean McVay,Mike Macdonald,,SEA00,Lumen Field,LA,SEA,False,,,,,,,,,,,,,,,,,,,,,,,,,,,,,,,,,,,,,,,,,,,,,,,,,,,,,,,,,,,,,,,,,,,,,,,,,,,,,,,,,,,,,,,,,,,,,,,,,,,,0.0182607965715682,0
2025_17_LA_ATL,2025,REG,17,2025-12-29,Monday,20:15,LA,,ATL,,Home,,,,2025122900,,,202512290atl,28673,401772825,6989,11,8,,,,,,,,,0,closed,fieldturf,,,,,,,Sean McVay,Raheem Morris,,ATL97,Mercedes-Benz Stadium,LA,ATL,False,,,,,,,,,,,,,,,,,,,,,,,,,,,,,,,,,,,,,,,,,,,,,,,,,,,,,,,,,,,,,,,,,,,,,,,,,,,,,,,,,,,,,,,,,,,,,,,,,,,,0.0182607965715682,0
2025_18_ARI_LA,2025,REG,18,2026-01-04,Sunday,13:00,ARI,,LA,,Home,,,,2025010407,,,202501040ram,28681,401772955,6997,7,7,,,,,,,,,1,dome,matrixturf,,,,,,,Jonathan Gannon,Sean McVay,,LAX01,SoFi Stadium,LA,ARI,True,,,,,,,,,,,,,,,,,,,,,,,,,,,,,,,,,,,,,,,,,,,,,,,,,,,,,,,,,,,,,,,,,,,,,,,,,,,,,,,,,,,,,,,,,,,,,,,,,,,,0.0165731397877506,0
2025_01_KC_LAC,2025,REG,1,2025-09-05,Friday,20:00,KC,21.0,LAC,27.0,Neutral,6.0,48.0,0.0,2025090500,59844.0,,202509050sdg,28419,401772714,6735,7,7,-175.0,145.0,-3.0,-120.0,100.0,47.5,-110.0,-110.0,1,dome,,,,00-0033873,00-0036355,Patrick Mahomes,Justin Herbert,Andy Reid,Jim Harbaugh,Carl Cheffers,LAX01,SoFi Stadium,LAC,KC,True,REG,KC,25.0,34.0,318.0,3.0,0.0,3.0,-14.0,0.0,0.0,342.0,134.0,16.0,17.567262160454625,5.788767951376298,0.0,25.0,90.0,0.0,0.0,0.0,6.0,-0.23139648232954402,0.0,25.0,34.0,318.0,3.0,1.0,0.0,342.0,134.0,16.0,21.656591976273553,0.0,0.0,36.0,0.0,24.0,3.0,10.0,0.0,2.0,9.0,8.0,0.0,0.0,4.0,0.0,0.0,0.0,0.0,0.0,0.0,0.0,0.0,0.0,6.0,49.0,1.0,0.0,0.0,3.0,67.0,2.0,2.0,0.0,0.0,39.0,1.0,0.0,0.0,2.0,0.0,0.0,0.0,0.0,0.0,0.0,0.0,0.0,0.0,39;36,,,75.0,0.0,0.0,3.0,3.0,0.0,0.0,1.0,0.0,0.0,0.0,0.0,0.0,0.6902771768802883,1
2025_02_LAC_LV,2025,REG,2,2025-09-15,Monday,22:00,LAC,20.0,LV,9.0,Home,-11.0,29.0,0.0,2025091501,59874.0,,202509150rai,28449,401772811,6764,10,8,-198.0,164.0,-3.5,-105.0,-115.0,46.5,-102.0,-118.0,1,dome,grass,,,00-0036355,00-0030565,Justin Herbert,Geno Smith,Jim Harbaugh,Pete Carroll,Clay Martin,VEG00,Allegiant Stadium,LAC,LV,False,REG,LV,19.0,27.0,242.0,2.0,0.0,2.0,-6.0,0.0,0.0,244.0,84.0,8.0,10.168125412291895,0.33174598658526383,0.0,26.0,81.0,0.0,2.0,1.0,8.0,-15.545511525741837,0.0,19.0,27.0,242.0,2.0,0.0,0.0,244.0,84.0,8.0,12.588578246864538,0.0,0.0,38.0,3.0,23.0,6.0,45.0,0.0,3.0,30.0,5.0,3.0,8.0,15.0,0.0,0.0,0.0,0.0,1.0,3.0,0.0,0.0,0.0,6.0,33.0,3.0,1.0,7.0,3.0,80.0,2.0,2.0,0.0,0.0,38.0,1.0,0.0,1.0,1.0,0.0,0.0,0.0,0.0,0.0,0.0,0.0,0.0,0.0,38;20,,,58.0,0.0,0.0,2.0,2.0,0.0,0.0,1.0,0.0,0.0,0.0,0.0,0.0,0.9151052178591296,1
2025_03_DEN_LAC,2025,REG,3,2025-09-21,Sunday,16:05,DEN,20.0,LAC,23.0,Home,3.0,43.0,0.0,2025092109,59885.0,,202509210sdg,28461,401772735,6776,7,6,130.0,-155.0,2.5,100.0,-120.0,45.5,-110.0,-110.0,1,dome,matrixturf,,,00-0039732,00-0036355,Bo Nix,Justin Herbert,Sean Payton,Jim Harbaugh,Shawn Smith,LAX01,SoFi Stadium,LAC,DEN,True,REG,DEN,28.0,47.0,300.0,1.0,1.0,5.0,-30.0,0.0,0.0,429.0,135.0,17.0,-2.3949824955743924,-4.159013960096571,0.0,28.0,106.0,1.0,0.0,0.0,6.0,-0.69660783782447,0.0,28.0,45.0,300.0,1.0,1.0,0.0,429.0,135.0,17.0,8.665200358609557,0.0,0.0,33.0,1.0,17.0,5.0,17.0,0.0,2.0,6.0,4.0,0.0,0.0,3.0,0.0,0.0,0.0,0.0,0.0,0.0,0.0,0.0,0.0,3.0,25.0,2.0,3.0,50.0,5.0,127.0,3.0,3.0,0.0,0.0,43.0,1.0,0.0,1.0,1.0,1.0,0.0,0.0,0.0,0.0,0.0,0.0,0.0,0.0,32;24;43,,,99.0,0.0,0.0,2.0,2.0,0.0,0.0,1.0,1.0,1.0,0.0,0.0,43.0,0.5080308899759736,1
2025_04_LAC_NYG,2025,REG,4,2025-09-28,Sunday,13:00,LAC,18.0,NYG,21.0,Home,3.0,39.0,0.0,2025092806,59898.0,,202509280nyg,28473,401772737,6789,7,7,-285.0,230.0,-6.0,-112.0,-108.0,43.5,-115.0,-105.0,0,outdoors,fieldturf,81.0,4.0,00-0036355,00-0040691,Justin Herbert,Jaxson Dart,Jim Harbaugh,Brian Daboll,Shawn Hochuli,NYC01,MetLife Stadium,LAC,NYG,False,REG,NYG,23.0,41.0,203.0,1.0,2.0,2.0,-17.0,0.0,0.0,265.0,81.0,8.0,-21.121796523494552,-5.677072468556855,0.0,13.0,152.0,1.0,0.0,0.0,6.0,11.601862993135118,1.0,23.0,38.0,203.0,1.0,0.0,0.0,265.0,81.0,8.0,-15.670532563584857,0.0,0.0,44.0,3.0,43.0,8.0,30.0,1.0,6.0,30.0,9.0,0.0,0.0,2.0,0.0,0.0,0.0,0.0,0.0,0.0,0.0,0.0,0.0,14.0,107.0,4.0,4.0,25.0,3.0,73.0,1.0,1.0,0.0,0.0,43.0,1.0,0.0,0.0,0.0,1.0,0.0,0.0,0.0,0.0,0.0,0.0,0.0,0.0,43,,,43.0,0.0,0.0,1.0,1.0,0.0,0.0,1.0,0.0,0.0,0.0,0.0,0.0,0.1917272429711763,0
2025_05_WAS_LAC,2025,REG,5,2025-10-05,Sunday,16:25,WAS,27.0,LAC,10.0,Home,-17.0,37.0,0.0,2025100510,59918.0,,202510050sdg,28493,401772853,6809,7,7,130.0,-155.0,2.5,100.0,-120.0,47.5,-115.0,-105.0,0,dome,matrixturf,,,00-0039910,00-0036355,Jayden Daniels,Justin Herbert,Dan Quinn,Jim Harbaugh,John Hussey,LAX01,SoFi Stadium,LAC,WAS,True,REG,WAS,25.0,33.0,210.0,1.0,1.0,5.0,-29.0,0.0,0.0,127.0,125.0,11.0,-7.5453580910951095,5.737509019672871,0.0,27.0,155.0,0.0,0.0,0.0,6.0,4.38978646293981,0.0,25.0,32.0,210.0,1.0,1.0,1.0,127.0,125.0,11.0,-5.5963984139380045,0.0,0.0,31.0,1.0,27.0,6.0,18.0,1.0,1.0,5.0,1.0,0.0,0.0,2.0,0.0,0.0,0.0,0.0,0.0,0.0,1.0,1.0,0.0,10.0,85.0,5.0,0.0,0.0,4.0,88.0,1.0,1.0,0.0,0.0,55.0,1.0,0.0,0.0,0.0,0.0,1.0,0.0,0.0,0.0,0.0,0.0,0.0,0.0,55,,,55.0,0.0,0.0,1.0,1.0,0.0,0.0,1.0,0.0,0.0,0.0,0.0,0.0,0.0337469940803535,0
2025_06_LAC_MIA,2025,REG,6,2025-10-12,Sunday,13:00,LAC,29.0,MIA,27.0,Home,-2.0,56.0,0.0,2025101205,59927.0,,202510120mia,28502,401772750,6818,7,7,-205.0,170.0,-3.5,-115.0,-105.0,45.5,-115.0,-105.0,0,outdoors,grass,85.0,4.0,00-0036355,00-0036212,Justin Herbert,Tua Tagovailoa,Jim Harbaugh,Mike McDaniel,Bill Vinovich,MIA00,Hard Rock Stadium,LAC,MIA,False,REG,MIA,29.0,38.0,264.0,2.0,0.0,1.0,-1.0,0.0,0.0,220.0,160.0,12.0,12.641889955414864,8.790127697743868,0.0,25.0,140.0,0.0,0.0,0.0,7.0,-0.280884458631665,0.0,29.0,38.0,264.0,2.0,2.0,1.0,220.0,160.0,12.0,7.684557327916319,0.0,0.0,36.0,2.0,24.0,4.0,15.0,0.0,2.0,9.0,4.0,3.0,23.0,5.0,0.0,0.0,0.0,0.0,1.0,1.0,0.0,0.0,0.0,7.0,45.0,3.0,2.0,11.0,4.0,131.0,5.0,5.0,0.0,0.0,35.0,1.0,0.0,1.0,4.0,0.0,0.0,0.0,0.0,0.0,0.0,0.0,0.0,0.0,35;31;29;35;33,,,163.0,0.0,0.0,2.0,2.0,0.0,0.0,1.0,1.0,1.0,0.0,0.0,33.0,0.9939927433916308,1
2025_07_IND_LAC,2025,REG,7,2025-10-19,Sunday,16:05,IND,38.0,LAC,24.0,Home,-14.0,62.0,0.0,2025101908,59945.0,,202510190sdg,28520,401772756,6836,7,7,114.0,-135.0,2.5,-108.0,-112.0,48.5,-110.0,-110.0,0,dome,matrixturf,,,00-0035710,00-0036355,Daniel Jones,Justin Herbert,Shane Steichen,Jim Harbaugh,Alan Eck,LAX01,SoFi Stadium,LAC,IND,True,REG,IND,37.0,55.0,420.0,3.0,2.0,3.0,-29.0,0.0,0.0,451.0,142.0,19.0,5.819126800481275,2.804653180970086,0.0,16.0,54.0,0.0,0.0,0.0,4.0,0.6523442440084182,0.0,37.0,54.0,420.0,3.0,0.0,0.0,451.0,142.0,19.0,11.715148438430436,0.0,0.0,32.0,0.0,26.0,3.0,11.0,0.0,1.0,7.0,5.0,0.0,0.0,4.0,0.0,0.0,0.0,0.0,0.0,0.0,0.0,0.0,0.0,6.0,35.0,3.0,1.0,-3.0,6.0,147.0,1.0,1.0,0.0,0.0,43.0,1.0,0.0,0.0,0.0,1.0,0.0,0.0,0.0,0.0,0.0,0.0,0.0,0.0,43,,,43.0,0.0,0.0,3.0,3.0,0.0,0.0,1.0,0.0,0.0,0.0,0.0,0.0,0.0814279277026499,0
2025_08_MIN_LAC,2025,REG,8,2025-10-23,Thursday,20:15,MIN,10.0,LAC,37.0,Home,27.0,47.0,0.0,2025102300,59951.0,,202510230sdg,28526,401772942,6842,4,4,142.0,-170.0,3.0,100.0,-120.0,45.5,-110.0,-110.0,0,dome,matrixturf,,,00-0032950,00-0036355,Carson Wentz,Justin Herbert,Kevin O'Connell,Jim Harbaugh,Clete Blakeman,LAX01,SoFi Stadium,LAC,MIN,True,REG,MIN,18.0,25.0,227.0,3.0,1.0,2.0,-15.0,0.0,0.0,206.0,75.0,13.0,11.607531543715911,9.111668666203817,0.0,43.0,207.0,1.0,0.0,0.0,14.0,2.650265364579405,0.0,18.0,24.0,227.0,3.0,0.0,0.0,206.0,75.0,13.0,15.538929641025195,0.0,0.0,32.0,1.0,13.0,7.0,30.0,1.0,5.0,27.0,8.0,1.0,15.0,7.0,0.0,0.0,0.0,0.0,0.0,0.0,0.0,0.0,0.0,8.0,46.0,2.0,1.0,0.0,3.0,75.0,3.0,4.0,1.0,0.0,45.0,0.75,0.0,0.0,1.0,2.0,0.0,0.0,0.0,0.0,0.0,1.0,0.0,0.0,43;34;45,49,,122.0,49.0,0.0,4.0,4.0,0.0,0.0,1.0,0.0,0.0,0.0,0.0,0.0,0.9986473065904236,1
2025_09_LAC_TEN,2025,REG,9,2025-11-02,Sunday,13:00,LAC,27.0,TEN,20.0,Home,-7.0,47.0,0.0,2025110207,59972.0,,202511020oti,28547,401772764,6863,10,7,-650.0,470.0,-10.0,-112.0,-108.0,44.5,-110.0,-110.0,0,outdoors,grass,46.0,5.0,00-0036355,00-0040676,Justin Herbert,Cam Ward,Jim Harbaugh,Brian Callahan,Alex Kemp,NAS00,Nissan Stadium,LAC,TEN,False,REG,TEN,19.0,29.0,250.0,2.0,1.0,6.0,-38.0,0.0,0.0,311.0,104.0,12.0,1.8336171157623544,6.475198268890381,0.0,30.0,131.0,1.0,1.0,0.0,8.0,1.6938555346569046,0.0,19.0,28.0,250.0,2.0,0.0,0.0,311.0,104.0,12.0,10.398985734489358,0.0,0.0,29.0,0.0,22.0,4.0,27.0,1.0,4.0,27.0,5.0,0.0,0.0,3.0,0.0,0.0,0.0,0.0,1.0,1.0,0.0,0.0,0.0,3.0,20.0,1.0,2.0,9.0,3.0,72.0,2.0,2.0,0.0,0.0,52.0,1.0,0.0,1.0,0.0,0.0,1.0,0.0,0.0,0.0,0.0,0.0,0.0,0.0,27;52,,,79.0,0.0,0.0,3.0,3.0,0.0,0.0,1.0,0.0,0.0,0.0,0.0,0.0,0.8861208801145998,1
2025_10_PIT_LAC,2025,REG,10,2025-11-09,Sunday,20:20,PIT,10.0,LAC,25.0,Home,15.0,35.0,0.0,2025110911,59990.0,,202511090sdg,28565,401772927,6881,7,7,136.0,-162.0,3.0,-118.0,-102.0,45.5,-115.0,-105.0,0,dome,matrixturf,,,00-0023459,00-0036355,Aaron Rodgers,Justin Herbert,Mike Tomlin,Jim Harbaugh,Brad Rogers,LAX01,SoFi Stadium,LAC,PIT,True,REG,PIT,20.0,33.0,220.0,1.0,0.0,5.0,-21.0,0.0,0.0,156.0,179.0,7.0,-6.661067343007555,-14.103084441387292,0.0,31.0,115.0,1.0,0.0,0.0,11.0,-1.0228158868414394,0.0,20.0,33.0,220.0,1.0,0.0,0.0,156.0,179.0,7.0,1.0241343198178658,0.0,0.0,30.0,0.0,16.0,4.0,15.0,1.0,3.0,13.0,5.0,2.0,31.0,5.0,0.0,0.0,1.0,0.0,0.0,0.0,1.0,1.0,0.0,8.0,55.0,3.0,1.0,5.0,3.0,76.0,3.0,4.0,1.0,0.0,59.0,0.75,0.0,0.0,1.0,1.0,1.0,0.0,0.0,0.0,0.0,0.0,1.0,0.0,32;59;42,55,,133.0,55.0,0.0,2.0,2.0,0.0,0.0,1.0,0.0,0.0,0.0,0.0,0.0,0.9628892056880812,1
2025_11_LAC_JAX,2025,REG,11,2025-11-16,Sunday,13:00,LAC,6.0,JAX,35.0,Home,29.0,41.0,0.0,2025111603,59996.0,,202511160jax,28571,401772775,6887,7,7,-155.0,130.0,-3.0,-105.0,-115.0,43.5,-110.0,-110.0,0,outdoors,grass,74.0,9.0,00-0036355,00-0036971,Justin Herbert,Trevor Lawrence,Jim Harbaugh,Liam Coen,Craig Wrolstad,JAX00,TIAA Bank Stadium,LAC,JAX,False,REG,JAX,13.0,26.0,118.0,0.0,1.0,3.0,-25.0,0.0,0.0,184.0,59.0,4.0,-21.69488277241366,-12.295958399772644,0.0,16.0,42.0,0.0,0.0,0.0,3.0,-1.31575386330951,0.0,13.0,24.0,118.0,0.0,0.0,0.0,184.0,59.0,4.0,-13.2105033354728,0.0,0.0,42.0,1.0,33.0,2.0,4.0,0.0,0.0,0.0,2.0,1.0,0.0,3.0,0.0,0.0,0.0,0.0,0.0,0.0,0.0,0.0,0.0,5.0,71.0,3.0,0.0,0.0,5.0,123.0,2.0,2.0,0.0,0.0,46.0,1.0,0.0,0.0,0.0,2.0,0.0,0.0,0.0,0.0,0.0,0.0,0.0,0.0,41;46,,,87.0,0.0,0.0,0.0,0.0,0.0,0.0,,0.0,0.0,0.0,0.0,0.0,0.0129875181073544,0
2025_13_LV_LAC,2025,REG,13,2025-11-30,Sunday,16:25,LV,14.0,LAC,31.0,Home,17.0,45.0,0.0,2025113008,60033.0,,202511300sdg,28607,401772788,6924,7,14,440.0,-600.0,10.0,-115.0,-105.0,40.5,-108.0,-112.0,1,dome,matrixturf,,,00-0030565,00-0036355,Geno Smith,Justin Herbert,Pete Carroll,Jim Harbaugh,Alex Moore,LAX01,SoFi Stadium,LAC,LV,True,REG,LV,16.0,21.0,160.0,2.0,1.0,3.0,-11.0,0.0,0.0,199.0,46.0,11.0,8.219460756295499,11.456142720722017,0.0,43.0,192.0,2.0,0.0,0.0,8.0,-1.350502208864782,0.0,16.0,21.0,160.0,2.0,0.0,0.0,199.0,46.0,11.0,12.11808578100628,0.0,0.0,31.0,2.0,20.0,8.0,32.0,1.0,5.0,40.0,9.0,1.0,0.0,5.0,0.0,0.0,0.0,0.0,0.0,0.0,0.0,0.0,0.0,4.0,27.0,5.0,2.0,18.0,3.0,88.0,1.0,1.0,0.0,0.0,56.0,1.0,0.0,0.0,0.0,0.0,1.0,0.0,0.0,0.0,0.0,0.0,0.0,0.0,56,,,56.0,0.0,0.0,4.0,4.0,0.0,0.0,1.0,0.0,0.0,0.0,0.0,0.0,0.983417014191537,1
2025_14_PHI_LAC,2025,REG,14,2025-12-08,Monday,20:15,PHI,,LAC,,Home,,,,2025120800,,,202512080sdg,28625,401772822,6941,10,8,-148.0,124.0,-2.5,-115.0,-105.0,41.5,-118.0,-102.0,0,dome,matrixturf,,,00-0036389,00-0036355,Jalen Hurts,Justin Herbert,Nick Sirianni,Jim Harbaugh,,LAX01,SoFi Stadium,LAC,PHI,True,,,,,,,,,,,,,,,,,,,,,,,,,,,,,,,,,,,,,,,,,,,,,,,,,,,,,,,,,,,,,,,,,,,,,,,,,,,,,,,,,,,,,,,,,,,,,,,,,,,,0.0165731397877506,0
2025_15_LAC_KC,2025,REG,15,2025-12-14,Sunday,13:00,LAC,,KC,,Home,,,,2025121404,,,202512140kan,28631,401772798,6947,6,7,170.0,-205.0,4.5,-108.0,-112.0,44.5,-110.0,-110.0,1,outdoors,grass,,,,,,,Jim Harbaugh,Andy Reid,,KAN00,GEHA Field at Arrowhead Stadium,LAC,KC,False,,,,,,,,,,,,,,,,,,,,,,,,,,,,,,,,,,,,,,,,,,,,,,,,,,,,,,,,,,,,,,,,,,,,,,,,,,,,,,,,,,,,,,,,,,,,,,,,,,,,0.0182607965715682,0
2025_16_LAC_DAL,2025,REG,16,2025-12-21,Sunday,13:00,LAC,,DAL,,Home,,,,2025122103,,,202512210dal,28648,401772910,6964,7,7,,,,,,,,,0,closed,matrixturf,,,,,,,Jim Harbaugh,Brian Schottenheimer,,DAL00,AT&T Stadium,LAC,DAL,False,,,,,,,,,,,,,,,,,,,,,,,,,,,,,,,,,,,,,,,,,,,,,,,,,,,,,,,,,,,,,,,,,,,,,,,,,,,,,,,,,,,,,,,,,,,,,,,,,,,,0.0182607965715682,0
2025_17_HOU_LAC,2025,REG,17,2025-12-28,Sunday,13:00,HOU,,LAC,,Home,,,,2025122803,,,202512280sdg,28664,401772951,6982,7,7,,,,,,,,,0,dome,matrixturf,,,,,,,DeMeco Ryans,Jim Harbaugh,,LAX01,SoFi Stadium,LAC,HOU,True,,,,,,,,,,,,,,,,,,,,,,,,,,,,,,,,,,,,,,,,,,,,,,,,,,,,,,,,,,,,,,,,,,,,,,,,,,,,,,,,,,,,,,,,,,,,,,,,,,,,0.0165731397877506,0
2025_18_LAC_DEN,2025,REG,18,2026-01-04,Sunday,13:00,LAC,,DEN,,Home,,,,2025010404,,,202501040den,28677,401772956,6994,7,7,,,,,,,,,1,outdoors,grass,,,,,,,Jim Harbaugh,Sean Payton,,DEN00,Empower Field at Mile High,LAC,DEN,False,,,,,,,,,,,,,,,,,,,,,,,,,,,,,,,,,,,,,,,,,,,,,,,,,,,,,,,,,,,,,,,,,,,,,,,,,,,,,,,,,,,,,,,,,,,,,,,,,,,,0.0182607965715682,0
2025_01_LV_NE,2025,REG,1,2025-09-07,Sunday,13:00,LV,20.0,NE,13.0,Home,-7.0,33.0,0.0,2025090704,59849.0,,202509070nwe,28424,401772720,6740,7,7,130.0,-155.0,2.5,100.0,-120.0,44.5,-115.0,-105.0,0,outdoors,fieldturf,62.0,4.0,00-0030565,00-0039851,Geno Smith,Drake Maye,Pete Carroll,Mike Vrabel,Ron Torbert,BOS00,Gillette Stadium,LV,NE,False,REG,NE,24.0,34.0,362.0,1.0,1.0,4.0,-29.0,0.0,0.0,350.0,140.0,17.0,14.945327814546477,9.620190027988318,0.0,24.0,56.0,1.0,0.0,0.0,3.0,-7.367797683403163,0.0,24.0,33.0,362.0,1.0,0.0,0.0,350.0,140.0,17.0,20.02049292654674,0.0,0.0,40.0,2.0,34.0,6.0,18.0,1.0,4.0,11.0,9.0,1.0,0.0,4.0,0.0,0.0,0.0,0.0,0.0,0.0,0.0,0.0,0.0,9.0,77.0,5.0,1.0,13.0,3.0,96.0,2.0,3.0,1.0,0.0,51.0,0.6666666666666666,0.0,0.0,0.0,1.0,1.0,0.0,0.0,0.0,0.0,0.0,1.0,0.0,51;40,58,,91.0,58.0,0.0,2.0,2.0,0.0,0.0,1.0,0.0,0.0,0.0,0.0,0.0,0.6982507058760858,1
2025_02_LAC_LV,2025,REG,2,2025-09-15,Monday,22:00,LAC,20.0,LV,9.0,Home,-11.0,29.0,0.0,2025091501,59874.0,,202509150rai,28449,401772811,6764,10,8,-198.0,164.0,-3.5,-105.0,-115.0,46.5,-102.0,-118.0,1,dome,grass,,,00-0036355,00-0030565,Justin Herbert,Geno Smith,Jim Harbaugh,Pete Carroll,Clay Martin,VEG00,Allegiant Stadium,LV,LAC,True,REG,LAC,24.0,43.0,180.0,0.0,3.0,3.0,-30.0,0.0,0.0,291.0,145.0,8.0,-23.067928140179568,-15.258365453675736,0.0,19.0,68.0,0.0,0.0,0.0,5.0,-2.4044838724657893,0.0,24.0,43.0,180.0,0.0,0.0,0.0,291.0,145.0,8.0,-15.400144845151868,0.0,0.0,34.0,4.0,24.0,8.0,20.0,0.0,2.0,6.0,3.0,0.0,0.0,6.0,0.0,0.0,0.0,0.0,1.0,1.0,1.0,1.0,0.0,5.0,47.0,5.0,1.0,15.0,4.0,91.0,3.0,3.0,0.0,0.0,54.0,1.0,0.0,0.0,1.0,1.0,1.0,0.0,0.0,0.0,0.0,0.0,0.0,0.0,54;40;37,,,131.0,0.0,0.0,0.0,0.0,0.0,0.0,,0.0,0.0,0.0,0.0,0.0,0.0123036457369819,0
2025_03_LV_WAS,2025,REG,3,2025-09-21,Sunday,13:00,LV,24.0,WAS,41.0,Home,17.0,65.0,0.0,2025092108,59884.0,,202509210was,28460,401772841,6775,6,10,130.0,-155.0,2.5,100.0,-120.0,43.5,-110.0,-110.0,0,outdoors,grass,72.0,6.0,00-0030565,00-0032268,Geno Smith,Marcus Mariota,Pete Carroll,Dan Quinn,Shawn Hochuli,WAS00,FedExField,LV,WAS,False,REG,WAS,19.0,29.0,289.0,3.0,0.0,5.0,-28.0,0.0,0.0,305.0,90.0,12.0,12.24070766654052,11.681264307763842,1.0,28.0,93.0,0.0,0.0,0.0,5.0,-9.361083445328287,0.0,19.0,27.0,289.0,3.0,0.0,0.0,305.0,90.0,12.0,20.104231717690826,1.0,0.0,37.0,4.0,24.0,6.0,15.0,1.0,1.0,8.0,3.0,0.0,0.0,2.0,0.0,0.0,0.0,0.0,0.0,0.0,1.0,1.0,0.0,6.0,54.0,5.0,2.0,10.0,5.0,110.0,1.0,1.0,0.0,0.0,37.0,1.0,0.0,0.0,1.0,0.0,0.0,0.0,0.0,0.0,0.0,0.0,0.0,0.0,37,,,37.0,0.0,0.0,1.0,1.0,0.0,0.0,1.0,0.0,0.0,0.0,0.0,0.0,0.1745934998100441,0
2025_04_CHI_LV,2025,REG,4,2025-09-28,Sunday,16:25,CHI,25.0,LV,24.0,Home,-1.0,49.0,0.0,2025092811,59903.0,,202509280rai,28477,401772742,6794,7,7,105.0,-125.0,1.5,-110.0,-110.0,47.5,-105.0,-115.0,0,dome,grass,,,00-0039918,00-0030565,Caleb Williams,Geno Smith,Ben Johnson,Pete Carroll,Adrian Hill,VEG00,Allegiant Stadium,LV,CHI,True,REG,CHI,14.0,21.0,117.0,2.0,3.0,0.0,0.0,0.0,0.0,97.0,92.0,6.0,-9.613629262534428,-3.5831913352012634,0.0,31.0,240.0,1.0,1.0,1.0,11.0,-0.3816133368853216,0.0,14.0,20.0,117.0,2.0,0.0,0.0,97.0,92.0,6.0,-9.602183523751787,0.0,0.0,39.0,0.0,28.0,8.0,33.0,1.0,1.0,10.0,2.0,1.0,19.0,6.0,0.0,0.0,0.0,0.0,0.0,0.0,0.0,0.0,0.0,5.0,36.0,5.0,1.0,7.0,7.0,190.0,1.0,2.0,0.0,1.0,29.0,0.5,0.0,1.0,0.0,0.0,0.0,0.0,0.0,0.0,0.0,0.0,0.0,0.0,29,,54,29.0,0.0,54.0,3.0,3.0,0.0,0.0,1.0,0.0,1.0,0.0,1.0,54.0,0.6680158729265593,0
2025_05_LV_IND,2025,REG,5,2025-10-05,Sunday,13:00,LV,6.0,IND,40.0,Home,34.0,46.0,0.0,2025100503,59911.0,,202510050clt,28486,401772851,6802,7,7,285.0,-360.0,7.0,100.0,-120.0,46.5,-108.0,-112.0,0,closed,fieldturf,,,00-0030565,00-0035710,Geno Smith,Daniel Jones,Pete Carroll,Shane Steichen,Alex Kemp,IND00,Lucas Oil Stadium,LV,IND,False,REG,IND,25.0,36.0,228.0,0.0,2.0,4.0,-38.0,0.0,0.0,244.0,121.0,12.0,-10.903446787652872,-0.3144454624917772,0.0,25.0,106.0,0.0,0.0,0.0,6.0,-2.9291376379551366,0.0,25.0,36.0,228.0,0.0,0.0,0.0,244.0,121.0,12.0,-2.5412842641573734,0.0,0.0,34.0,2.0,18.0,2.0,3.0,0.0,0.0,0.0,3.0,0.0,0.0,3.0,0.0,0.0,0.0,0.0,0.0,0.0,0.0,0.0,0.0,6.0,65.0,3.0,1.0,8.0,4.0,100.0,2.0,3.0,1.0,0.0,37.0,0.6666666666666666,0.0,1.0,1.0,0.0,0.0,0.0,0.0,0.0,0.0,0.0,1.0,0.0,24;37,57,,61.0,57.0,0.0,0.0,0.0,0.0,0.0,,0.0,0.0,0.0,0.0,0.0,0.008526757262205,0
2025_06_TEN_LV,2025,REG,6,2025-10-12,Sunday,16:05,TEN,10.0,LV,20.0,Home,10.0,30.0,0.0,2025101208,59930.0,,202510120rai,28505,401772859,6821,7,7,154.0,-185.0,3.5,-110.0,-110.0,41.5,-105.0,-115.0,0,dome,grass,,,00-0040676,00-0030565,Cam Ward,Geno Smith,Brian Callahan,Pete Carroll,Carl Cheffers,VEG00,Allegiant Stadium,LV,TEN,True,REG,TEN,17.0,23.0,174.0,1.0,1.0,2.0,-16.0,0.0,0.0,58.0,122.0,9.0,0.5693263779394329,2.7602197035499243,0.0,32.0,68.0,1.0,0.0,0.0,4.0,-12.312568710836507,0.0,17.0,23.0,174.0,1.0,0.0,0.0,58.0,122.0,9.0,4.271656537312083,0.0,0.0,35.0,1.0,25.0,7.0,49.0,1.0,5.0,47.0,8.0,1.0,0.0,2.0,0.0,0.0,0.0,0.0,0.0,0.0,2.0,2.0,0.0,6.0,27.0,2.0,3.0,47.0,2.0,57.0,2.0,2.0,0.0,0.0,50.0,1.0,0.0,1.0,0.0,0.0,1.0,0.0,0.0,0.0,0.0,0.0,0.0,0.0,50;29,,,79.0,0.0,0.0,2.0,2.0,0.0,0.0,1.0,0.0,0.0,0.0,0.0,0.0,0.7846006498999029,1
2025_07_LV_KC,2025,REG,7,2025-10-19,Sunday,13:00,LV,0.0,KC,31.0,Home,31.0,31.0,0.0,2025101903,59940.0,,202510190kan,28515,401772753,6831,7,7,625.0,-950.0,13.5,-115.0,-105.0,44.5,-115.0,-105.0,1,outdoors,grass,57.0,9.0,00-0030565,00-0033873,Geno Smith,Patrick Mahomes,Pete Carroll,Andy Reid,Clete Blakeman,KAN00,GEHA Field at Arrowhead Stadium,LV,KC,False,REG,KC,12.0,18.0,75.0,0.0,0.0,1.0,-5.0,0.0,0.0,51.0,73.0,2.0,-10.463286587735638,-4.785633613081539,0.0,11.0,25.0,0.0,2.0,1.0,2.0,-9.597803617914906,0.0,12.0,17.0,75.0,0.0,0.0,0.0,51.0,73.0,2.0,-8.080060073407367,0.0,0.0,42.0,4.0,42.0,6.0,12.0,1.0,1.0,4.0,3.0,0.0,0.0,2.0,0.0,0.0,0.0,0.0,1.0,3.0,0.0,0.0,0.0,8.0,58.0,1.0,1.0,6.0,3.0,100.0,0.0,0.0,0.0,0.0,,,0.0,0.0,0.0,0.0,0.0,0.0,0.0,0.0,0.0,0.0,0.0,0.0,,,,0.0,0.0,0.0,0.0,0.0,0.0,0.0,,0.0,0.0,0.0,0.0,0.0,0.0031648157227954,0
2025_09_JAX_LV,2025,REG,9,2025-11-02,Sunday,16:05,JAX,30.0,LV,29.0,Home,-1.0,59.0,1.0,2025110209,59974.0,,202511020rai,28549,401772873,6865,14,14,-130.0,110.0,-2.5,-105.0,-115.0,43.5,-105.0,-115.0,0,dome,grass,,,00-0036971,00-0030565,Trevor Lawrence,Geno Smith,Liam Coen,Pete Carroll,Alan Eck,VEG00,Allegiant Stadium,LV,JAX,True,REG,JAX,29.0,39.0,284.0,4.0,1.0,2.0,-10.0,0.0,0.0,162.0,196.0,17.0,11.396392546725169,1.5299597068836814,0.0,19.0,57.0,0.0,0.0,0.0,5.0,-2.923447342007421,0.0,29.0,38.0,284.0,4.0,0.0,0.0,162.0,196.0,17.0,13.248170685736172,0.0,0.0,55.0,2.0,28.0,7.0,13.0,0.0,1.0,4.0,2.0,1.0,0.0,4.0,0.0,0.0,0.0,0.0,0.0,0.0,0.0,0.0,0.0,7.0,55.0,2.0,0.0,0.0,6.0,232.0,1.0,1.0,0.0,0.0,24.0,1.0,0.0,1.0,0.0,0.0,0.0,0.0,0.0,0.0,0.0,0.0,0.0,0.0,24,,,24.0,0.0,0.0,2.0,3.0,1.0,0.0,0.6666666666666666,0.0,0.0,0.0,0.0,0.0,0.1405752815070208,0
2025_10_LV_DEN,2025,REG,10,2025-11-06,Thursday,20:15,LV,7.0,DEN,10.0,Home,3.0,17.0,0.0,2025110600,59978.0,,202511060den,28553,401772944,6869,4,4,380.0,-500.0,9.5,-112.0,-108.0,42.5,-110.0,-110.0,1,outdoors,grass,60.0,10.0,00-0030565,00-0039732,Geno Smith,Bo Nix,Pete Carroll,Sean Payton,Bill Vinovich,DEN00,Empower Field at Mile High,LV,DEN,False,REG,DEN,16.0,27.0,143.0,0.0,1.0,6.0,-29.0,0.0,0.0,61.0,84.0,7.0,-17.304641577249434,-9.336032390594482,0.0,25.0,74.0,1.0,0.0,0.0,5.0,-5.318551579664927,0.0,16.0,25.0,143.0,0.0,1.0,0.0,61.0,84.0,7.0,-3.474344949470833,0.0,0.0,32.0,0.0,28.0,4.0,18.0,0.0,2.0,14.0,4.0,2.0,26.0,4.0,0.0,0.0,0.0,0.0,1.0,1.0,0.0,0.0,0.0,11.0,83.0,4.0,3.0,2.0,1.0,28.0,0.0,1.0,1.0,0.0,,0.0,0.0,0.0,0.0,0.0,0.0,0.0,0.0,0.0,0.0,1.0,0.0,0.0,,48,,0.0,48.0,0.0,1.0,1.0,0.0,0.0,1.0,0.0,0.0,0.0,0.0,0.0,0.0497410691203999,0
2025_11_DAL_LV,2025,REG,11,2025-11-17,Monday,20:15,DAL,33.0,LV,16.0,Home,-17.0,49.0,0.0,2025111700,60006.0,,202511170rai,28572,401772819,6897,14,11,-198.0,164.0,-3.5,-115.0,-105.0,48.5,-115.0,-105.0,0,dome,grass,,,00-0033077,00-0030565,Dak Prescott,Geno Smith,Brian Schottenheimer,Pete Carroll,Brad Allen,VEG00,Allegiant Stadium,LV,DAL,True,REG,DAL,27.0,42.0,238.0,1.0,1.0,4.0,-29.0,0.0,0.0,220.0,151.0,12.0,-14.232012563434278,-3.2263241517238126,0.0,12.0,27.0,0.0,0.0,0.0,4.0,1.8330321313114837,0.0,27.0,39.0,238.0,1.0,0.0,0.0,220.0,151.0,12.0,-3.0117196640165336,0.0,0.0,32.0,0.0,46.0,2.0,2.0,1.0,1.0,1.0,4.0,0.0,0.0,3.0,0.0,0.0,0.0,0.0,0.0,0.0,1.0,1.0,0.0,6.0,40.0,3.0,2.0,4.0,6.0,136.0,3.0,3.0,0.0,0.0,45.0,1.0,0.0,0.0,2.0,1.0,0.0,0.0,0.0,0.0,0.0,0.0,0.0,0.0,35;45;38,,,118.0,0.0,0.0,1.0,1.0,0.0,0.0,1.0,0.0,0.0,0.0,0.0,0.0,0.0736502151417186,0
2025_12_CLE_LV,2025,REG,12,2025-11-23,Sunday,16:05,CLE,24.0,LV,10.0,Home,-14.0,34.0,0.0,2025112308,60016.0,,202511230rai,28591,401772784,6907,7,6,136.0,-162.0,3.0,-105.0,-115.0,35.5,-102.0,-118.0,0,dome,grass,,,00-0040668,00-0030565,Shedeur Sanders,Geno Smith,Kevin Stefanski,Pete Carroll,Shawn Hochuli,VEG00,Allegiant Stadium,LV,CLE,True,REG,CLE,30.0,44.0,285.0,1.0,0.0,10.0,-77.0,2.0,1.0,361.0,171.0,15.0,-20.258941511998373,0.5469675574983869,0.0,21.0,60.0,0.0,0.0,0.0,2.0,-8.32938545756042,0.0,30.0,42.0,285.0,1.0,0.0,0.0,361.0,171.0,15.0,1.9470187961317813,0.0,0.0,29.0,1.0,25.0,11.0,29.0,1.0,1.0,3.0,5.0,1.0,18.0,1.0,0.0,0.0,0.0,0.0,1.0,1.0,1.0,1.0,0.0,13.0,109.0,6.0,2.0,10.0,3.0,79.0,1.0,2.0,1.0,0.0,41.0,0.5,0.0,0.0,0.0,1.0,0.0,0.0,0.0,0.0,0.0,1.0,0.0,0.0,41,48,,41.0,48.0,0.0,1.0,1.0,0.0,0.0,1.0,0.0,0.0,0.0,0.0,0.0,0.026890239727701,0
2025_13_LV_LAC,2025,REG,13,2025-11-30,Sunday,16:25,LV,14.0,LAC,31.0,Home,17.0,45.0,0.0,2025113008,60033.0,,202511300sdg,28607,401772788,6924,7,14,440.0,-600.0,10.0,-115.0,-105.0,40.5,-108.0,-112.0,1,dome,matrixturf,,,00-0030565,00-0036355,Geno Smith,Justin Herbert,Pete Carroll,Jim Harbaugh,Alex Moore,LAX01,SoFi Stadium,LV,LAC,False,REG,LAC,18.0,23.0,165.0,2.0,1.0,5.0,-40.0,1.0,0.0,75.0,110.0,9.0,-2.135615331266308,12.157199599526145,0.0,18.0,31.0,0.0,0.0,0.0,1.0,-12.785856361821061,0.0,18.0,22.0,165.0,2.0,0.0,0.0,75.0,110.0,9.0,9.129280224529793,0.0,0.0,40.0,2.0,36.0,7.0,16.0,0.0,3.0,11.0,4.0,1.0,0.0,1.0,0.0,0.0,0.0,0.0,1.0,1.0,0.0,0.0,0.0,4.0,50.0,6.0,1.0,2.0,4.0,108.0,0.0,0.0,0.0,0.0,,,0.0,0.0,0.0,0.0,0.0,0.0,0.0,0.0,0.0,0.0,0.0,0.0,,,,0.0,0.0,0.0,2.0,2.0,0.0,0.0,1.0,0.0,0.0,0.0,0.0,0.0,0.0379394316716277,0
2025_14_DEN_LV,2025,REG,14,2025-12-07,Sunday,16:05,DEN,,LV,,Home,,,,2025120708,,,202512070rai,28621,401772794,6937,7,7,-410.0,320.0,-7.5,-108.0,-112.0,40.5,-122.0,102.0,1,dome,grass,,,00-0039732,00-0030565,Bo Nix,Geno Smith,Sean Payton,Pete Carroll,,VEG00,Allegiant Stadium,LV,DEN,True,,,,,,,,,,,,,,,,,,,,,,,,,,,,,,,,,,,,,,,,,,,,,,,,,,,,,,,,,,,,,,,,,,,,,,,,,,,,,,,,,,,,,,,,,,,,,,,,,,,,0.0165731397877506,0
2025_15_LV_PHI,2025,REG,15,2025-12-14,Sunday,13:00,LV,,PHI,,Home,,,,2025121407,,,202512140phi,28634,401772906,6950,7,6,625.0,-950.0,12.5,-110.0,-110.0,40.5,-110.0,-110.0,0,outdoors,grass,,,,,,,Pete Carroll,Nick Sirianni,,PHI00,Lincoln Financial Field,LV,PHI,False,,,,,,,,,,,,,,,,,,,,,,,,,,,,,,,,,,,,,,,,,,,,,,,,,,,,,,,,,,,,,,,,,,,,,,,,,,,,,,,,,,,,,,,,,,,,,,,,,,,,0.0182607965715682,0
2025_16_LV_HOU,2025,REG,16,2025-12-21,Sunday,16:25,LV,,HOU,,Home,,,,2025122110,,,202512210htx,28655,401772805,6971,7,7,,,,,,,,,0,closed,astroturf,,,,,,,Pete Carroll,DeMeco Ryans,,HOU00,NRG Stadium,LV,HOU,False,,,,,,,,,,,,,,,,,,,,,,,,,,,,,,,,,,,,,,,,,,,,,,,,,,,,,,,,,,,,,,,,,,,,,,,,,,,,,,,,,,,,,,,,,,,,,,,,,,,,0.0182607965715682,0
2025_17_NYG_LV,2025,REG,17,2025-12-28,Sunday,13:00,NYG,,LV,,Home,,,,2025122804,,,202512280rai,28665,401772950,6983,7,7,,,,,,,,,0,dome,grass,,,,,,,Brian Daboll,Pete Carroll,,VEG00,Allegiant Stadium,LV,NYG,True,,,,,,,,,,,,,,,,,,,,,,,,,,,,,,,,,,,,,,,,,,,,,,,,,,,,,,,,,,,,,,,,,,,,,,,,,,,,,,,,,,,,,,,,,,,,,,,,,,,,0.0165731397877506,0
2025_18_KC_LV,2025,REG,18,2026-01-04,Sunday,13:00,KC,,LV,,Home,,,,2025010408,,,202501040rai,28680,401772957,6998,10,6,,,,,,,,,1,dome,grass,,,,,,,Andy Reid,Pete Carroll,,VEG00,Allegiant Stadium,LV,KC,True,,,,,,,,,,,,,,,,,,,,,,,,,,,,,,,,,,,,,,,,,,,,,,,,,,,,,,,,,,,,,,,,,,,,,,,,,,,,,,,,,,,,,,,,,,,,,,,,,,,,0.0165731397877506,0
2025_01_MIA_IND,2025,REG,1,2025-09-07,Sunday,13:00,MIA,8.0,IND,33.0,Home,25.0,41.0,0.0,2025090702,59847.0,,202509070clt,28422,401772719,6738,7,7,-108.0,-112.0,1.5,-118.0,-102.0,47.5,-120.0,100.0,0,closed,fieldturf,,,00-0036212,00-0035710,Tua Tagovailoa,Daniel Jones,Mike McDaniel,Shane Steichen,Brad Allen,IND00,Lucas Oil Stadium,MIA,IND,False,REG,IND,19.0,31.0,146.0,1.0,2.0,3.0,-13.0,1.0,1.0,234.0,79.0,9.0,-16.14256922087213,-6.79955453641953,1.0,12.0,78.0,0.0,0.0,0.0,3.0,4.07183802803047,0.0,19.0,31.0,146.0,1.0,0.0,0.0,234.0,79.0,9.0,-7.430538102882449,1.0,0.0,44.0,3.0,35.0,4.0,17.0,0.0,1.0,10.0,2.0,0.0,0.0,4.0,0.0,0.0,0.0,0.0,0.0,0.0,0.0,0.0,0.0,3.0,15.0,5.0,0.0,0.0,7.0,169.0,0.0,0.0,0.0,0.0,,,0.0,0.0,0.0,0.0,0.0,0.0,0.0,0.0,0.0,0.0,0.0,0.0,,,,0.0,0.0,0.0,0.0,0.0,0.0,0.0,,0.0,0.0,0.0,0.0,0.0,0.0017960856971036,0
2025_02_NE_MIA,2025,REG,2,2025-09-14,Sunday,13:00,NE,33.0,MIA,27.0,Home,-6.0,60.0,0.0,2025091404,59864.0,,202509140mia,28439,401772728,6755,7,7,105.0,-125.0,1.5,-110.0,-110.0,43.5,-115.0,-105.0,1,outdoors,grass,89.0,4.0,00-0039851,00-0036212,Drake Maye,Tua Tagovailoa,Mike Vrabel,Mike McDaniel,Alex Moore,MIA00,Hard Rock Stadium,MIA,NE,True,REG,NE,26.0,32.0,315.0,2.0,1.0,5.0,-18.0,0.0,0.0,251.0,145.0,15.0,9.932129502697004,13.74564841389656,0.0,15.0,61.0,0.0,0.0,0.0,1.0,-1.0982281458564103,0.0,26.0,32.0,315.0,2.0,0.0,0.0,251.0,145.0,15.0,16.373107363199644,0.0,1.0,32.0,2.0,32.0,4.0,25.0,0.0,3.0,19.0,3.0,0.0,0.0,2.0,0.0,0.0,0.0,0.0,0.0,0.0,0.0,0.0,0.0,10.0,65.0,5.0,2.0,93.0,6.0,128.0,2.0,2.0,0.0,0.0,44.0,1.0,0.0,0.0,0.0,2.0,0.0,0.0,0.0,0.0,0.0,0.0,0.0,0.0,40;44,,,84.0,0.0,0.0,3.0,3.0,0.0,0.0,1.0,0.0,0.0,0.0,0.0,0.0,0.3922001897372438,0
2025_03_MIA_BUF,2025,REG,3,2025-09-18,Thursday,20:15,MIA,21.0,BUF,31.0,Home,10.0,52.0,0.0,2025091800,59875.0,,202509180buf,28450,401772937,6766,4,4,550.0,-800.0,12.5,-110.0,-110.0,50.5,-112.0,-108.0,1,outdoors,a_turf,68.0,7.0,00-0036212,00-0034857,Tua Tagovailoa,Josh Allen,Mike McDaniel,Sean McDermott,Alan Eck,BUF00,New Era Field,MIA,BUF,False,REG,BUF,22.0,34.0,146.0,2.0,1.0,0.0,0.0,0.0,0.0,204.0,117.0,11.0,0.14744083787081763,-1.6873112230589895,0.0,25.0,130.0,1.0,1.0,0.0,9.0,3.01154395902995,0.0,22.0,33.0,146.0,2.0,0.0,0.0,204.0,117.0,11.0,0.709284920070786,0.0,0.0,44.0,0.0,14.0,2.0,8.0,0.0,2.0,10.0,2.0,0.0,0.0,3.0,0.0,0.0,0.0,0.0,1.0,1.0,0.0,0.0,0.0,6.0,57.0,5.0,2.0,22.0,5.0,152.0,0.0,0.0,0.0,0.0,,,0.0,0.0,0.0,0.0,0.0,0.0,0.0,0.0,0.0,0.0,0.0,0.0,,,,0.0,0.0,0.0,3.0,3.0,0.0,0.0,1.0,0.0,0.0,0.0,0.0,0.0,0.124510654052418,0
2025_04_NYJ_MIA,2025,REG,4,2025-09-29,Monday,19:15,NYJ,21.0,MIA,27.0,Home,6.0,48.0,0.0,2025092900,59905.0,,202509290mia,28481,401772813,6796,8,11,124.0,-148.0,2.5,-105.0,-115.0,44.5,-120.0,100.0,1,outdoors,grass,88.0,17.0,00-0036945,00-0036212,Justin Fields,Tua Tagovailoa,Aaron Glenn,Mike McDaniel,Craig Wrolstad,MIA00,Hard Rock Stadium,MIA,NYJ,True,REG,NYJ,17.0,25.0,177.0,2.0,0.0,0.0,0.0,0.0,0.0,137.0,90.0,12.0,10.377943898333484,-1.6991593837738037,0.0,31.0,123.0,1.0,2.0,0.0,7.0,-3.115480173886817,0.0,17.0,25.0,177.0,2.0,0.0,0.0,137.0,90.0,12.0,10.377943898333484,0.0,0.0,42.0,1.0,19.0,5.0,22.0,3.0,2.0,19.0,3.0,0.0,0.0,3.0,0.0,0.0,0.0,0.0,2.0,3.0,3.0,3.0,0.0,6.0,40.0,5.0,0.0,0.0,3.0,96.0,2.0,2.0,0.0,0.0,47.0,1.0,0.0,0.0,1.0,1.0,0.0,0.0,0.0,0.0,0.0,0.0,0.0,0.0,47;36,,,83.0,0.0,0.0,3.0,3.0,0.0,0.0,1.0,0.0,0.0,0.0,0.0,0.0,0.8815817160268872,1
2025_05_MIA_CAR,2025,REG,5,2025-10-05,Sunday,13:00,MIA,24.0,CAR,27.0,Home,3.0,51.0,0.0,2025100502,59910.0,,202510050car,28485,401772852,6801,6,7,-120.0,100.0,-1.5,-105.0,-115.0,44.5,-105.0,-115.0,0,outdoors,grass,77.0,8.0,00-0036212,00-0039150,Tua Tagovailoa,Bryce Young,Mike McDaniel,Dave Canales,Clay Martin,CAR00,Bank of America Stadium,MIA,CAR,False,REG,CAR,27.0,36.0,256.0,3.0,0.0,3.0,-27.0,0.0,0.0,287.0,76.0,13.0,11.485191292514582,14.81027743395637,0.0,14.0,19.0,0.0,0.0,0.0,2.0,-6.435699418361764,0.0,27.0,34.0,256.0,3.0,0.0,0.0,287.0,76.0,13.0,16.393731623480562,0.0,0.0,33.0,3.0,37.0,3.0,20.0,1.0,3.0,19.0,8.0,1.0,7.0,2.0,0.0,0.0,0.0,0.0,0.0,0.0,1.0,1.0,0.0,9.0,64.0,4.0,3.0,29.0,5.0,122.0,1.0,1.0,0.0,0.0,43.0,1.0,0.0,0.0,0.0,1.0,0.0,0.0,0.0,0.0,0.0,0.0,0.0,0.0,43,,,43.0,0.0,0.0,3.0,3.0,0.0,0.0,1.0,0.0,0.0,0.0,0.0,0.0,0.4654056985970681,0
2025_06_LAC_MIA,2025,REG,6,2025-10-12,Sunday,13:00,LAC,29.0,MIA,27.0,Home,-2.0,56.0,0.0,2025101205,59927.0,,202510120mia,28502,401772750,6818,7,7,-205.0,170.0,-3.5,-115.0,-105.0,45.5,-115.0,-105.0,0,outdoors,grass,85.0,4.0,00-0036355,00-0036212,Justin Herbert,Tua Tagovailoa,Jim Harbaugh,Mike McDaniel,Bill Vinovich,MIA00,Hard Rock Stadium,MIA,LAC,True,REG,LAC,22.0,33.0,213.0,1.0,3.0,2.0,-9.0,0.0,0.0,209.0,104.0,10.0,-0.6257534058939094,2.366358737150828,0.0,21.0,137.0,2.0,0.0,0.0,7.0,5.722234074550215,0.0,22.0,30.0,213.0,1.0,0.0,0.0,209.0,104.0,10.0,4.820943049987556,0.0,0.0,47.0,1.0,25.0,1.0,1.0,2.0,1.0,1.0,7.0,0.0,0.0,2.0,0.0,0.0,0.0,0.0,0.0,0.0,1.0,1.0,0.0,4.0,45.0,6.0,1.0,8.0,6.0,180.0,2.0,3.0,1.0,0.0,47.0,0.6666666666666666,0.0,1.0,0.0,1.0,0.0,0.0,0.0,0.0,0.0,0.0,1.0,0.0,47;27,57,,74.0,57.0,0.0,3.0,3.0,0.0,0.0,1.0,0.0,0.0,0.0,0.0,0.0,0.3544374149570994,0
2025_07_MIA_CLE,2025,REG,7,2025-10-19,Sunday,13:00,MIA,6.0,CLE,31.0,Home,25.0,37.0,0.0,2025101902,59939.0,,202510190cle,28514,401772754,6830,7,7,124.0,-148.0,2.5,-102.0,-118.0,34.5,-112.0,-108.0,0,outdoors,grass,65.0,17.0,00-0036212,00-0040704,Tua Tagovailoa,Dillon Gabriel,Mike McDaniel,Kevin Stefanski,Shawn Hochuli,CLE00,FirstEnergy Stadium,MIA,CLE,False,REG,CLE,17.0,31.0,153.0,0.0,3.0,4.0,-33.0,1.0,0.0,230.0,73.0,7.0,-26.529127711095036,-10.648132065931955,0.0,22.0,99.0,0.0,3.0,0.0,6.0,-5.295548660927492,0.0,17.0,30.0,153.0,0.0,0.0,0.0,230.0,73.0,7.0,-19.147182113563296,0.0,0.0,40.0,2.0,16.0,9.0,32.0,0.0,2.0,14.0,3.0,0.0,0.0,2.0,0.0,0.0,0.0,0.0,5.0,8.0,0.0,0.0,0.0,11.0,103.0,5.0,1.0,11.0,6.0,164.0,2.0,2.0,0.0,0.0,33.0,1.0,0.0,1.0,1.0,0.0,0.0,0.0,0.0,0.0,0.0,0.0,0.0,0.0,33;26,,,59.0,0.0,0.0,0.0,0.0,0.0,0.0,,0.0,0.0,0.0,0.0,0.0,0.0047551292014384,0
2025_08_MIA_ATL,2025,REG,8,2025-10-26,Sunday,13:00,MIA,34.0,ATL,10.0,Home,-24.0,44.0,0.0,2025102600,59952.0,,202510260atl,28527,401772760,6843,7,7,280.0,-355.0,7.0,-115.0,-105.0,44.5,-115.0,-105.0,0,closed,fieldturf,,,00-0036212,00-0029604,Tua Tagovailoa,Kirk Cousins,Mike McDaniel,Raheem Morris,John Hussey,ATL97,Mercedes-Benz Stadium,MIA,ATL,False,REG,ATL,21.0,27.0,205.0,4.0,0.0,1.0,-8.0,0.0,0.0,101.0,148.0,10.0,6.220961127550506,2.2629392367822154,0.0,37.0,141.0,0.0,0.0,0.0,11.0,3.051628098370562,0.0,21.0,27.0,205.0,4.0,0.0,0.0,101.0,148.0,10.0,8.173403580327683,0.0,0.0,30.0,1.0,27.0,4.0,10.0,0.0,1.0,5.0,4.0,0.0,0.0,2.0,0.0,0.0,0.0,0.0,0.0,0.0,1.0,1.0,0.0,4.0,54.0,5.0,2.0,9.0,2.0,57.0,2.0,2.0,0.0,0.0,36.0,1.0,0.0,0.0,2.0,0.0,0.0,0.0,0.0,0.0,0.0,0.0,0.0,0.0,34;36,,,70.0,0.0,0.0,4.0,4.0,0.0,0.0,1.0,0.0,0.0,0.0,0.0,0.0,0.8978721569996453,1
2025_09_BAL_MIA,2025,REG,9,2025-10-30,Thursday,20:15,BAL,28.0,MIA,6.0,Home,-22.0,34.0,0.0,2025103000,59964.0,,202510300mia,28539,401772943,6855,4,4,-455.0,350.0,-7.5,-120.0,100.0,51.5,-110.0,-110.0,0,outdoors,grass,73.0,5.0,00-0034796,00-0036212,Lamar Jackson,Tua Tagovailoa,John Harbaugh,Mike McDaniel,Scott Novak,MIA00,Hard Rock Stadium,MIA,BAL,True,REG,BAL,25.0,40.0,261.0,0.0,1.0,2.0,-16.0,0.0,0.0,271.0,141.0,12.0,3.5116250164788205,-2.951435382301743,0.0,20.0,87.0,0.0,1.0,1.0,4.0,-9.570615272136596,0.0,25.0,37.0,261.0,0.0,1.0,1.0,271.0,141.0,12.0,1.845194312736158,0.0,0.0,32.0,4.0,34.0,5.0,19.0,0.0,2.0,16.0,4.0,0.0,0.0,1.0,0.0,0.0,0.0,0.0,0.0,0.0,0.0,0.0,0.0,5.0,45.0,5.0,2.0,38.0,4.0,89.0,2.0,3.0,1.0,0.0,49.0,0.6666666666666666,0.0,0.0,0.0,2.0,0.0,0.0,0.0,0.0,1.0,0.0,0.0,0.0,49;43,35,,92.0,35.0,0.0,0.0,0.0,0.0,0.0,,0.0,0.0,0.0,0.0,0.0,0.0472895064629647,0
2025_10_BUF_MIA,2025,REG,10,2025-11-09,Sunday,13:00,BUF,13.0,MIA,30.0,Home,17.0,43.0,0.0,2025110904,59983.0,,202511090mia,28558,401772771,6874,7,10,-455.0,350.0,-8.5,-105.0,-115.0,50.5,-115.0,-105.0,1,outdoors,grass,84.0,6.0,00-0034857,00-0036212,Josh Allen,Tua Tagovailoa,Sean McDermott,Mike McDaniel,Ron Torbert,MIA00,Hard Rock Stadium,MIA,BUF,True,REG,BUF,15.0,21.0,173.0,2.0,2.0,0.0,0.0,0.0,0.0,188.0,89.0,9.0,9.007470136275515,5.901699690591721,0.0,32.0,197.0,2.0,0.0,0.0,9.0,6.920662551691102,0.0,15.0,21.0,173.0,2.0,0.0,0.0,188.0,89.0,9.0,9.007470136275515,0.0,0.0,45.0,2.0,24.0,6.0,18.0,2.0,3.0,17.0,7.0,1.0,0.0,4.0,0.0,0.0,0.0,0.0,0.0,0.0,2.0,2.0,0.0,5.0,35.0,4.0,1.0,13.0,1.0,24.0,1.0,1.0,0.0,0.0,46.0,1.0,0.0,0.0,0.0,1.0,0.0,0.0,0.0,0.0,0.0,0.0,0.0,0.0,46,,,46.0,0.0,0.0,3.0,4.0,1.0,0.0,0.75,0.0,0.0,0.0,0.0,0.0,0.94414703127763,1
2025_11_WAS_MIA,2025,REG,11,2025-11-16,Sunday,09:30,WAS,13.0,MIA,16.0,Neutral,3.0,29.0,1.0,2025111600,59993.0,,202511160mia,28568,401772631,6884,7,7,124.0,-148.0,2.5,100.0,-120.0,47.5,-110.0,-110.0,0,outdoors,grass,,,00-0032268,00-0036212,Marcus Mariota,Tua Tagovailoa,Dan Quinn,Mike McDaniel,Shawn Smith,MIA00,Hard Rock Stadium,MIA,WAS,True,REG,WAS,14.0,20.0,171.0,0.0,0.0,3.0,-29.0,0.0,0.0,135.0,115.0,8.0,1.9614673138904752,2.0625826716423035,0.0,31.0,169.0,1.0,0.0,0.0,11.0,-3.033368296026651,0.0,14.0,20.0,171.0,0.0,0.0,0.0,135.0,115.0,8.0,7.170227725815494,0.0,0.0,35.0,3.0,43.0,5.0,12.0,0.0,1.0,6.0,5.0,1.0,7.0,2.0,0.0,0.0,0.0,0.0,0.0,0.0,1.0,1.0,0.0,4.0,39.0,6.0,1.0,3.0,1.0,21.0,3.0,3.0,0.0,0.0,46.0,1.0,0.0,1.0,1.0,1.0,0.0,0.0,0.0,0.0,0.0,0.0,0.0,0.0,46;39;29,,,114.0,0.0,0.0,1.0,1.0,0.0,0.0,1.0,1.0,1.0,0.0,0.0,29.0,0.7651394669003045,1
2025_13_NO_MIA,2025,REG,13,2025-11-30,Sunday,13:00,NO,17.0,MIA,21.0,Home,4.0,38.0,0.0,2025113003,60028.0,,202511300mia,28603,401772892,6919,7,14,205.0,-250.0,5.5,-110.0,-110.0,41.5,-105.0,-115.0,0,outdoors,grass,76.0,10.0,00-0040743,00-0036212,Tyler Shough,Tua Tagovailoa,Kellen Moore,Mike McDaniel,Alan Eck,MIA00,Hard Rock Stadium,MIA,NO,True,REG,NO,12.0,23.0,157.0,0.0,1.0,4.0,-23.0,0.0,0.0,232.0,80.0,8.0,-8.047162546331096,-1.271800696849823,0.0,32.0,164.0,1.0,0.0,0.0,8.0,0.785125222755596,0.0,12.0,20.0,157.0,0.0,0.0,0.0,232.0,80.0,8.0,-0.4594376382930707,0.0,0.0,41.0,1.0,37.0,5.0,23.0,1.0,4.0,26.0,8.0,1.0,38.0,6.0,0.0,0.0,0.0,0.0,1.0,1.0,1.0,1.0,0.0,3.0,15.0,5.0,1.0,5.0,2.0,45.0,4.0,4.0,0.0,0.0,48.0,1.0,0.0,1.0,2.0,1.0,0.0,0.0,0.0,0.0,0.0,0.0,0.0,0.0,39;25;48;33,,,145.0,0.0,0.0,1.0,1.0,0.0,0.0,1.0,0.0,0.0,0.0,0.0,0.0,0.9448866042722042,1
2025_14_MIA_NYJ,2025,REG,14,2025-12-07,Sunday,13:00,MIA,,NYJ,,Home,,,,2025120706,,,202512070nyj,28619,401772790,6935,7,7,-155.0,130.0,-2.5,-120.0,100.0,41.5,-110.0,-110.0,1,outdoors,fieldturf,,,00-0036212,00-0028118,Tua Tagovailoa,Tyrod Taylor,Mike McDaniel,Aaron Glenn,,NYC01,MetLife Stadium,MIA,NYJ,False,,,,,,,,,,,,,,,,,,,,,,,,,,,,,,,,,,,,,,,,,,,,,,,,,,,,,,,,,,,,,,,,,,,,,,,,,,,,,,,,,,,,,,,,,,,,,,,,,,,,0.0182607965715682,0
2025_15_MIA_PIT,2025,REG,15,2025-12-15,Monday,20:15,MIA,,PIT,,Home,,,,2025121500,,,202512150pit,28641,401772823,6957,8,8,140.0,-166.0,3.0,-112.0,-108.0,43.5,-115.0,-105.0,0,outdoors,grass,,,,,,,Mike McDaniel,Mike Tomlin,,PIT00,Acrisure Stadium,MIA,PIT,False,,,,,,,,,,,,,,,,,,,,,,,,,,,,,,,,,,,,,,,,,,,,,,,,,,,,,,,,,,,,,,,,,,,,,,,,,,,,,,,,,,,,,,,,,,,,,,,,,,,,0.0182607965715682,0
2025_16_CIN_MIA,2025,REG,16,2025-12-21,Sunday,20:20,CIN,,MIA,,Home,,,,2025122111,,,202512210mia,28656,401772934,6972,7,6,,,,,,,,,0,outdoors,grass,,,,,,,Zac Taylor,Mike McDaniel,,MIA00,Hard Rock Stadium,MIA,CIN,True,,,,,,,,,,,,,,,,,,,,,,,,,,,,,,,,,,,,,,,,,,,,,,,,,,,,,,,,,,,,,,,,,,,,,,,,,,,,,,,,,,,,,,,,,,,,,,,,,,,,0.0165731397877506,0
2025_17_TB_MIA,2025,REG,17,2025-12-28,Sunday,13:00,TB,,MIA,,Home,,,,2025122802,,,202512280mia,28668,401772916,6984,7,7,,,,,,,,,0,outdoors,grass,,,,,,,Todd Bowles,Mike McDaniel,,MIA00,Hard Rock Stadium,MIA,TB,True,,,,,,,,,,,,,,,,,,,,,,,,,,,,,,,,,,,,,,,,,,,,,,,,,,,,,,,,,,,,,,,,,,,,,,,,,,,,,,,,,,,,,,,,,,,,,,,,,,,,0.0165731397877506,0
2025_18_MIA_NE,2025,REG,18,2026-01-04,Sunday,13:00,MIA,,NE,,Home,,,,2025010410,,,202501040nwe,28683,401772958,7000,6,7,,,,,,,,,1,outdoors,fieldturf,,,,,,,Mike McDaniel,Mike Vrabel,,BOS00,Gillette Stadium,MIA,NE,False,,,,,,,,,,,,,,,,,,,,,,,,,,,,,,,,,,,,,,,,,,,,,,,,,,,,,,,,,,,,,,,,,,,,,,,,,,,,,,,,,,,,,,,,,,,,,,,,,,,,0.0182607965715682,0
2025_01_MIN_CHI,2025,REG,1,2025-09-08,Monday,20:15,MIN,27.0,CHI,24.0,Home,-3.0,51.0,0.0,2025090800,59858.0,,202509080chi,28433,401772810,6749,7,7,-112.0,-108.0,-1.5,100.0,-120.0,43.5,-112.0,-108.0,1,outdoors,grass,68.0,6.0,00-0039923,00-0039918,J.J. McCarthy,Caleb Williams,Kevin O'Connell,Ben Johnson,Alan Eck,CHI98,Soldier Field,MIN,CHI,False,REG,CHI,13.0,20.0,143.0,2.0,1.0,3.0,-9.0,0.0,0.0,117.0,68.0,5.0,-9.816290898994502,-3.2609406113624573,1.0,26.0,120.0,1.0,0.0,0.0,6.0,0.7950888272025622,0.0,13.0,20.0,143.0,2.0,0.0,0.0,117.0,68.0,5.0,-4.715521290014457,1.0,0.0,40.0,1.0,25.0,6.0,23.0,1.0,2.0,12.0,3.0,0.0,0.0,3.0,0.0,0.0,0.0,0.0,0.0,0.0,1.0,1.0,0.0,8.0,50.0,5.0,4.0,68.0,5.0,133.0,2.0,2.0,0.0,0.0,59.0,1.0,0.0,0.0,1.0,0.0,1.0,0.0,0.0,0.0,0.0,0.0,0.0,0.0,31;59,,,90.0,0.0,0.0,1.0,1.0,0.0,0.0,1.0,0.0,0.0,0.0,0.0,0.0,0.384094229738891,1
2025_02_ATL_MIN,2025,REG,2,2025-09-14,Sunday,20:20,ATL,22.0,MIN,6.0,Home,-16.0,28.0,0.0,2025091412,59872.0,,202509140min,28447,401772919,6763,7,6,150.0,-180.0,3.5,-115.0,-105.0,44.5,-110.0,-110.0,0,dome,sportturf,,,00-0039917,00-0039923,Michael Penix,J.J. McCarthy,Raheem Morris,Kevin O'Connell,Adrian Hill,MIN01,U.S. Bank Stadium,MIN,ATL,True,REG,ATL,11.0,21.0,158.0,0.0,2.0,6.0,-38.0,1.0,1.0,252.0,42.0,7.0,-17.96655729044881,-11.110292020298186,0.0,19.0,78.0,0.0,1.0,0.0,4.0,-2.743778312113136,0.0,11.0,21.0,158.0,0.0,0.0,0.0,252.0,42.0,7.0,-4.969427824990765,0.0,0.0,38.0,2.0,32.0,6.0,31.0,1.0,3.0,27.0,5.0,0.0,0.0,1.0,0.0,1.0,0.0,0.0,2.0,2.0,1.0,1.0,0.0,8.0,50.0,5.0,3.0,6.0,6.0,135.0,2.0,2.0,0.0,0.0,51.0,1.0,0.0,0.0,1.0,0.0,1.0,0.0,0.0,0.0,0.0,0.0,0.0,0.0,33;51,,,84.0,0.0,0.0,0.0,0.0,0.0,0.0,,0.0,0.0,0.0,0.0,0.0,0.0307748931863582,0
2025_03_CIN_MIN,2025,REG,3,2025-09-21,Sunday,13:00,CIN,10.0,MIN,48.0,Home,38.0,58.0,0.0,2025092103,59879.0,,202509210min,28455,401772731,6770,7,7,136.0,-162.0,3.0,-110.0,-110.0,41.5,-105.0,-115.0,0,dome,sportturf,,,00-0035100,00-0032950,Jake Browning,Carson Wentz,Zac Taylor,Kevin O'Connell,Ron Torbert,MIN01,U.S. Bank Stadium,MIN,CIN,True,REG,CIN,16.0,24.0,202.0,2.0,0.0,3.0,-19.0,0.0,0.0,188.0,109.0,10.0,5.620568110327859,-1.7815440893173218,0.0,31.0,169.0,2.0,1.0,0.0,11.0,1.4008431592956185,0.0,16.0,24.0,202.0,2.0,0.0,0.0,188.0,109.0,10.0,10.3178878000003,0.0,0.0,40.0,5.0,17.0,7.0,29.0,5.0,4.0,22.0,9.0,2.0,87.0,5.0,1.0,0.0,0.0,0.0,1.0,1.0,3.0,3.0,1.0,13.0,105.0,2.0,5.0,68.0,3.0,84.0,2.0,2.0,0.0,0.0,62.0,1.0,0.0,0.0,1.0,0.0,0.0,1.0,0.0,0.0,0.0,0.0,0.0,0.0,35;62,,,97.0,0.0,0.0,6.0,6.0,0.0,0.0,1.0,0.0,0.0,0.0,0.0,0.0,0.9990483313140452,1
2025_04_MIN_PIT,2025,REG,4,2025-09-28,Sunday,09:30,MIN,21.0,PIT,24.0,Neutral,3.0,45.0,0.0,2025092800,59892.0,,202509280pit,28467,401772632,6783,7,7,-148.0,124.0,-2.5,-125.0,105.0,41.5,-115.0,-105.0,0,outdoors,grass,61.0,5.0,00-0032950,00-0023459,Carson Wentz,Aaron Rodgers,Kevin O'Connell,Mike Tomlin,Brad Allen,PIT00,Acrisure Stadium,MIN,PIT,False,REG,PIT,30.0,46.0,350.0,2.0,2.0,6.0,-48.0,1.0,0.0,335.0,160.0,15.0,3.174312226501787,5.204265883990696,1.0,20.0,70.0,0.0,1.0,0.0,6.0,-0.059435999690322205,0.0,30.0,42.0,350.0,2.0,0.0,0.0,335.0,160.0,15.0,13.53601763192285,1.0,0.0,37.0,0.0,32.0,4.0,21.0,1.0,2.0,18.0,3.0,0.0,0.0,0.0,0.0,0.0,0.0,0.0,1.0,1.0,0.0,0.0,0.0,8.0,82.0,6.0,2.0,13.0,5.0,124.0,2.0,2.0,0.0,0.0,41.0,1.0,0.0,1.0,0.0,1.0,0.0,0.0,0.0,0.0,0.0,0.0,0.0,0.0,41;28,,,69.0,0.0,0.0,1.0,1.0,0.0,0.0,1.0,0.0,0.0,0.0,0.0,0.0,0.040883511762188,0
2025_05_MIN_CLE,2025,REG,5,2025-10-05,Sunday,09:30,MIN,21.0,CLE,17.0,Neutral,-4.0,38.0,0.0,2025100500,59908.0,,202510050cle,28483,401772633,6799,7,7,-198.0,164.0,-3.5,-110.0,-110.0,35.5,-112.0,-108.0,0,outdoors,grass,61.0,14.0,00-0032950,00-0040704,Carson Wentz,Dillon Gabriel,Kevin O'Connell,Kevin Stefanski,Scott Novak,CLE00,FirstEnergy Stadium,MIN,CLE,False,REG,CLE,26.0,35.0,268.0,2.0,0.0,3.0,-16.0,0.0,0.0,252.0,137.0,14.0,11.959720982628124,7.974851306746988,0.0,23.0,97.0,1.0,2.0,2.0,5.0,-9.770947939308826,0.0,26.0,34.0,268.0,2.0,0.0,0.0,252.0,137.0,14.0,16.77348877704935,0.0,0.0,34.0,1.0,45.0,5.0,16.0,0.0,2.0,8.0,3.0,0.0,0.0,5.0,0.0,0.0,0.0,0.0,0.0,0.0,0.0,0.0,0.0,7.0,50.0,5.0,3.0,15.0,4.0,102.0,0.0,1.0,1.0,0.0,,0.0,0.0,0.0,0.0,0.0,0.0,0.0,0.0,0.0,0.0,0.0,1.0,0.0,,51,,0.0,51.0,0.0,3.0,3.0,0.0,0.0,1.0,0.0,0.0,0.0,0.0,0.0,0.2684688876097694,1
2025_07_PHI_MIN,2025,REG,7,2025-10-19,Sunday,13:00,PHI,28.0,MIN,22.0,Home,-6.0,50.0,0.0,2025101904,59941.0,,202510190min,28516,401772862,6832,10,14,-148.0,124.0,-2.5,-110.0,-110.0,43.5,-105.0,-115.0,0,dome,sportturf,,,00-0036389,00-0032950,Jalen Hurts,Carson Wentz,Nick Sirianni,Kevin O'Connell,Bill Vinovich,MIN01,U.S. Bank Stadium,MIN,PHI,True,REG,PHI,26.0,42.0,313.0,0.0,2.0,2.0,-15.0,0.0,0.0,421.0,109.0,13.0,-2.276972435588654,-0.5390525609254837,0.0,23.0,89.0,1.0,1.0,0.0,10.0,-3.6808791368397786,0.0,26.0,40.0,313.0,0.0,0.0,0.0,421.0,109.0,13.0,4.021704913907783,0.0,0.0,35.0,1.0,27.0,8.0,28.0,0.0,3.0,10.0,4.0,0.0,0.0,1.0,0.0,0.0,0.0,0.0,1.0,3.0,0.0,0.0,0.0,3.0,30.0,5.0,1.0,6.0,3.0,74.0,5.0,5.0,0.0,0.0,59.0,1.0,0.0,2.0,2.0,0.0,1.0,0.0,0.0,0.0,0.0,0.0,0.0,0.0,59;34;28;35;29,,,185.0,0.0,0.0,1.0,1.0,0.0,0.0,1.0,0.0,0.0,0.0,0.0,0.0,0.7154562947581786,0
2025_08_MIN_LAC,2025,REG,8,2025-10-23,Thursday,20:15,MIN,10.0,LAC,37.0,Home,27.0,47.0,0.0,2025102300,59951.0,,202510230sdg,28526,401772942,6842,4,4,142.0,-170.0,3.0,100.0,-120.0,45.5,-110.0,-110.0,0,dome,matrixturf,,,00-0032950,00-0036355,Carson Wentz,Justin Herbert,Kevin O'Connell,Jim Harbaugh,Clete Blakeman,LAX01,SoFi Stadium,MIN,LAC,False,REG,LAC,18.0,31.0,157.0,1.0,1.0,5.0,-27.0,1.0,0.0,108.0,126.0,9.0,-12.750770827506445,-11.791805922985077,0.0,11.0,34.0,0.0,0.0,0.0,1.0,-7.18839368323097,0.0,18.0,30.0,157.0,1.0,0.0,0.0,108.0,126.0,9.0,-4.033300278692282,0.0,0.0,46.0,1.0,33.0,10.0,30.0,0.0,2.0,15.0,8.0,1.0,0.0,2.0,0.0,0.0,0.0,0.0,1.0,1.0,0.0,0.0,0.0,8.0,66.0,3.0,0.0,0.0,5.0,135.0,1.0,2.0,1.0,0.0,54.0,0.5,0.0,0.0,0.0,0.0,1.0,0.0,0.0,0.0,0.0,0.0,1.0,0.0,54,53,,54.0,53.0,0.0,1.0,1.0,0.0,0.0,1.0,0.0,0.0,0.0,0.0,0.0,0.0235367041034315,0
2025_09_MIN_DET,2025,REG,9,2025-11-02,Sunday,13:00,MIN,27.0,DET,24.0,Home,-3.0,51.0,0.0,2025110201,59966.0,,202511020det,28541,401772871,6857,10,13,410.0,-550.0,9.5,-108.0,-112.0,47.5,-105.0,-115.0,1,dome,fieldturf,,,00-0039923,00-0033106,J.J. McCarthy,Jared Goff,Kevin O'Connell,Dan Campbell,Clay Martin,DET00,Ford Field,MIN,DET,False,REG,DET,14.0,25.0,143.0,2.0,1.0,5.0,-27.0,0.0,0.0,258.0,33.0,8.0,-7.4183446173490415,-0.12288896933845851,0.0,29.0,142.0,1.0,1.0,0.0,8.0,6.234363409690559,0.0,14.0,23.0,143.0,2.0,0.0,0.0,258.0,33.0,8.0,2.133573774830438,0.0,0.0,32.0,2.0,46.0,10.0,54.0,1.0,5.0,44.0,11.0,0.0,0.0,1.0,0.0,0.0,0.0,41.0,1.0,2.0,1.0,1.0,0.0,7.0,56.0,1.0,1.0,7.0,5.0,164.0,2.0,2.0,0.0,0.0,50.0,1.0,0.0,1.0,0.0,0.0,1.0,0.0,0.0,0.0,0.0,0.0,0.0,0.0,50;20,,,70.0,0.0,0.0,3.0,3.0,0.0,0.0,1.0,0.0,0.0,0.0,0.0,0.0,0.8926797264925236,1
2025_10_BAL_MIN,2025,REG,10,2025-11-09,Sunday,13:00,BAL,27.0,MIN,19.0,Home,-8.0,46.0,0.0,2025110905,59984.0,,202511090min,28559,401772876,6875,10,7,-230.0,190.0,-4.5,-105.0,-115.0,48.5,-105.0,-115.0,0,dome,sportturf,,,00-0034796,00-0039923,Lamar Jackson,J.J. McCarthy,John Harbaugh,Kevin O'Connell,Shawn Hochuli,MIN01,U.S. Bank Stadium,MIN,BAL,True,REG,BAL,20.0,42.0,248.0,1.0,2.0,1.0,-3.0,0.0,0.0,458.0,114.0,9.0,-9.892118250213404,-11.627759984353693,0.0,18.0,120.0,1.0,0.0,0.0,6.0,-0.06369082978926599,0.0,20.0,41.0,248.0,1.0,0.0,0.0,458.0,114.0,9.0,-7.899664628862243,0.0,0.0,45.0,1.0,27.0,3.0,11.0,2.0,1.0,7.0,4.0,0.0,0.0,4.0,0.0,0.0,0.0,0.0,1.0,1.0,0.0,0.0,0.0,13.0,102.0,5.0,3.0,5.0,6.0,153.0,2.0,2.0,0.0,0.0,49.0,1.0,0.0,0.0,0.0,2.0,0.0,0.0,0.0,0.0,0.0,0.0,0.0,0.0,49;43,,,92.0,0.0,0.0,1.0,1.0,0.0,0.0,1.0,0.0,0.0,0.0,0.0,0.0,0.117909547409015,0
2025_11_CHI_MIN,2025,REG,11,2025-11-16,Sunday,13:00,CHI,19.0,MIN,17.0,Home,-2.0,36.0,0.0,2025111604,59997.0,,202511160min,28573,401772880,6888,7,7,124.0,-148.0,3.0,-115.0,-105.0,47.5,-102.0,-118.0,1,dome,sportturf,,,00-0039918,00-0039923,Caleb Williams,J.J. McCarthy,Ben Johnson,Kevin O'Connell,Brad Rogers,MIN01,U.S. Bank Stadium,MIN,CHI,True,REG,CHI,16.0,32.0,150.0,1.0,2.0,0.0,0.0,0.0,0.0,309.0,72.0,10.0,-13.061916102694454,-15.244286600500345,0.0,22.0,115.0,1.0,0.0,0.0,4.0,2.6652616461506113,0.0,16.0,32.0,150.0,1.0,0.0,0.0,309.0,72.0,10.0,-13.061916102694454,0.0,0.0,37.0,2.0,46.0,10.0,31.0,0.0,2.0,13.0,5.0,0.0,0.0,3.0,0.0,0.0,0.0,0.0,1.0,1.0,0.0,0.0,0.0,2.0,15.0,3.0,3.0,79.0,4.0,93.0,1.0,1.0,0.0,0.0,31.0,1.0,0.0,0.0,1.0,0.0,0.0,0.0,0.0,0.0,0.0,0.0,0.0,0.0,31,,,31.0,0.0,0.0,2.0,2.0,0.0,0.0,1.0,0.0,0.0,0.0,0.0,0.0,0.1447825722946464,0
2025_12_MIN_GB,2025,REG,12,2025-11-23,Sunday,13:00,MIN,6.0,GB,23.0,Home,17.0,29.0,0.0,2025112304,60012.0,,202511230gnb,28587,401772887,6903,7,7,235.0,-290.0,6.5,-112.0,-108.0,41.5,-112.0,-108.0,1,outdoors,grass,43.0,10.0,00-0039923,00-0036264,J.J. McCarthy,Jordan Love,Kevin O'Connell,Matt LaFleur,Carl Cheffers,GNB00,Lambeau Field,MIN,GB,False,REG,GB,12.0,19.0,87.0,0.0,2.0,5.0,-35.0,0.0,0.0,100.0,31.0,3.0,-16.463835103171725,-4.204098052448696,0.0,20.0,93.0,0.0,1.0,0.0,8.0,-2.4288882554974407,0.0,12.0,18.0,87.0,0.0,0.0,0.0,100.0,31.0,3.0,-9.11546140987411,0.0,0.0,39.0,2.0,36.0,5.0,12.0,0.0,1.0,4.0,5.0,0.0,0.0,4.0,0.0,1.0,0.0,0.0,1.0,2.0,0.0,0.0,0.0,2.0,29.0,2.0,2.0,11.0,4.0,94.0,2.0,2.0,0.0,0.0,59.0,1.0,0.0,0.0,0.0,0.0,2.0,0.0,0.0,0.0,0.0,0.0,0.0,0.0,52;59,,,111.0,0.0,0.0,0.0,0.0,0.0,0.0,,0.0,0.0,0.0,0.0,0.0,0.0094876415561878,0
2025_13_MIN_SEA,2025,REG,13,2025-11-30,Sunday,16:05,MIN,0.0,SEA,26.0,Home,26.0,26.0,0.0,2025113007,60032.0,,202511300sea,28608,401772896,6923,7,7,600.0,-900.0,12.5,-110.0,-110.0,42.5,-110.0,-110.0,0,outdoors,fieldturf,45.0,2.0,00-0040494,00-0034869,Max Brosmer,Sam Darnold,Kevin O'Connell,Mike Macdonald,Clete Blakeman,SEA00,Lumen Field,MIN,SEA,False,REG,SEA,19.0,30.0,126.0,0.0,4.0,4.0,-30.0,0.0,0.0,167.0,105.0,6.0,-29.14437764865579,-4.164899628737877,0.0,16.0,66.0,0.0,0.0,0.0,3.0,-3.2716595662059262,0.0,19.0,29.0,126.0,0.0,2.0,1.0,167.0,105.0,6.0,-13.50308747170493,0.0,0.0,39.0,0.0,32.0,7.0,41.0,3.0,4.0,34.0,5.0,0.0,0.0,6.0,0.0,0.0,0.0,0.0,1.0,1.0,2.0,2.0,0.0,10.0,80.0,0.0,0.0,0.0,6.0,169.0,0.0,0.0,0.0,0.0,,,0.0,0.0,0.0,0.0,0.0,0.0,0.0,0.0,0.0,0.0,0.0,0.0,,,,0.0,0.0,0.0,0.0,0.0,0.0,0.0,,0.0,0.0,0.0,0.0,0.0,0.0011448442304912,0
2025_14_WAS_MIN,2025,REG,14,2025-12-07,Sunday,13:00,WAS,,MIN,,Home,,,,2025120705,,,202512070min,28618,401772899,6934,7,7,110.0,-130.0,2.5,-115.0,-105.0,42.5,-115.0,-105.0,0,dome,sportturf,,,00-0032268,00-0039923,Marcus Mariota,J.J. McCarthy,Dan Quinn,Kevin O'Connell,,MIN01,U.S. Bank Stadium,MIN,WAS,True,,,,,,,,,,,,,,,,,,,,,,,,,,,,,,,,,,,,,,,,,,,,,,,,,,,,,,,,,,,,,,,,,,,,,,,,,,,,,,,,,,,,,,,,,,,,,,,,,,,,0.0165731397877506,0
2025_15_MIN_DAL,2025,REG,15,2025-12-14,Sunday,20:20,MIN,,DAL,,Home,,,,2025121413,,,202512140dal,28640,401772933,6956,7,10,310.0,-395.0,7.0,-108.0,-112.0,46.5,-102.0,-118.0,0,closed,matrixturf,,,,,,,Kevin O'Connell,Brian Schottenheimer,,DAL00,AT&T Stadium,MIN,DAL,False,,,,,,,,,,,,,,,,,,,,,,,,,,,,,,,,,,,,,,,,,,,,,,,,,,,,,,,,,,,,,,,,,,,,,,,,,,,,,,,,,,,,,,,,,,,,,,,,,,,,0.0182607965715682,0
2025_16_MIN_NYG,2025,REG,16,2025-12-21,Sunday,13:00,MIN,,NYG,,Home,,,,2025122105,,,202512210nyg,28650,401772911,6966,7,7,,,,,,,,,0,outdoors,fieldturf,,,,,,,Kevin O'Connell,Brian Daboll,,NYC01,MetLife Stadium,MIN,NYG,False,,,,,,,,,,,,,,,,,,,,,,,,,,,,,,,,,,,,,,,,,,,,,,,,,,,,,,,,,,,,,,,,,,,,,,,,,,,,,,,,,,,,,,,,,,,,,,,,,,,,0.0182607965715682,0
2025_17_DET_MIN,2025,REG,17,2025-12-25,Thursday,16:30,DET,,MIN,,Home,,,,2025122501,,,202512250min,28659,401772711,6975,4,4,,,,,,,,,1,dome,sportturf,,,,,,,Dan Campbell,Kevin O'Connell,,MIN01,U.S. Bank Stadium,MIN,DET,True,,,,,,,,,,,,,,,,,,,,,,,,,,,,,,,,,,,,,,,,,,,,,,,,,,,,,,,,,,,,,,,,,,,,,,,,,,,,,,,,,,,,,,,,,,,,,,,,,,,,0.0165731397877506,0
2025_18_GB_MIN,2025,REG,18,2026-01-04,Sunday,13:00,GB,,MIN,,Home,,,,2025010409,,,202501040min,28682,401772968,6999,6,6,,,,,,,,,1,dome,sportturf,,,,,,,Matt LaFleur,Kevin O'Connell,,MIN01,U.S. Bank Stadium,MIN,GB,True,,,,,,,,,,,,,,,,,,,,,,,,,,,,,,,,,,,,,,,,,,,,,,,,,,,,,,,,,,,,,,,,,,,,,,,,,,,,,,,,,,,,,,,,,,,,,,,,,,,,0.0165731397877506,0
2025_01_LV_NE,2025,REG,1,2025-09-07,Sunday,13:00,LV,20.0,NE,13.0,Home,-7.0,33.0,0.0,2025090704,59849.0,,202509070nwe,28424,401772720,6740,7,7,130.0,-155.0,2.5,100.0,-120.0,44.5,-115.0,-105.0,0,outdoors,fieldturf,62.0,4.0,00-0030565,00-0039851,Geno Smith,Drake Maye,Pete Carroll,Mike Vrabel,Ron Torbert,BOS00,Gillette Stadium,NE,LV,True,REG,LV,30.0,46.0,287.0,1.0,1.0,4.0,-11.0,1.0,0.0,353.0,114.0,15.0,-0.32563244291394744,2.388444874021742,0.0,18.0,60.0,0.0,0.0,0.0,2.0,-4.167519669630565,0.0,30.0,45.0,287.0,1.0,0.0,0.0,353.0,114.0,15.0,5.518519192161765,0.0,0.0,35.0,6.0,30.0,10.0,30.0,0.0,4.0,29.0,9.0,1.0,1.0,5.0,0.0,0.0,0.0,0.0,1.0,1.0,0.0,0.0,0.0,8.0,70.0,5.0,2.0,16.0,4.0,111.0,2.0,3.0,1.0,0.0,44.0,0.6666666666666666,0.0,0.0,1.0,1.0,0.0,0.0,0.0,0.0,0.0,1.0,0.0,0.0,35;44,40,,79.0,40.0,0.0,1.0,1.0,0.0,0.0,1.0,0.0,0.0,0.0,0.0,0.0,0.1821360212990574,0
2025_02_NE_MIA,2025,REG,2,2025-09-14,Sunday,13:00,NE,33.0,MIA,27.0,Home,-6.0,60.0,0.0,2025091404,59864.0,,202509140mia,28439,401772728,6755,7,7,105.0,-125.0,1.5,-110.0,-110.0,43.5,-115.0,-105.0,1,outdoors,grass,89.0,4.0,00-0039851,00-0036212,Drake Maye,Tua Tagovailoa,Mike Vrabel,Mike McDaniel,Alex Moore,MIA00,Hard Rock Stadium,NE,MIA,False,REG,MIA,19.0,23.0,230.0,2.0,0.0,3.0,-19.0,0.0,0.0,134.0,129.0,9.0,14.990500148140681,13.996700229852095,0.0,29.0,122.0,1.0,0.0,0.0,9.0,3.2374252289738505,1.0,19.0,23.0,230.0,2.0,0.0,0.0,134.0,129.0,9.0,19.50070774309509,0.0,1.0,39.0,3.0,19.0,6.0,22.0,0.0,5.0,18.0,5.0,1.0,20.0,2.0,0.0,0.0,0.0,0.0,1.0,2.0,0.0,0.0,0.0,12.0,75.0,4.0,1.0,8.0,6.0,171.0,2.0,2.0,0.0,0.0,53.0,1.0,0.0,1.0,0.0,0.0,1.0,0.0,0.0,0.0,0.0,0.0,0.0,0.0,22;53,,,75.0,0.0,0.0,1.0,3.0,2.0,0.0,0.3333333333333333,0.0,0.0,0.0,0.0,0.0,0.9475694022723696,1
2025_03_PIT_NE,2025,REG,3,2025-09-21,Sunday,13:00,PIT,21.0,NE,14.0,Home,-7.0,35.0,0.0,2025092104,59880.0,,202509210nwe,28456,401772732,6771,7,7,-120.0,100.0,-1.5,-105.0,-115.0,44.5,-112.0,-108.0,0,outdoors,fieldturf,66.0,5.0,00-0023459,00-0039851,Aaron Rodgers,Drake Maye,Mike Tomlin,Mike Vrabel,Clete Blakeman,BOS00,Gillette Stadium,NE,PIT,True,REG,PIT,28.0,37.0,268.0,2.0,1.0,5.0,-18.0,1.0,1.0,207.0,109.0,13.0,1.4129189930099528,7.905837976270252,0.0,29.0,119.0,0.0,3.0,3.0,10.0,-12.592828947701491,0.0,28.0,36.0,268.0,2.0,0.0,0.0,207.0,109.0,13.0,12.41235043128836,0.0,0.0,27.0,4.0,20.0,6.0,12.0,1.0,0.0,0.0,3.0,1.0,37.0,1.0,0.0,0.0,0.0,0.0,0.0,0.0,0.0,0.0,0.0,7.0,54.0,2.0,1.0,11.0,4.0,94.0,0.0,0.0,0.0,0.0,,,0.0,0.0,0.0,0.0,0.0,0.0,0.0,0.0,0.0,0.0,0.0,0.0,,,,0.0,0.0,0.0,2.0,2.0,0.0,0.0,1.0,0.0,0.0,0.0,0.0,0.0,0.0427303029550302,0
2025_04_CAR_NE,2025,REG,4,2025-09-28,Sunday,13:00,CAR,13.0,NE,42.0,Home,29.0,55.0,0.0,2025092805,59897.0,,202509280nwe,28472,401772847,6788,7,7,215.0,-265.0,5.5,-108.0,-112.0,42.5,-108.0,-112.0,0,outdoors,fieldturf,76.0,7.0,00-0039150,00-0039851,Bryce Young,Drake Maye,Dave Canales,Mike Vrabel,Bill Vinovich,BOS00,Gillette Stadium,NE,CAR,True,REG,CAR,14.0,18.0,203.0,2.0,0.0,1.0,0.0,0.0,0.0,151.0,110.0,8.0,18.421003764757188,15.889844298362732,0.0,29.0,104.0,3.0,0.0,0.0,8.0,-0.7788089113601018,0.0,14.0,17.0,203.0,2.0,0.0,0.0,151.0,110.0,8.0,19.93537143341382,0.0,1.0,41.0,2.0,32.0,5.0,16.0,1.0,1.0,11.0,4.0,0.0,0.0,2.0,0.0,0.0,0.0,0.0,0.0,0.0,0.0,0.0,0.0,7.0,54.0,2.0,3.0,167.0,2.0,48.0,0.0,0.0,0.0,0.0,,,0.0,0.0,0.0,0.0,0.0,0.0,0.0,0.0,0.0,0.0,0.0,0.0,,,,0.0,0.0,0.0,6.0,6.0,0.0,0.0,1.0,0.0,0.0,0.0,0.0,0.0,0.9231928793168714,1
2025_05_NE_BUF,2025,REG,5,2025-10-05,Sunday,20:20,NE,23.0,BUF,20.0,Home,-3.0,43.0,0.0,2025100511,59919.0,,202510050buf,28494,401772922,6810,7,7,310.0,-395.0,7.5,-105.0,-115.0,49.5,-108.0,-112.0,1,outdoors,a_turf,66.0,3.0,00-0039851,00-0034857,Drake Maye,Josh Allen,Mike Vrabel,Sean McDermott,Shawn Hochuli,BUF00,New Era Field,NE,BUF,False,REG,BUF,22.0,30.0,273.0,0.0,0.0,4.0,-6.0,0.0,0.0,213.0,100.0,13.0,9.731839577931728,13.756121375731059,0.0,22.0,71.0,2.0,0.0,0.0,5.0,-0.910297991533298,0.0,22.0,28.0,273.0,0.0,1.0,1.0,213.0,100.0,13.0,9.758526722116965,0.0,0.0,38.0,1.0,31.0,2.0,7.0,1.0,1.0,8.0,5.0,1.0,0.0,3.0,0.0,0.0,0.0,0.0,1.0,1.0,2.0,2.0,0.0,8.0,93.0,4.0,1.0,0.0,5.0,112.0,3.0,3.0,0.0,0.0,52.0,1.0,1.0,0.0,1.0,0.0,1.0,0.0,0.0,0.0,0.0,0.0,0.0,0.0,30;19;52,,,101.0,0.0,0.0,2.0,2.0,0.0,0.0,1.0,1.0,1.0,0.0,0.0,52.0,0.6964081855253726,1
2025_06_NE_NO,2025,REG,6,2025-10-12,Sunday,13:00,NE,25.0,NO,19.0,Home,-6.0,44.0,0.0,2025101210,59932.0,,202510120nor,28507,401772751,6823,7,7,-192.0,160.0,-3.5,-105.0,-115.0,46.5,-115.0,-105.0,0,dome,sportturf,,,00-0039851,00-0039376,Drake Maye,Spencer Rattler,Mike Vrabel,Kellen Moore,Adrian Hill,NOR00,Mercedes-Benz Superdome,NE,NO,False,REG,NO,18.0,26.0,261.0,3.0,0.0,1.0,-1.0,0.0,0.0,284.0,86.0,12.0,17.406637246674592,10.796038433909416,0.0,31.0,73.0,0.0,1.0,0.0,6.0,-10.04510771094635,1.0,18.0,24.0,261.0,3.0,0.0,0.0,284.0,86.0,12.0,21.022926298622707,0.0,0.0,29.0,2.0,40.0,4.0,7.0,1.0,2.0,4.0,4.0,0.0,0.0,5.0,0.0,0.0,0.0,0.0,2.0,3.0,1.0,1.0,0.0,11.0,65.0,1.0,1.0,6.0,5.0,129.0,1.0,1.0,0.0,0.0,24.0,1.0,0.0,1.0,0.0,0.0,0.0,0.0,0.0,0.0,0.0,0.0,0.0,0.0,24,,,24.0,0.0,0.0,2.0,2.0,0.0,0.0,1.0,0.0,0.0,0.0,0.0,0.0,0.496274675096933,1
2025_07_NE_TEN,2025,REG,7,2025-10-19,Sunday,13:00,NE,31.0,TEN,13.0,Home,-18.0,44.0,0.0,2025101906,59943.0,,202510190oti,28518,401772755,6834,7,7,-290.0,235.0,-6.5,-108.0,-112.0,40.5,-108.0,-112.0,0,outdoors,grass,60.0,18.0,00-0039851,00-0040676,Drake Maye,Cam Ward,Mike Vrabel,Brian Callahan,Craig Wrolstad,NAS00,Nissan Stadium,NE,TEN,False,REG,TEN,22.0,24.0,234.0,2.0,0.0,4.0,-22.0,0.0,0.0,197.0,60.0,13.0,11.522871309763435,25.634740665555,0.0,36.0,175.0,1.0,0.0,0.0,9.0,3.28669796284521,0.0,22.0,24.0,234.0,2.0,0.0,0.0,197.0,60.0,13.0,17.087680913391523,0.0,0.0,35.0,1.0,17.0,6.0,22.0,0.0,4.0,20.0,5.0,1.0,32.0,2.0,0.0,0.0,0.0,0.0,0.0,0.0,1.0,1.0,1.0,5.0,36.0,0.0,0.0,0.0,2.0,40.0,1.0,1.0,0.0,0.0,36.0,1.0,0.0,0.0,1.0,0.0,0.0,0.0,0.0,0.0,0.0,0.0,0.0,0.0,36,,,36.0,0.0,0.0,4.0,4.0,0.0,0.0,1.0,0.0,0.0,0.0,0.0,0.0,0.9540946254594348,1
2025_08_CLE_NE,2025,REG,8,2025-10-26,Sunday,13:00,CLE,13.0,NE,32.0,Home,19.0,45.0,0.0,2025102605,59957.0,,202510260nwe,28532,401772868,6848,7,7,300.0,-380.0,7.0,-115.0,-105.0,40.5,-115.0,-105.0,0,outdoors,fieldturf,53.0,7.0,00-0040704,00-0039851,Dillon Gabriel,Drake Maye,Kevin Stefanski,Mike Vrabel,Alex Moore,BOS00,Gillette Stadium,NE,CLE,True,REG,CLE,18.0,24.0,282.0,3.0,1.0,6.0,-37.0,1.0,0.0,277.0,80.0,11.0,6.421182738901681,18.714007476101752,0.0,35.0,177.0,0.0,1.0,1.0,10.0,-6.168739236483816,0.0,18.0,23.0,282.0,3.0,0.0,0.0,277.0,80.0,11.0,15.05168801263783,0.0,0.0,27.0,1.0,33.0,7.0,23.0,0.0,1.0,11.0,2.0,2.0,33.0,8.0,0.0,0.0,1.0,0.0,1.0,1.0,0.0,0.0,0.0,7.0,54.0,4.0,1.0,8.0,2.0,55.0,3.0,3.0,0.0,0.0,42.0,1.0,0.0,0.0,2.0,1.0,0.0,0.0,0.0,0.0,0.0,0.0,0.0,0.0,36;32;42,,,110.0,0.0,0.0,3.0,3.0,0.0,0.0,1.0,0.0,0.0,0.0,0.0,0.0,0.9701559308863296,1
2025_09_ATL_NE,2025,REG,9,2025-11-02,Sunday,13:00,ATL,23.0,NE,24.0,Home,1.0,47.0,0.0,2025110204,59969.0,,202511020nwe,28544,401772763,6860,7,7,205.0,-250.0,5.5,-110.0,-110.0,45.5,-112.0,-108.0,0,outdoors,fieldturf,52.0,7.0,00-0039917,00-0039851,Michael Penix,Drake Maye,Raheem Morris,Mike Vrabel,Brad Allen,BOS00,Gillette Stadium,NE,ATL,True,REG,ATL,19.0,29.0,259.0,2.0,1.0,6.0,-38.0,2.0,1.0,310.0,111.0,14.0,0.42372684842472275,5.3275637328624725,0.0,33.0,110.0,1.0,0.0,0.0,9.0,0.4485338285448961,0.0,19.0,28.0,259.0,2.0,0.0,0.0,310.0,111.0,14.0,12.89783901928955,0.0,0.0,32.0,0.0,20.0,2.0,9.0,1.0,1.0,4.0,4.0,0.0,0.0,5.0,0.0,0.0,0.0,0.0,1.0,1.0,0.0,0.0,0.0,2.0,15.0,3.0,2.0,15.0,3.0,79.0,1.0,1.0,0.0,0.0,32.0,1.0,0.0,0.0,1.0,0.0,0.0,0.0,0.0,0.0,0.0,0.0,0.0,0.0,32,,,32.0,0.0,0.0,3.0,3.0,0.0,0.0,1.0,0.0,0.0,0.0,0.0,0.0,0.3936950374462321,1
2025_10_NE_TB,2025,REG,10,2025-11-09,Sunday,13:00,NE,28.0,TB,23.0,Home,-5.0,51.0,0.0,2025110907,59986.0,,202511090tam,28561,401772772,6877,7,14,124.0,-148.0,2.5,100.0,-120.0,48.5,-105.0,-115.0,0,outdoors,grass,82.0,11.0,00-0039851,00-0034855,Drake Maye,Baker Mayfield,Mike Vrabel,Todd Bowles,Alex Kemp,TAM00,Raymond James Stadium,NE,TB,False,REG,TB,16.0,31.0,270.0,2.0,1.0,1.0,-1.0,0.0,0.0,350.0,134.0,9.0,6.266848459315952,-5.857704477063541,0.0,27.0,166.0,2.0,0.0,0.0,5.0,3.132157764513977,0.0,16.0,29.0,270.0,2.0,0.0,0.0,350.0,134.0,9.0,8.648050009564031,0.0,0.0,30.0,1.0,43.0,6.0,23.0,0.0,2.0,15.0,5.0,0.0,0.0,5.0,0.0,1.0,0.0,0.0,1.0,1.0,0.0,0.0,0.0,5.0,49.0,2.0,3.0,3.0,2.0,45.0,0.0,0.0,0.0,0.0,,,0.0,0.0,0.0,0.0,0.0,0.0,0.0,0.0,0.0,0.0,0.0,0.0,,,,0.0,0.0,0.0,4.0,4.0,0.0,0.0,1.0,0.0,0.0,0.0,0.0,0.0,0.8284795720076247,1
2025_11_NYJ_NE,2025,REG,11,2025-11-13,Thursday,20:15,NYJ,14.0,NE,27.0,Home,13.0,41.0,0.0,2025111300,59992.0,,202511130nwe,28567,401772945,6883,4,4,625.0,-950.0,12.5,-105.0,-115.0,43.5,-115.0,-105.0,1,outdoors,fieldturf,39.0,9.0,00-0028118,00-0039851,Tyrod Taylor,Drake Maye,Aaron Glenn,Mike Vrabel,Alan Eck,BOS00,Gillette Stadium,NE,NYJ,True,REG,NYJ,25.0,34.0,281.0,1.0,0.0,1.0,-10.0,0.0,0.0,399.0,94.0,16.0,12.246038138652798,13.539707118814642,0.0,27.0,65.0,2.0,0.0,0.0,4.0,-2.234540031017171,0.0,25.0,33.0,281.0,1.0,0.0,0.0,399.0,94.0,16.0,15.144371380757653,0.0,0.0,40.0,0.0,18.0,3.0,13.0,0.0,2.0,11.0,6.0,0.0,0.0,5.0,0.0,0.0,0.0,0.0,0.0,0.0,1.0,1.0,0.0,2.0,20.0,3.0,0.0,0.0,3.0,68.0,2.0,3.0,1.0,0.0,44.0,0.6666666666666666,0.0,1.0,0.0,1.0,0.0,0.0,0.0,0.0,0.0,1.0,0.0,0.0,44;26,45,,70.0,45.0,0.0,3.0,3.0,0.0,0.0,1.0,0.0,0.0,0.0,0.0,0.0,0.7528265070517369,1
2025_12_NE_CIN,2025,REG,12,2025-11-23,Sunday,13:00,NE,26.0,CIN,20.0,Home,-6.0,46.0,0.0,2025112302,60010.0,,202511230cin,28585,401772781,6901,10,7,-395.0,310.0,-7.5,-108.0,-112.0,50.5,-102.0,-118.0,0,outdoors,fieldturf,54.0,7.0,00-0039851,00-0026158,Drake Maye,Joe Flacco,Mike Vrabel,Zac Taylor,Land Clark,CIN00,Paycor Stadium,NE,CIN,False,REG,CIN,22.0,35.0,294.0,1.0,1.0,1.0,-9.0,0.0,0.0,297.0,105.0,12.0,6.7743000405394485,-0.4191146655516191,0.0,31.0,107.0,0.0,0.0,0.0,7.0,-6.538857653121667,0.0,22.0,33.0,294.0,1.0,0.0,0.0,297.0,105.0,12.0,10.061663031323906,0.0,0.0,34.0,0.0,28.0,1.0,10.0,0.0,1.0,10.0,6.0,1.0,33.0,5.0,1.0,0.0,0.0,0.0,0.0,0.0,0.0,0.0,0.0,4.0,52.0,4.0,1.0,0.0,4.0,106.0,4.0,4.0,0.0,0.0,52.0,1.0,1.0,0.0,0.0,2.0,1.0,0.0,0.0,0.0,0.0,0.0,0.0,0.0,41;45;19;52,,,157.0,0.0,0.0,2.0,2.0,0.0,0.0,1.0,0.0,0.0,0.0,0.0,0.0,0.7602252920814212,1
2025_13_NYG_NE,2025,REG,13,2025-12-01,Monday,20:15,NYG,15.0,NE,33.0,Home,18.0,48.0,0.0,2025120100,60036.0,,202512010nwe,28611,401772821,6927,8,8,295.0,-375.0,7.0,-105.0,-115.0,46.5,-105.0,-115.0,0,outdoors,fieldturf,30.0,5.0,00-0040691,00-0039851,Jaxson Dart,Drake Maye,Brian Daboll,Mike Vrabel,Alex Kemp,BOS00,Gillette Stadium,NE,NYG,True,REG,NYG,24.0,31.0,282.0,2.0,0.0,3.0,-6.0,0.0,0.0,245.0,135.0,14.0,11.539165703912136,15.77816883722941,0.0,29.0,119.0,0.0,0.0,0.0,7.0,-1.2294331998096593,0.0,24.0,30.0,282.0,2.0,0.0,0.0,245.0,135.0,14.0,16.457371689013076,0.0,1.0,33.0,0.0,32.0,5.0,29.0,1.0,2.0,11.0,7.0,0.0,0.0,7.0,0.0,0.0,0.0,0.0,0.0,0.0,1.0,1.0,0.0,3.0,30.0,3.0,3.0,124.0,3.0,79.0,4.0,5.0,1.0,0.0,30.0,0.8,0.0,3.0,1.0,0.0,0.0,0.0,0.0,0.0,0.0,1.0,0.0,0.0,22;30;28;23,45,,103.0,45.0,0.0,3.0,3.0,0.0,0.0,1.0,0.0,0.0,0.0,0.0,0.0,0.9631865792118316,1
2025_15_BUF_NE,2025,REG,15,2025-12-14,Sunday,13:00,BUF,,NE,,Home,,,,2025121405,,,202512140nwe,28632,401772795,6948,7,13,105.0,-125.0,1.5,-110.0,-110.0,47.5,-108.0,-112.0,1,outdoors,fieldturf,,,,,,,Sean McDermott,Mike Vrabel,,BOS00,Gillette Stadium,NE,BUF,True,,,,,,,,,,,,,,,,,,,,,,,,,,,,,,,,,,,,,,,,,,,,,,,,,,,,,,,,,,,,,,,,,,,,,,,,,,,,,,,,,,,,,,,,,,,,,,,,,,,,0.0165731397877506,0
2025_16_NE_BAL,2025,REG,16,2025-12-21,Sunday,13:00,NE,,BAL,,Home,,,,2025122100,,,202512210rav,28645,401772804,6961,7,7,,,,,,,,,0,outdoors,grass,,,,,,,Mike Vrabel,John Harbaugh,,BAL00,M&T Bank Stadium,NE,BAL,False,,,,,,,,,,,,,,,,,,,,,,,,,,,,,,,,,,,,,,,,,,,,,,,,,,,,,,,,,,,,,,,,,,,,,,,,,,,,,,,,,,,,,,,,,,,,,,,,,,,,0.0182607965715682,0
2025_17_NE_NYJ,2025,REG,17,2025-12-28,Sunday,13:00,NE,,NYJ,,Home,,,,2025122803,,,202512280nyj,28669,401772808,6985,7,7,,,,,,,,,1,outdoors,fieldturf,,,,,,,Mike Vrabel,Aaron Glenn,,NYC01,MetLife Stadium,NE,NYJ,False,,,,,,,,,,,,,,,,,,,,,,,,,,,,,,,,,,,,,,,,,,,,,,,,,,,,,,,,,,,,,,,,,,,,,,,,,,,,,,,,,,,,,,,,,,,,,,,,,,,,0.0182607965715682,0
2025_18_MIA_NE,2025,REG,18,2026-01-04,Sunday,13:00,MIA,,NE,,Home,,,,2025010410,,,202501040nwe,28683,401772958,7000,6,7,,,,,,,,,1,outdoors,fieldturf,,,,,,,Mike McDaniel,Mike Vrabel,,BOS00,Gillette Stadium,NE,MIA,True,,,,,,,,,,,,,,,,,,,,,,,,,,,,,,,,,,,,,,,,,,,,,,,,,,,,,,,,,,,,,,,,,,,,,,,,,,,,,,,,,,,,,,,,,,,,,,,,,,,,0.0165731397877506,0
2025_01_ARI_NO,2025,REG,1,2025-09-07,Sunday,13:00,ARI,20.0,NO,13.0,Home,-7.0,33.0,0.0,2025090705,59850.0,,202509070nor,28425,401772718,6741,7,7,-270.0,220.0,-6.0,-108.0,-112.0,44.5,-112.0,-108.0,0,dome,sportturf,,,00-0035228,00-0039376,Kyler Murray,Spencer Rattler,Jonathan Gannon,Kellen Moore,Scott Novak,NOR00,Mercedes-Benz Superdome,NO,ARI,True,REG,ARI,27.0,46.0,214.0,0.0,0.0,1.0,-6.0,0.0,0.0,336.0,85.0,12.0,-3.9408611252955135,-4.9585028392512625,0.0,22.0,107.0,1.0,0.0,0.0,5.0,0.8023695741139818,0.0,27.0,41.0,214.0,0.0,0.0,0.0,336.0,85.0,12.0,2.3620505969803807,0.0,0.0,42.0,1.0,27.0,7.0,36.0,0.0,5.0,33.0,5.0,0.0,0.0,5.0,0.0,0.0,0.0,0.0,0.0,0.0,0.0,0.0,0.0,13.0,89.0,3.0,2.0,18.0,5.0,128.0,2.0,3.0,1.0,0.0,36.0,0.6666666666666666,0.0,1.0,1.0,0.0,0.0,0.0,0.0,0.0,1.0,0.0,0.0,0.0,36;28,37,,64.0,37.0,0.0,1.0,1.0,0.0,0.0,1.0,0.0,0.0,0.0,0.0,0.0,0.3701286093986901,0
2025_02_SF_NO,2025,REG,2,2025-09-14,Sunday,13:00,SF,26.0,NO,21.0,Home,-5.0,47.0,0.0,2025091405,59865.0,,202509140nor,28440,401772833,6756,7,7,-166.0,140.0,-3.0,-110.0,-110.0,40.5,-105.0,-115.0,0,dome,sportturf,,,00-0036972,00-0039376,Mac Jones,Spencer Rattler,Kyle Shanahan,Kellen Moore,Shawn Smith,NOR00,Mercedes-Benz Superdome,NO,SF,True,REG,SF,25.0,34.0,207.0,3.0,0.0,3.0,-21.0,1.0,0.0,250.0,90.0,12.0,-2.823341653949246,3.784003240220687,0.0,30.0,121.0,0.0,0.0,0.0,6.0,2.2594495065277442,0.0,25.0,34.0,207.0,3.0,1.0,1.0,250.0,90.0,12.0,-0.5306845766949841,0.0,0.0,39.0,3.0,19.0,7.0,24.0,1.0,3.0,12.0,6.0,0.0,0.0,6.0,0.0,0.0,0.0,0.0,1.0,1.0,1.0,1.0,0.0,7.0,45.0,4.0,2.0,23.0,3.0,82.0,0.0,1.0,1.0,0.0,,0.0,0.0,0.0,0.0,0.0,0.0,0.0,0.0,0.0,0.0,1.0,0.0,0.0,,40,,0.0,40.0,0.0,3.0,3.0,0.0,0.0,1.0,0.0,0.0,0.0,0.0,0.0,0.3433214197118527,0
2025_03_NO_SEA,2025,REG,3,2025-09-21,Sunday,16:05,NO,13.0,SEA,44.0,Home,31.0,57.0,0.0,2025092110,59886.0,,202509210sea,28462,401772736,6777,7,7,295.0,-375.0,7.5,-115.0,-105.0,41.5,-108.0,-112.0,0,outdoors,fieldturf,63.0,3.0,00-0039376,00-0034869,Spencer Rattler,Sam Darnold,Kellen Moore,Mike Macdonald,Alex Moore,SEA00,Lumen Field,NO,SEA,False,REG,SEA,28.0,41.0,218.0,1.0,1.0,2.0,-13.0,0.0,0.0,347.0,102.0,12.0,-0.3314016877513537,4.335025170954262,0.0,27.0,79.0,0.0,0.0,0.0,4.0,-8.009121739596594,0.0,28.0,41.0,218.0,1.0,0.0,0.0,347.0,102.0,12.0,0.4129957392040482,0.0,0.0,31.0,4.0,32.0,3.0,4.0,1.0,0.0,0.0,2.0,0.0,0.0,2.0,0.0,0.0,0.0,0.0,0.0,0.0,1.0,1.0,0.0,11.0,77.0,3.0,1.0,40.0,8.0,182.0,2.0,3.0,1.0,0.0,27.0,0.6666666666666666,0.0,2.0,0.0,0.0,0.0,0.0,0.0,0.0,0.0,0.0,1.0,0.0,27;23,52,,50.0,52.0,0.0,1.0,1.0,0.0,0.0,1.0,0.0,0.0,0.0,0.0,0.0,0.0448334412002994,0
2025_04_NO_BUF,2025,REG,4,2025-09-28,Sunday,13:00,NO,19.0,BUF,31.0,Home,12.0,50.0,0.0,2025092802,59894.0,,202509280buf,28469,401772740,6785,7,10,800.0,-1350.0,15.5,-115.0,-105.0,48.5,-115.0,-105.0,0,outdoors,a_turf,73.0,7.0,00-0039376,00-0034857,Spencer Rattler,Josh Allen,Kellen Moore,Sean McDermott,Land Clark,BUF00,New Era Field,NO,BUF,False,REG,BUF,18.0,28.0,126.0,1.0,1.0,3.0,-17.0,1.0,0.0,124.0,43.0,7.0,-12.005072384404574,4.60800576210022,0.0,34.0,189.0,1.0,0.0,0.0,14.0,5.827199369932088,0.0,18.0,25.0,126.0,1.0,0.0,0.0,124.0,43.0,7.0,-4.603186377179899,0.0,0.0,41.0,3.0,15.0,5.0,20.0,0.0,3.0,18.0,7.0,1.0,0.0,4.0,0.0,0.0,0.0,0.0,1.0,1.0,0.0,0.0,0.0,4.0,41.0,5.0,1.0,10.0,5.0,134.0,2.0,2.0,0.0,0.0,54.0,1.0,0.0,0.0,1.0,0.0,1.0,0.0,0.0,0.0,0.0,0.0,0.0,0.0,54;35,,,89.0,0.0,0.0,1.0,1.0,0.0,0.0,1.0,0.0,0.0,0.0,0.0,0.0,0.5479032662870991,0
2025_05_NYG_NO,2025,REG,5,2025-10-05,Sunday,13:00,NYG,14.0,NO,26.0,Home,12.0,40.0,0.0,2025100504,59912.0,,202510050nor,28487,401772744,6803,7,7,100.0,-120.0,1.5,-115.0,-105.0,41.5,-105.0,-115.0,0,dome,sportturf,,,00-0040691,00-0039376,Jaxson Dart,Spencer Rattler,Brian Daboll,Kellen Moore,Alan Eck,NOR00,Mercedes-Benz Superdome,NO,NYG,True,REG,NYG,22.0,32.0,244.0,1.0,0.0,0.0,0.0,0.0,0.0,240.0,96.0,10.0,9.309715548185872,-1.4282968736463977,0.0,30.0,88.0,0.0,0.0,0.0,5.0,-6.356846121515371,0.0,22.0,31.0,244.0,1.0,0.0,0.0,240.0,96.0,10.0,8.924710769963445,0.0,0.0,44.0,1.0,27.0,2.0,4.0,2.0,0.0,0.0,5.0,2.0,0.0,7.0,0.0,0.0,0.0,0.0,0.0,0.0,3.0,3.0,1.0,7.0,43.0,6.0,0.0,0.0,2.0,27.0,4.0,6.0,2.0,0.0,53.0,0.6666666666666666,0.0,3.0,0.0,0.0,1.0,0.0,0.0,0.0,0.0,1.0,1.0,0.0,28;53;29;28,52;46,,138.0,98.0,0.0,2.0,2.0,0.0,0.0,1.0,0.0,0.0,0.0,0.0,0.0,0.9455576420762832,1
2025_06_NE_NO,2025,REG,6,2025-10-12,Sunday,13:00,NE,25.0,NO,19.0,Home,-6.0,44.0,0.0,2025101210,59932.0,,202510120nor,28507,401772751,6823,7,7,-192.0,160.0,-3.5,-105.0,-115.0,46.5,-115.0,-105.0,0,dome,sportturf,,,00-0039851,00-0039376,Drake Maye,Spencer Rattler,Mike Vrabel,Kellen Moore,Adrian Hill,NOR00,Mercedes-Benz Superdome,NO,NE,True,REG,NE,20.0,26.0,227.0,0.0,0.0,2.0,-4.0,0.0,0.0,221.0,99.0,7.0,3.9048227529301185,6.551737166368044,0.0,23.0,73.0,1.0,0.0,0.0,7.0,-0.6530956160859205,0.0,20.0,26.0,227.0,0.0,1.0,1.0,221.0,99.0,7.0,0.788994654936015,0.0,0.0,39.0,1.0,19.0,7.0,16.0,1.0,1.0,1.0,4.0,0.0,0.0,2.0,0.0,0.0,0.0,0.0,0.0,0.0,0.0,0.0,0.0,8.0,67.0,3.0,2.0,21.0,4.0,89.0,4.0,4.0,0.0,0.0,54.0,1.0,0.0,0.0,2.0,1.0,1.0,0.0,0.0,0.0,0.0,0.0,0.0,0.0,34;48;38;54,,,174.0,0.0,0.0,1.0,1.0,0.0,0.0,1.0,0.0,0.0,0.0,0.0,0.0,0.5413082781267996,0
2025_07_NO_CHI,2025,REG,7,2025-10-19,Sunday,13:00,NO,14.0,CHI,26.0,Home,12.0,40.0,0.0,2025101901,59938.0,,202510190chi,28513,401772861,6829,7,6,185.0,-225.0,4.5,-120.0,100.0,43.5,-110.0,-110.0,0,outdoors,grass,49.0,8.0,00-0039376,00-0039918,Spencer Rattler,Caleb Williams,Kellen Moore,Ben Johnson,Scott Novak,CHI98,Soldier Field,NO,CHI,False,REG,CHI,20.0,32.0,233.0,2.0,3.0,4.0,-24.0,1.0,1.0,386.0,69.0,9.0,-12.238946060688937,0.39530425302443967,0.0,17.0,44.0,0.0,0.0,0.0,3.0,-3.4923759896773845,0.0,20.0,31.0,233.0,2.0,0.0,0.0,386.0,69.0,9.0,-2.2419104020034473,0.0,0.0,40.0,0.0,34.0,2.0,3.0,0.0,1.0,8.0,5.0,1.0,0.0,5.0,0.0,0.0,0.0,0.0,0.0,0.0,0.0,0.0,0.0,5.0,30.0,5.0,0.0,0.0,5.0,116.0,0.0,1.0,1.0,0.0,,0.0,0.0,0.0,0.0,0.0,0.0,0.0,0.0,0.0,0.0,0.0,1.0,0.0,,53,,0.0,53.0,0.0,2.0,2.0,0.0,0.0,1.0,0.0,0.0,0.0,0.0,0.0,0.0140896913023115,0
2025_08_TB_NO,2025,REG,8,2025-10-26,Sunday,16:05,TB,23.0,NO,3.0,Home,-20.0,26.0,0.0,2025102607,59959.0,,202510260nor,28534,401772869,6850,6,7,-218.0,180.0,-4.5,-105.0,-115.0,46.5,-110.0,-110.0,1,dome,sportturf,,,00-0034855,00-0039376,Baker Mayfield,Spencer Rattler,Todd Bowles,Kellen Moore,Ron Torbert,NOR00,Mercedes-Benz Superdome,NO,TB,True,REG,TB,32.0,51.0,264.0,0.0,2.0,5.0,-37.0,0.0,0.0,419.0,97.0,13.0,-22.082896091348562,-6.080386459827423,0.0,15.0,48.0,0.0,1.0,1.0,5.0,-6.294308311538771,0.0,32.0,50.0,264.0,0.0,1.0,1.0,419.0,97.0,13.0,-18.351491144173384,0.0,0.0,34.0,0.0,32.0,2.0,17.0,2.0,3.0,28.0,4.0,0.0,0.0,4.0,0.0,0.0,0.0,0.0,0.0,0.0,1.0,1.0,0.0,8.0,40.0,6.0,1.0,8.0,6.0,142.0,1.0,1.0,0.0,0.0,48.0,1.0,0.0,0.0,0.0,1.0,0.0,0.0,0.0,0.0,0.0,0.0,0.0,0.0,48,,,48.0,0.0,0.0,0.0,0.0,0.0,0.0,,0.0,0.0,0.0,0.0,0.0,0.0044841277667322,0
2025_09_NO_LA,2025,REG,9,2025-11-02,Sunday,16:05,NO,10.0,LA,34.0,Home,24.0,44.0,0.0,2025110208,59973.0,,202511020ram,28548,401772874,6864,7,14,750.0,-1200.0,14.0,-105.0,-115.0,44.5,-105.0,-115.0,0,dome,matrixturf,,,00-0040743,00-0026498,Tyler Shough,Matthew Stafford,Kellen Moore,Sean McVay,Shawn Smith,LAX01,SoFi Stadium,NO,LA,False,REG,LA,15.0,25.0,176.0,1.0,1.0,1.0,-9.0,0.0,0.0,218.0,47.0,8.0,-0.8287321791285649,-6.384628638625145,0.0,14.0,57.0,0.0,1.0,1.0,1.0,-11.863785239867866,0.0,15.0,24.0,176.0,1.0,0.0,0.0,218.0,47.0,8.0,1.366413970477879,0.0,0.0,34.0,2.0,54.0,4.0,24.0,0.0,2.0,14.0,4.0,0.0,0.0,4.0,0.0,0.0,0.0,0.0,0.0,0.0,0.0,0.0,0.0,5.0,33.0,3.0,1.0,9.0,1.0,29.0,1.0,1.0,0.0,0.0,39.0,1.0,0.0,0.0,1.0,0.0,0.0,0.0,0.0,0.0,0.0,0.0,0.0,0.0,39,,,39.0,0.0,0.0,1.0,1.0,0.0,0.0,1.0,0.0,0.0,0.0,0.0,0.0,0.0526317846579274,0
2025_10_NO_CAR,2025,REG,10,2025-11-09,Sunday,13:00,NO,17.0,CAR,7.0,Home,-10.0,24.0,0.0,2025110901,59980.0,,202511090car,28555,401772877,6871,7,7,200.0,-245.0,5.5,-112.0,-108.0,38.5,-105.0,-115.0,1,outdoors,grass,73.0,15.0,00-0040743,00-0039150,Tyler Shough,Bryce Young,Kellen Moore,Dave Canales,Brad Allen,CAR00,Bank of America Stadium,NO,CAR,False,REG,CAR,19.0,28.0,282.0,2.0,0.0,2.0,-16.0,0.0,0.0,256.0,134.0,9.0,11.202488904889638,10.370934124176319,0.0,37.0,122.0,0.0,0.0,0.0,8.0,-5.8607825371436775,0.0,19.0,26.0,282.0,2.0,0.0,0.0,256.0,134.0,9.0,18.713251436083542,0.0,0.0,27.0,1.0,35.0,4.0,24.0,0.0,2.0,22.0,3.0,1.0,11.0,4.0,0.0,1.0,0.0,0.0,0.0,0.0,1.0,1.0,0.0,6.0,60.0,1.0,2.0,8.0,1.0,31.0,1.0,1.0,0.0,0.0,20.0,1.0,0.0,1.0,0.0,0.0,0.0,0.0,0.0,0.0,0.0,0.0,0.0,0.0,20,,,20.0,0.0,0.0,2.0,2.0,0.0,0.0,1.0,0.0,0.0,0.0,0.0,0.0,0.6435560587012055,1
2025_12_ATL_NO,2025,REG,12,2025-11-23,Sunday,16:25,ATL,24.0,NO,10.0,Home,-14.0,34.0,0.0,2025112310,60018.0,,202511230nor,28593,401772889,6909,7,14,102.0,-122.0,1.5,-112.0,-108.0,41.5,-118.0,-102.0,1,dome,sportturf,,,00-0029604,00-0040743,Kirk Cousins,Tyler Shough,Raheem Morris,Kellen Moore,Brad Rogers,NOR00,Mercedes-Benz Superdome,NO,ATL,True,REG,ATL,30.0,45.0,243.0,0.0,1.0,5.0,-29.0,0.0,0.0,309.0,114.0,11.0,-17.879916189177383,-3.4548243338411506,0.0,28.0,79.0,0.0,1.0,1.0,9.0,-3.556323515949771,0.0,30.0,43.0,243.0,0.0,0.0,0.0,309.0,114.0,11.0,-7.054924307018729,0.0,0.0,35.0,0.0,30.0,6.0,24.0,1.0,3.0,18.0,2.0,1.0,49.0,4.0,1.0,0.0,0.0,0.0,1.0,2.0,0.0,0.0,0.0,4.0,36.0,4.0,3.0,10.0,3.0,123.0,1.0,3.0,2.0,0.0,33.0,0.3333333333333333,0.0,0.0,1.0,0.0,0.0,0.0,0.0,0.0,1.0,1.0,0.0,0.0,33,38;47,,33.0,85.0,0.0,1.0,1.0,0.0,0.0,1.0,0.0,0.0,0.0,0.0,0.0,0.0367343594042085,0
2025_13_NO_MIA,2025,REG,13,2025-11-30,Sunday,13:00,NO,17.0,MIA,21.0,Home,4.0,38.0,0.0,2025113003,60028.0,,202511300mia,28603,401772892,6919,7,14,205.0,-250.0,5.5,-110.0,-110.0,41.5,-105.0,-115.0,0,outdoors,grass,76.0,10.0,00-0040743,00-0036212,Tyler Shough,Tua Tagovailoa,Kellen Moore,Mike McDaniel,Alan Eck,MIA00,Hard Rock Stadium,NO,MIA,False,REG,MIA,26.0,38.0,239.0,2.0,1.0,4.0,-26.0,1.0,1.0,269.0,80.0,12.0,-11.173747508184139,9.799112642512602,0.0,27.0,81.0,0.0,0.0,0.0,6.0,-0.5241499698166736,1.0,26.0,34.0,239.0,2.0,0.0,0.0,269.0,80.0,12.0,1.8998940999358025,0.0,0.0,34.0,0.0,32.0,7.0,27.0,0.0,4.0,23.0,6.0,1.0,0.0,3.0,0.0,0.0,0.0,0.0,0.0,0.0,0.0,0.0,0.0,6.0,45.0,5.0,2.0,12.0,4.0,105.0,1.0,1.0,0.0,0.0,56.0,1.0,0.0,0.0,0.0,0.0,1.0,0.0,0.0,0.0,0.0,0.0,0.0,0.0,56,,,56.0,0.0,0.0,0.0,0.0,0.0,0.0,,0.0,0.0,0.0,0.0,0.0,0.0839799449818285,0
2025_14_NO_TB,2025,REG,14,2025-12-07,Sunday,13:00,NO,,TB,,Home,,,,2025120707,,,202512070tam,28620,401772792,6936,7,7,340.0,-440.0,8.5,-112.0,-108.0,41.5,-110.0,-110.0,1,outdoors,grass,,,00-0040743,00-0034855,Tyler Shough,Baker Mayfield,Kellen Moore,Todd Bowles,,TAM00,Raymond James Stadium,NO,TB,False,,,,,,,,,,,,,,,,,,,,,,,,,,,,,,,,,,,,,,,,,,,,,,,,,,,,,,,,,,,,,,,,,,,,,,,,,,,,,,,,,,,,,,,,,,,,,,,,,,,,0.0182607965715682,0
2025_15_CAR_NO,2025,REG,15,2025-12-14,Sunday,16:25,CAR,,NO,,Home,,,,2025121410,,,202512140nor,28636,401772908,6953,14,7,-148.0,124.0,-2.5,-118.0,-102.0,39.5,-110.0,-110.0,1,dome,sportturf,,,,,,,Dave Canales,Kellen Moore,,NOR00,Mercedes-Benz Superdome,NO,CAR,True,,,,,,,,,,,,,,,,,,,,,,,,,,,,,,,,,,,,,,,,,,,,,,,,,,,,,,,,,,,,,,,,,,,,,,,,,,,,,,,,,,,,,,,,,,,,,,,,,,,,0.0165731397877506,0
2025_16_NYJ_NO,2025,REG,16,2025-12-21,Sunday,13:00,NYJ,,NO,,Home,,,,2025122104,,,202512210nor,28649,401772801,6965,7,7,,,,,,,,,0,dome,sportturf,,,,,,,Aaron Glenn,Kellen Moore,,NOR00,Mercedes-Benz Superdome,NO,NYJ,True,,,,,,,,,,,,,,,,,,,,,,,,,,,,,,,,,,,,,,,,,,,,,,,,,,,,,,,,,,,,,,,,,,,,,,,,,,,,,,,,,,,,,,,,,,,,,,,,,,,,0.0165731397877506,0
2025_17_NO_TEN,2025,REG,17,2025-12-28,Sunday,13:00,NO,,TEN,,Home,,,,2025122804,,,202512280oti,28670,401772809,6986,7,7,,,,,,,,,0,outdoors,grass,,,,,,,Kellen Moore,Brian Callahan,,NAS00,Nissan Stadium,NO,TEN,False,,,,,,,,,,,,,,,,,,,,,,,,,,,,,,,,,,,,,,,,,,,,,,,,,,,,,,,,,,,,,,,,,,,,,,,,,,,,,,,,,,,,,,,,,,,,,,,,,,,,0.0182607965715682,0
2025_18_NO_ATL,2025,REG,18,2026-01-04,Sunday,13:00,NO,,ATL,,Home,,,,2025010400,,,202501040atl,28689,401772966,6990,6,6,,,,,,,,,1,closed,fieldturf,,,,,,,Kellen Moore,Raheem Morris,,ATL97,Mercedes-Benz Stadium,NO,ATL,False,,,,,,,,,,,,,,,,,,,,,,,,,,,,,,,,,,,,,,,,,,,,,,,,,,,,,,,,,,,,,,,,,,,,,,,,,,,,,,,,,,,,,,,,,,,,,,,,,,,,0.0182607965715682,0
2025_01_NYG_WAS,2025,REG,1,2025-09-07,Sunday,13:00,NYG,6.0,WAS,21.0,Home,15.0,27.0,0.0,2025090707,59852.0,,202509070was,28427,401772827,6743,7,7,240.0,-298.0,6.0,-108.0,-112.0,45.5,-110.0,-110.0,1,outdoors,grass,68.0,5.0,00-0029263,00-0039910,Russell Wilson,Jayden Daniels,Brian Daboll,Dan Quinn,Clay Martin,WAS00,FedExField,NYG,WAS,False,REG,WAS,17.0,37.0,168.0,0.0,0.0,2.0,-11.0,0.0,0.0,226.0,84.0,9.0,-11.39383654077999,-13.457901123911142,0.0,23.0,74.0,0.0,1.0,0.0,4.0,-3.555864180030767,0.0,17.0,32.0,168.0,0.0,0.0,0.0,226.0,84.0,9.0,-4.414557021158243,0.0,0.0,31.0,1.0,39.0,3.0,14.0,0.0,3.0,21.0,5.0,0.0,0.0,3.0,0.0,0.0,0.0,0.0,1.0,1.0,0.0,0.0,0.0,6.0,35.0,5.0,3.0,24.0,2.0,41.0,2.0,2.0,0.0,0.0,55.0,1.0,0.0,1.0,0.0,0.0,1.0,0.0,0.0,0.0,0.0,0.0,0.0,0.0,21;55,,,76.0,0.0,0.0,0.0,0.0,0.0,0.0,,0.0,0.0,0.0,0.0,0.0,0.1207885044705213,0
2025_02_NYG_DAL,2025,REG,2,2025-09-14,Sunday,13:00,NYG,37.0,DAL,40.0,Home,3.0,77.0,1.0,2025091402,59862.0,,202509140dal,28437,401772834,6753,7,10,195.0,-238.0,4.5,100.0,-120.0,44.5,-110.0,-110.0,1,closed,matrixturf,,,00-0029263,00-0033077,Russell Wilson,Dak Prescott,Brian Daboll,Brian Schottenheimer,Bill Vinovich,DAL00,AT&T Stadium,NYG,DAL,False,REG,DAL,30.0,41.0,450.0,3.0,1.0,3.0,-28.0,1.0,0.0,522.0,137.0,15.0,17.073441614049575,13.416483923792839,0.0,21.0,84.0,1.0,0.0,0.0,7.0,-2.6640637270756997,0.0,30.0,40.0,450.0,3.0,0.0,0.0,522.0,137.0,15.0,23.39230740594407,0.0,0.0,63.0,0.0,24.0,8.0,24.0,0.0,3.0,18.0,7.0,1.0,0.0,9.0,0.0,0.0,0.0,0.0,0.0,0.0,0.0,0.0,0.0,14.0,160.0,6.0,3.0,38.0,6.0,161.0,3.0,3.0,0.0,0.0,38.0,1.0,0.0,0.0,3.0,0.0,0.0,0.0,0.0,0.0,0.0,0.0,0.0,0.0,38;33;33,,,104.0,0.0,0.0,4.0,4.0,0.0,0.0,1.0,0.0,0.0,0.0,0.0,0.0,0.8860991356632258,0
2025_03_KC_NYG,2025,REG,3,2025-09-21,Sunday,20:20,KC,22.0,NYG,9.0,Home,-13.0,31.0,0.0,2025092113,59889.0,,202509210nyg,28465,401772920,6780,7,7,-325.0,260.0,-6.0,-115.0,-105.0,44.5,-105.0,-115.0,0,outdoors,fieldturf,65.0,5.0,00-0033873,00-0029263,Patrick Mahomes,Russell Wilson,Andy Reid,Brian Daboll,Land Clark,NYC01,MetLife Stadium,NYG,KC,True,REG,KC,18.0,32.0,160.0,0.0,2.0,2.0,-9.0,0.0,0.0,284.0,96.0,7.0,-14.818524984584656,-4.926895797252655,0.0,27.0,130.0,1.0,0.0,0.0,8.0,-0.422504970704646,0.0,18.0,30.0,160.0,0.0,0.0,0.0,284.0,96.0,7.0,-9.189381627598777,0.0,0.0,41.0,2.0,18.0,4.0,21.0,1.0,1.0,15.0,7.0,0.0,0.0,6.0,0.0,0.0,0.0,0.0,0.0,0.0,0.0,0.0,0.0,7.0,82.0,7.0,2.0,17.0,5.0,134.0,1.0,1.0,0.0,0.0,25.0,1.0,0.0,1.0,0.0,0.0,0.0,0.0,0.0,0.0,0.0,0.0,0.0,0.0,25,,,25.0,0.0,0.0,0.0,1.0,0.0,1.0,0.0,0.0,0.0,0.0,0.0,0.0,0.017905746629996,0
2025_04_LAC_NYG,2025,REG,4,2025-09-28,Sunday,13:00,LAC,18.0,NYG,21.0,Home,3.0,39.0,0.0,2025092806,59898.0,,202509280nyg,28473,401772737,6789,7,7,-285.0,230.0,-6.0,-112.0,-108.0,43.5,-115.0,-105.0,0,outdoors,fieldturf,81.0,4.0,00-0036355,00-0040691,Justin Herbert,Jaxson Dart,Jim Harbaugh,Brian Daboll,Shawn Hochuli,NYC01,MetLife Stadium,NYG,LAC,True,REG,LAC,14.0,21.0,119.0,1.0,0.0,6.0,-30.0,1.0,0.0,122.0,79.0,6.0,-6.70552748370217,0.183735191822052,0.0,42.0,161.0,1.0,1.0,0.0,12.0,-3.4659305497743227,1.0,14.0,20.0,119.0,1.0,0.0,0.0,122.0,79.0,6.0,2.626701303757727,0.0,0.0,34.0,1.0,17.0,4.0,22.0,0.0,2.0,17.0,12.0,2.0,93.0,7.0,0.0,0.0,0.0,0.0,2.0,3.0,0.0,0.0,0.0,8.0,43.0,5.0,2.0,14.0,4.0,107.0,2.0,2.0,0.0,0.0,31.0,1.0,0.0,1.0,1.0,0.0,0.0,0.0,0.0,0.0,0.0,0.0,0.0,0.0,22;31,,,53.0,0.0,0.0,1.0,1.0,0.0,0.0,1.0,0.0,0.0,0.0,0.0,0.0,0.7211236159014817,1
2025_05_NYG_NO,2025,REG,5,2025-10-05,Sunday,13:00,NYG,14.0,NO,26.0,Home,12.0,40.0,0.0,2025100504,59912.0,,202510050nor,28487,401772744,6803,7,7,100.0,-120.0,1.5,-115.0,-105.0,41.5,-105.0,-115.0,0,dome,sportturf,,,00-0040691,00-0039376,Jaxson Dart,Spencer Rattler,Brian Daboll,Kellen Moore,Alan Eck,NOR00,Mercedes-Benz Superdome,NYG,NO,False,REG,NO,26.0,40.0,202.0,2.0,2.0,1.0,-3.0,1.0,1.0,328.0,138.0,10.0,-12.648555137915537,-1.743929317364326,0.0,29.0,136.0,0.0,1.0,1.0,11.0,-1.9155143193202093,0.0,26.0,39.0,202.0,2.0,1.0,1.0,328.0,138.0,10.0,-12.117248830851167,0.0,0.0,42.0,1.0,23.0,7.0,14.0,0.0,0.0,0.0,1.0,0.0,0.0,3.0,0.0,0.0,0.0,0.0,0.0,0.0,0.0,0.0,0.0,8.0,95.0,6.0,0.0,0.0,5.0,160.0,0.0,0.0,0.0,0.0,,,0.0,0.0,0.0,0.0,0.0,0.0,0.0,0.0,0.0,0.0,0.0,0.0,,,,0.0,0.0,0.0,2.0,2.0,0.0,0.0,1.0,0.0,0.0,0.0,0.0,0.0,0.0071713123520522,0
2025_06_PHI_NYG,2025,REG,6,2025-10-09,Thursday,20:15,PHI,17.0,NYG,34.0,Home,17.0,51.0,0.0,2025100900,59921.0,,202510090nyg,28496,401772940,6812,4,4,-395.0,310.0,-7.0,-120.0,100.0,40.5,-105.0,-115.0,1,outdoors,fieldturf,53.0,3.0,00-0036389,00-0040691,Jalen Hurts,Jaxson Dart,Nick Sirianni,Brian Daboll,Clete Blakeman,NYC01,MetLife Stadium,NYG,PHI,True,REG,PHI,17.0,26.0,195.0,1.0,0.0,2.0,-1.0,0.0,0.0,239.0,76.0,8.0,5.7703542148228735,2.070017388233772,0.0,39.0,172.0,4.0,0.0,0.0,14.0,7.111756450438406,0.0,17.0,26.0,195.0,1.0,0.0,0.0,239.0,76.0,8.0,7.385981022845954,0.0,0.0,31.0,1.0,37.0,7.0,27.0,1.0,3.0,17.0,3.0,1.0,68.0,4.0,0.0,0.0,0.0,0.0,0.0,0.0,1.0,1.0,0.0,6.0,55.0,2.0,3.0,28.0,4.0,103.0,0.0,0.0,0.0,0.0,,,0.0,0.0,0.0,0.0,0.0,0.0,0.0,0.0,0.0,0.0,0.0,0.0,,,,0.0,0.0,0.0,4.0,5.0,1.0,0.0,0.8,0.0,0.0,0.0,0.0,0.0,0.9824774145380356,1
2025_07_NYG_DEN,2025,REG,7,2025-10-19,Sunday,16:05,NYG,32.0,DEN,33.0,Home,1.0,65.0,0.0,2025101907,59944.0,,202510190den,28519,401772757,6835,10,7,330.0,-425.0,7.5,-105.0,-115.0,39.5,-105.0,-115.0,0,outdoors,grass,72.0,3.0,00-0040691,00-0039732,Jaxson Dart,Bo Nix,Brian Daboll,Sean Payton,Brad Allen,DEN00,Empower Field at Mile High,NYG,DEN,False,REG,DEN,15.0,33.0,283.0,3.0,1.0,4.0,-15.0,0.0,0.0,342.0,147.0,12.0,8.377084178893828,-16.977408076777603,0.0,32.0,119.0,2.0,0.0,0.0,7.0,0.21420120215043426,0.0,15.0,33.0,283.0,3.0,0.0,0.0,342.0,147.0,12.0,12.801825958289673,0.0,0.0,41.0,2.0,26.0,5.0,19.0,0.0,2.0,14.0,5.0,0.0,0.0,8.0,0.0,0.0,0.0,0.0,0.0,0.0,0.0,0.0,0.0,8.0,36.0,3.0,3.0,28.0,3.0,85.0,0.0,0.0,0.0,0.0,,,0.0,0.0,0.0,0.0,0.0,0.0,0.0,0.0,0.0,0.0,0.0,0.0,,,,0.0,0.0,0.0,2.0,4.0,2.0,0.0,0.5,0.0,0.0,0.0,0.0,0.0,0.6864510929477127,0
2025_08_NYG_PHI,2025,REG,8,2025-10-26,Sunday,13:00,NYG,20.0,PHI,38.0,Home,18.0,58.0,0.0,2025102606,59958.0,,202510260phi,28533,401772867,6849,7,7,300.0,-380.0,7.0,-102.0,-118.0,43.5,-108.0,-112.0,1,outdoors,grass,60.0,4.0,00-0040691,00-0036389,Jaxson Dart,Jalen Hurts,Brian Daboll,Nick Sirianni,Brad Rogers,PHI00,Lincoln Financial Field,NYG,PHI,False,REG,PHI,14.0,24.0,193.0,1.0,0.0,5.0,-15.0,0.0,0.0,235.0,72.0,9.0,3.372110629519341,1.8181299621408635,0.0,21.0,68.0,1.0,0.0,0.0,5.0,1.0448746601468883,0.0,14.0,22.0,193.0,1.0,0.0,0.0,235.0,72.0,9.0,9.919948489798923,0.0,0.0,33.0,0.0,28.0,3.0,22.0,0.0,4.0,28.0,5.0,0.0,0.0,4.0,0.0,0.0,0.0,0.0,0.0,0.0,0.0,0.0,0.0,7.0,54.0,3.0,0.0,0.0,5.0,145.0,2.0,2.0,0.0,0.0,47.0,1.0,0.0,0.0,1.0,1.0,0.0,0.0,0.0,0.0,0.0,0.0,0.0,0.0,47;34,,,81.0,0.0,0.0,2.0,2.0,0.0,0.0,1.0,0.0,0.0,0.0,0.0,0.0,0.6296636696094657,0
2025_09_SF_NYG,2025,REG,9,2025-11-02,Sunday,13:00,SF,34.0,NYG,24.0,Home,-10.0,58.0,0.0,2025110205,59970.0,,202511020nyg,28545,401772767,6861,7,7,-148.0,124.0,-2.5,-120.0,100.0,47.5,-108.0,-112.0,0,outdoors,fieldturf,56.0,5.0,00-0036972,00-0040691,Mac Jones,Jaxson Dart,Kyle Shanahan,Brian Daboll,John Hussey,NYC01,MetLife Stadium,NYG,SF,True,REG,SF,24.0,33.0,191.0,2.0,0.0,2.0,-12.0,0.0,0.0,217.0,79.0,7.0,1.7102711593444475,3.736145608127117,0.0,21.0,117.0,1.0,0.0,0.0,10.0,7.818000182276592,0.0,24.0,32.0,191.0,2.0,0.0,0.0,217.0,79.0,7.0,4.40916444493374,0.0,0.0,34.0,5.0,47.0,7.0,26.0,1.0,2.0,14.0,3.0,0.0,0.0,2.0,0.0,0.0,0.0,0.0,0.0,0.0,1.0,1.0,0.0,5.0,23.0,3.0,0.0,0.0,7.0,191.0,1.0,2.0,1.0,0.0,22.0,0.5,0.0,1.0,0.0,0.0,0.0,0.0,0.0,0.0,0.0,1.0,0.0,0.0,22,45,,22.0,45.0,0.0,3.0,3.0,0.0,0.0,1.0,0.0,0.0,0.0,0.0,0.0,0.623926816918538,0
2025_10_NYG_CHI,2025,REG,10,2025-11-09,Sunday,13:00,NYG,20.0,CHI,24.0,Home,4.0,44.0,0.0,2025110902,59981.0,,202511090chi,28556,401772875,6872,7,7,180.0,-218.0,4.5,-108.0,-112.0,45.5,-112.0,-108.0,0,outdoors,grass,33.0,10.0,00-0040691,00-0039918,Jaxson Dart,Caleb Williams,Brian Daboll,Ben Johnson,Adrian Hill,CHI98,Soldier Field,NYG,CHI,False,REG,CHI,22.0,36.0,287.0,0.0,0.0,4.0,-25.0,0.0,0.0,291.0,123.0,11.0,0.8394880325841192,5.115750897675753,0.0,30.0,169.0,2.0,1.0,1.0,9.0,-0.5040398053221873,0.0,22.0,32.0,287.0,0.0,0.0,0.0,291.0,123.0,11.0,9.14484139638538,0.0,0.0,30.0,2.0,32.0,2.0,5.0,0.0,0.0,0.0,3.0,0.0,0.0,2.0,0.0,0.0,0.0,0.0,0.0,0.0,0.0,0.0,0.0,10.0,69.0,3.0,0.0,0.0,1.0,39.0,2.0,2.0,0.0,0.0,32.0,1.0,1.0,0.0,1.0,0.0,0.0,0.0,0.0,0.0,0.0,0.0,0.0,0.0,32;19,,,51.0,0.0,0.0,2.0,2.0,0.0,0.0,1.0,0.0,0.0,0.0,0.0,0.0,0.5873044967470324,0
2025_11_GB_NYG,2025,REG,11,2025-11-16,Sunday,13:00,GB,27.0,NYG,20.0,Home,-7.0,47.0,0.0,2025111605,59998.0,,202511160nyg,28574,401772883,6889,6,7,-440.0,340.0,-7.5,-110.0,-110.0,41.5,-110.0,-110.0,0,outdoors,fieldturf,55.0,17.0,00-0036264,00-0031503,Jordan Love,Jameis Winston,Matt LaFleur,Brian Daboll,Scott Novak,NYC01,MetLife Stadium,NYG,GB,True,REG,GB,19.0,29.0,201.0,0.0,1.0,2.0,-7.0,1.0,1.0,219.0,89.0,10.0,6.399802807543892,0.5008329605234081,0.0,38.0,142.0,3.0,0.0,0.0,10.0,3.925586651574122,0.0,19.0,29.0,201.0,0.0,0.0,0.0,219.0,89.0,10.0,9.81832261994714,0.0,0.0,31.0,1.0,15.0,2.0,12.0,1.0,2.0,12.0,8.0,0.0,0.0,5.0,0.0,0.0,0.0,0.0,0.0,0.0,0.0,0.0,0.0,6.0,77.0,5.0,2.0,17.0,4.0,108.0,0.0,0.0,0.0,0.0,,,0.0,0.0,0.0,0.0,0.0,0.0,0.0,0.0,0.0,0.0,0.0,0.0,,,,0.0,0.0,0.0,2.0,3.0,1.0,0.0,0.6666666666666666,0.0,0.0,0.0,0.0,0.0,0.3162573488864508,0
2025_12_NYG_DET,2025,REG,12,2025-11-23,Sunday,13:00,NYG,27.0,DET,34.0,Home,7.0,61.0,1.0,2025112303,60011.0,,202511230det,28586,401772888,6902,7,7,675.0,-1050.0,14.0,-115.0,-105.0,50.5,100.0,-120.0,0,dome,fieldturf,,,00-0031503,00-0033106,Jameis Winston,Jared Goff,Brian Daboll,Dan Campbell,Craig Wrolstad,DET00,Ford Field,NYG,DET,False,REG,DET,19.0,37.0,399.0,3.0,1.0,1.0,-4.0,0.0,0.0,409.0,141.0,17.0,13.742965025366289,-4.205553759546841,0.0,39.0,122.0,0.0,0.0,0.0,6.0,-4.8758650812960695,0.0,19.0,34.0,399.0,3.0,1.0,0.0,409.0,141.0,17.0,18.979588520556586,0.0,0.0,39.0,2.0,28.0,6.0,33.0,0.0,3.0,22.0,7.0,1.0,3.0,4.0,0.0,0.0,0.0,0.0,0.0,0.0,0.0,0.0,0.0,7.0,59.0,3.0,1.0,0.0,5.0,122.0,2.0,2.0,0.0,0.0,44.0,1.0,0.0,1.0,0.0,1.0,0.0,0.0,0.0,0.0,0.0,0.0,0.0,0.0,21;44,,,65.0,0.0,0.0,3.0,3.0,0.0,0.0,1.0,0.0,0.0,0.0,0.0,0.0,0.9481653433397116,0
2025_13_NYG_NE,2025,REG,13,2025-12-01,Monday,20:15,NYG,15.0,NE,33.0,Home,18.0,48.0,0.0,2025120100,60036.0,,202512010nwe,28611,401772821,6927,8,8,295.0,-375.0,7.0,-105.0,-115.0,46.5,-105.0,-115.0,0,outdoors,fieldturf,30.0,5.0,00-0040691,00-0039851,Jaxson Dart,Drake Maye,Brian Daboll,Mike Vrabel,Alex Kemp,BOS00,Gillette Stadium,NYG,NE,False,REG,NE,17.0,24.0,139.0,1.0,0.0,2.0,-11.0,0.0,0.0,184.0,87.0,4.0,-4.815171926937066,3.5155829042196274,1.0,27.0,111.0,1.0,0.0,0.0,10.0,-1.0263184612849727,0.0,17.0,24.0,139.0,1.0,0.0,0.0,184.0,87.0,4.0,-2.3026508763867897,1.0,0.0,42.0,1.0,29.0,5.0,14.0,0.0,3.0,6.0,5.0,0.0,0.0,4.0,0.0,0.0,0.0,0.0,0.0,0.0,0.0,0.0,0.0,4.0,30.0,4.0,0.0,0.0,6.0,142.0,0.0,0.0,0.0,0.0,,,0.0,0.0,0.0,0.0,0.0,0.0,0.0,0.0,0.0,0.0,0.0,0.0,,,,0.0,0.0,0.0,1.0,1.0,0.0,0.0,1.0,0.0,0.0,0.0,0.0,0.0,0.0833244222900889,0
2025_15_WAS_NYG,2025,REG,15,2025-12-14,Sunday,13:00,WAS,,NYG,,Home,,,,2025121406,,,202512140nyg,28633,401772905,6949,7,13,-130.0,110.0,-1.5,-115.0,-105.0,47.5,-110.0,-110.0,1,outdoors,fieldturf,,,,,,,Dan Quinn,Brian Daboll,,NYC01,MetLife Stadium,NYG,WAS,True,,,,,,,,,,,,,,,,,,,,,,,,,,,,,,,,,,,,,,,,,,,,,,,,,,,,,,,,,,,,,,,,,,,,,,,,,,,,,,,,,,,,,,,,,,,,,,,,,,,,0.0165731397877506,0
2025_16_MIN_NYG,2025,REG,16,2025-12-21,Sunday,13:00,MIN,,NYG,,Home,,,,2025122105,,,202512210nyg,28650,401772911,6966,7,7,,,,,,,,,0,outdoors,fieldturf,,,,,,,Kevin O'Connell,Brian Daboll,,NYC01,MetLife Stadium,NYG,MIN,True,,,,,,,,,,,,,,,,,,,,,,,,,,,,,,,,,,,,,,,,,,,,,,,,,,,,,,,,,,,,,,,,,,,,,,,,,,,,,,,,,,,,,,,,,,,,,,,,,,,,0.0165731397877506,0
2025_17_NYG_LV,2025,REG,17,2025-12-28,Sunday,13:00,NYG,,LV,,Home,,,,2025122804,,,202512280rai,28665,401772950,6983,7,7,,,,,,,,,0,dome,grass,,,,,,,Brian Daboll,Pete Carroll,,VEG00,Allegiant Stadium,NYG,LV,False,,,,,,,,,,,,,,,,,,,,,,,,,,,,,,,,,,,,,,,,,,,,,,,,,,,,,,,,,,,,,,,,,,,,,,,,,,,,,,,,,,,,,,,,,,,,,,,,,,,,0.0182607965715682,0
2025_18_DAL_NYG,2025,REG,18,2026-01-04,Sunday,13:00,DAL,,NYG,,Home,,,,2025010411,,,202501040nyg,28684,401772963,7001,6,6,,,,,,,,,1,outdoors,fieldturf,,,,,,,Brian Schottenheimer,Brian Daboll,,NYC01,MetLife Stadium,NYG,DAL,True,,,,,,,,,,,,,,,,,,,,,,,,,,,,,,,,,,,,,,,,,,,,,,,,,,,,,,,,,,,,,,,,,,,,,,,,,,,,,,,,,,,,,,,,,,,,,,,,,,,,0.0165731397877506,0
2025_01_PIT_NYJ,2025,REG,1,2025-09-07,Sunday,13:00,PIT,34.0,NYJ,32.0,Home,-2.0,66.0,0.0,2025090706,59851.0,,202509070nyj,28426,401772721,6742,7,7,-155.0,130.0,-3.0,-110.0,-110.0,37.5,-108.0,-112.0,0,outdoors,fieldturf,67.0,3.0,00-0023459,00-0036945,Aaron Rodgers,Justin Fields,Mike Tomlin,Aaron Glenn,Bill Vinovich,NYC01,MetLife Stadium,NYJ,PIT,True,REG,PIT,16.0,22.0,218.0,1.0,0.0,1.0,-6.0,0.0,0.0,169.0,76.0,9.0,10.05393822364579,10.396403358096169,0.0,39.0,182.0,3.0,0.0,0.0,13.0,3.5124690002818104,0.0,16.0,21.0,218.0,1.0,0.0,0.0,169.0,76.0,9.0,12.384196756276769,0.0,0.0,33.0,0.0,30.0,7.0,34.0,2.0,4.0,26.0,7.0,0.0,0.0,4.0,0.0,0.0,0.0,0.0,0.0,0.0,0.0,0.0,0.0,7.0,74.0,4.0,2.0,19.0,7.0,206.0,2.0,2.0,0.0,0.0,51.0,1.0,0.0,0.0,1.0,0.0,1.0,0.0,0.0,0.0,0.0,0.0,0.0,0.0,35;51,,,86.0,0.0,0.0,2.0,2.0,0.0,0.0,1.0,0.0,0.0,0.0,0.0,0.0,0.9754695706196734,0
2025_02_BUF_NYJ,2025,REG,2,2025-09-14,Sunday,13:00,BUF,30.0,NYJ,10.0,Home,-20.0,40.0,0.0,2025091406,59866.0,,202509140nyj,28441,401772727,6757,7,7,-290.0,235.0,-6.0,-112.0,-108.0,47.5,-110.0,-110.0,1,outdoors,fieldturf,80.0,3.0,00-0034857,00-0036945,Josh Allen,Justin Fields,Sean McDermott,Aaron Glenn,Clete Blakeman,NYC01,MetLife Stadium,NYJ,BUF,True,REG,BUF,10.0,22.0,83.0,1.0,0.0,4.0,-29.0,1.0,0.0,172.0,23.0,5.0,-4.127607465197798,-17.092500981830415,0.0,21.0,100.0,0.0,1.0,1.0,5.0,-9.752684976267638,0.0,10.0,21.0,83.0,1.0,1.0,0.0,172.0,23.0,5.0,2.4911720299278386,0.0,0.0,36.0,4.0,40.0,4.0,9.0,1.0,1.0,1.0,2.0,0.0,0.0,6.0,0.0,0.0,0.0,0.0,2.0,2.0,0.0,0.0,0.0,5.0,35.0,4.0,1.0,11.0,7.0,174.0,1.0,1.0,0.0,0.0,51.0,1.0,0.0,0.0,0.0,0.0,1.0,0.0,0.0,0.0,0.0,0.0,0.0,0.0,51,,,51.0,0.0,0.0,1.0,1.0,0.0,0.0,1.0,0.0,0.0,0.0,0.0,0.0,0.0681268175692266,0
2025_03_NYJ_TB,2025,REG,3,2025-09-21,Sunday,13:00,NYJ,27.0,TB,29.0,Home,2.0,56.0,0.0,2025092106,59882.0,,202509210tam,28458,401772840,6773,7,6,275.0,-345.0,6.5,-105.0,-115.0,43.5,-115.0,-105.0,0,outdoors,grass,88.0,5.0,00-0028118,00-0034855,Tyrod Taylor,Baker Mayfield,Aaron Glenn,Todd Bowles,Adrian Hill,TAM00,Raymond James Stadium,NYJ,TB,False,REG,TB,26.0,36.0,197.0,2.0,1.0,4.0,-29.0,1.0,1.0,161.0,106.0,13.0,-7.886901567328738,7.483880179268973,0.0,23.0,99.0,0.0,0.0,0.0,5.0,-3.53839694254566,0.0,26.0,35.0,197.0,2.0,0.0,0.0,161.0,106.0,13.0,-0.4157031605015673,0.0,1.0,39.0,3.0,37.0,7.0,21.0,1.0,1.0,8.0,2.0,0.0,0.0,2.0,0.0,0.0,0.0,50.0,0.0,0.0,0.0,0.0,0.0,7.0,81.0,6.0,0.0,0.0,6.0,157.0,2.0,2.0,0.0,0.0,42.0,1.0,0.0,0.0,1.0,1.0,0.0,0.0,0.0,0.0,0.0,0.0,0.0,0.0,38;42,,,80.0,0.0,0.0,3.0,3.0,0.0,0.0,1.0,0.0,0.0,0.0,0.0,0.0,0.1671062824863917,0
2025_04_NYJ_MIA,2025,REG,4,2025-09-29,Monday,19:15,NYJ,21.0,MIA,27.0,Home,6.0,48.0,0.0,2025092900,59905.0,,202509290mia,28481,401772813,6796,8,11,124.0,-148.0,2.5,-105.0,-115.0,44.5,-120.0,100.0,1,outdoors,grass,88.0,17.0,00-0036945,00-0036212,Justin Fields,Tua Tagovailoa,Aaron Glenn,Mike McDaniel,Craig Wrolstad,MIA00,Hard Rock Stadium,NYJ,MIA,False,REG,MIA,20.0,27.0,226.0,1.0,0.0,2.0,-19.0,1.0,1.0,205.0,86.0,12.0,5.608728678049778,5.086048664870085,0.0,28.0,197.0,1.0,1.0,1.0,9.0,3.6039133949526585,1.0,20.0,27.0,226.0,1.0,0.0,0.0,205.0,86.0,12.0,10.404884667045229,0.0,0.0,31.0,1.0,33.0,2.0,5.0,1.0,0.0,0.0,0.0,0.0,0.0,3.0,0.0,0.0,0.0,0.0,0.0,0.0,0.0,0.0,0.0,13.0,101.0,5.0,1.0,18.0,5.0,162.0,2.0,2.0,0.0,0.0,58.0,1.0,0.0,0.0,0.0,0.0,2.0,0.0,0.0,0.0,0.0,0.0,0.0,0.0,58;50,,,108.0,0.0,0.0,1.0,1.0,0.0,0.0,1.0,0.0,0.0,0.0,0.0,0.0,0.4634778439173583,0
2025_05_DAL_NYJ,2025,REG,5,2025-10-05,Sunday,13:00,DAL,37.0,NYJ,22.0,Home,-15.0,59.0,0.0,2025100505,59913.0,,202510050nyj,28488,401772850,6804,7,6,-105.0,-115.0,1.5,-120.0,100.0,48.5,-110.0,-110.0,0,outdoors,fieldturf,82.0,3.0,00-0033077,00-0036945,Dak Prescott,Justin Fields,Brian Schottenheimer,Aaron Glenn,Alex Moore,NYC01,MetLife Stadium,NYJ,DAL,True,REG,DAL,32.0,46.0,283.0,2.0,0.0,5.0,-49.0,0.0,0.0,308.0,110.0,14.0,3.908267046055964,5.117593841119246,2.0,22.0,144.0,0.0,1.0,1.0,9.0,-3.494672117754817,0.0,32.0,44.0,283.0,2.0,0.0,0.0,308.0,110.0,14.0,14.014732870237177,2.0,0.0,33.0,1.0,17.0,3.0,3.0,0.0,1.0,1.0,3.0,0.0,0.0,4.0,0.0,0.0,0.0,0.0,0.0,0.0,0.0,0.0,0.0,10.0,61.0,5.0,4.0,41.0,6.0,155.0,2.0,2.0,0.0,0.0,48.0,1.0,0.0,1.0,0.0,1.0,0.0,0.0,0.0,0.0,0.0,0.0,0.0,0.0,25;48,,,73.0,0.0,0.0,0.0,0.0,0.0,0.0,,0.0,0.0,0.0,0.0,0.0,0.0805371813894503,0
2025_06_DEN_NYJ,2025,REG,6,2025-10-12,Sunday,09:30,DEN,13.0,NYJ,11.0,Neutral,-2.0,24.0,0.0,2025101200,59922.0,,202510120nyj,28497,401772634,6813,7,7,-395.0,310.0,-7.5,100.0,-120.0,43.5,-112.0,-108.0,0,outdoors,grass,59.0,6.0,00-0039732,00-0036945,Bo Nix,Justin Fields,Sean Payton,Aaron Glenn,Land Clark,NYC01,MetLife Stadium,NYJ,DEN,True,REG,DEN,9.0,17.0,45.0,0.0,0.0,9.0,-55.0,0.0,0.0,94.0,13.0,2.0,-20.7214580506014,-14.768174476921558,0.0,31.0,92.0,0.0,0.0,0.0,7.0,-3.2562456138458105,0.0,9.0,16.0,45.0,0.0,0.0,0.0,94.0,13.0,2.0,-6.792013825096403,0.0,0.0,32.0,2.0,32.0,3.0,9.0,2.0,1.0,6.0,3.0,0.0,0.0,2.0,0.0,0.0,1.0,0.0,1.0,1.0,1.0,1.0,0.0,2.0,15.0,6.0,4.0,32.0,5.0,172.0,3.0,3.0,0.0,0.0,52.0,1.0,0.0,0.0,1.0,1.0,1.0,0.0,0.0,0.0,0.0,0.0,0.0,0.0,52;41;38,,,131.0,0.0,0.0,0.0,0.0,0.0,0.0,,0.0,0.0,0.0,0.0,0.0,0.1109107446307178,0
2025_07_CAR_NYJ,2025,REG,7,2025-10-19,Sunday,13:00,CAR,13.0,NYJ,6.0,Home,-7.0,19.0,0.0,2025101905,59942.0,,202510190nyj,28517,401772860,6833,7,7,-108.0,-112.0,1.5,-125.0,105.0,39.5,-102.0,-118.0,0,outdoors,fieldturf,71.0,13.0,00-0039150,00-0036945,Bryce Young,Justin Fields,Dave Canales,Aaron Glenn,Brad Rogers,NYC01,MetLife Stadium,NYJ,CAR,True,REG,CAR,16.0,34.0,172.0,0.0,2.0,6.0,-33.0,0.0,0.0,367.0,64.0,8.0,-13.49936588228681,-11.164891239135496,0.0,20.0,81.0,0.0,0.0,0.0,4.0,-1.8465962274007577,0.0,16.0,31.0,172.0,0.0,0.0,0.0,367.0,64.0,8.0,-3.425658379564993,0.0,0.0,43.0,1.0,31.0,6.0,29.0,0.0,2.0,21.0,7.0,0.0,0.0,7.0,0.0,0.0,0.0,0.0,0.0,0.0,0.0,0.0,0.0,5.0,26.0,5.0,2.0,14.0,4.0,100.0,2.0,2.0,0.0,0.0,47.0,1.0,0.0,0.0,1.0,1.0,0.0,0.0,0.0,0.0,0.0,0.0,0.0,0.0,34;47,,,81.0,0.0,0.0,0.0,0.0,0.0,0.0,,0.0,0.0,0.0,0.0,0.0,0.0124508992464868,0
2025_08_NYJ_CIN,2025,REG,8,2025-10-26,Sunday,13:00,NYJ,39.0,CIN,38.0,Home,-1.0,77.0,0.0,2025102603,59955.0,,202510260cin,28530,401772758,6846,7,10,210.0,-258.0,5.5,-112.0,-108.0,43.5,-102.0,-118.0,0,outdoors,fieldturf,57.0,8.0,00-0036945,00-0026158,Justin Fields,Joe Flacco,Aaron Glenn,Zac Taylor,Scott Novak,CIN00,Paycor Stadium,NYJ,CIN,False,REG,CIN,22.0,33.0,248.0,2.0,0.0,0.0,0.0,0.0,0.0,184.0,152.0,13.0,16.242679117939325,5.570480724175771,1.0,37.0,254.0,2.0,0.0,0.0,11.0,5.550307312261005,1.0,22.0,30.0,248.0,2.0,0.0,0.0,184.0,152.0,13.0,19.241507287829073,1.0,0.0,30.0,0.0,30.0,3.0,13.0,0.0,1.0,6.0,2.0,0.0,0.0,7.0,0.0,0.0,0.0,0.0,0.0,0.0,0.0,0.0,0.0,4.0,25.0,3.0,3.0,38.0,6.0,150.0,3.0,3.0,0.0,0.0,46.0,1.0,0.0,2.0,0.0,1.0,0.0,0.0,0.0,0.0,0.0,0.0,0.0,0.0,46;25;24,,,95.0,0.0,0.0,2.0,2.0,0.0,0.0,1.0,0.0,0.0,0.0,0.0,0.0,0.984024714668556,1
2025_10_CLE_NYJ,2025,REG,10,2025-11-09,Sunday,13:00,CLE,20.0,NYJ,27.0,Home,7.0,47.0,0.0,2025110906,59985.0,,202511090nyj,28560,401772769,6876,14,14,-130.0,110.0,-1.5,-115.0,-105.0,37.5,-115.0,-105.0,0,outdoors,fieldturf,62.0,12.0,00-0040704,00-0028118,Dillon Gabriel,Tyrod Taylor,Kevin Stefanski,Aaron Glenn,Shawn Smith,NYC01,MetLife Stadium,NYJ,CLE,True,REG,CLE,6.0,11.0,54.0,1.0,1.0,3.0,-12.0,0.0,0.0,38.0,67.0,1.0,-10.175787572690751,-13.657003912058743,0.0,33.0,127.0,0.0,0.0,0.0,8.0,-4.549371780354921,0.0,6.0,11.0,54.0,1.0,0.0,0.0,38.0,67.0,1.0,-6.960594732547179,0.0,2.0,47.0,1.0,25.0,10.0,63.0,0.0,6.0,47.0,7.0,0.0,0.0,3.0,0.0,0.0,0.0,0.0,0.0,0.0,0.0,0.0,0.0,7.0,61.0,3.0,5.0,126.0,4.0,166.0,2.0,2.0,0.0,0.0,37.0,1.0,0.0,1.0,1.0,0.0,0.0,0.0,0.0,0.0,0.0,0.0,0.0,0.0,26;37,,,63.0,0.0,0.0,3.0,3.0,0.0,0.0,1.0,0.0,0.0,0.0,0.0,0.0,0.7155318037294365,1
2025_11_NYJ_NE,2025,REG,11,2025-11-13,Thursday,20:15,NYJ,14.0,NE,27.0,Home,13.0,41.0,0.0,2025111300,59992.0,,202511130nwe,28567,401772945,6883,4,4,625.0,-950.0,12.5,-105.0,-115.0,43.5,-115.0,-105.0,1,outdoors,fieldturf,39.0,9.0,00-0028118,00-0039851,Tyrod Taylor,Drake Maye,Aaron Glenn,Mike Vrabel,Alan Eck,BOS00,Gillette Stadium,NYJ,NE,False,REG,NE,15.0,27.0,116.0,1.0,0.0,2.0,-11.0,0.0,0.0,211.0,43.0,5.0,-8.232931307691615,-7.065995839925913,0.0,28.0,140.0,1.0,1.0,1.0,11.0,3.3823802499682643,0.0,15.0,26.0,116.0,1.0,0.0,0.0,211.0,43.0,5.0,-3.5756715384777635,0.0,0.0,36.0,1.0,29.0,4.0,18.0,0.0,1.0,10.0,4.0,0.0,0.0,3.0,0.0,0.0,0.0,0.0,0.0,1.0,0.0,0.0,0.0,7.0,62.0,5.0,3.0,18.0,4.0,95.0,0.0,0.0,0.0,0.0,,,0.0,0.0,0.0,0.0,0.0,0.0,0.0,0.0,0.0,0.0,0.0,0.0,,,,0.0,0.0,0.0,2.0,2.0,0.0,0.0,1.0,0.0,0.0,0.0,0.0,0.0,0.0996412527714145,0
2025_12_NYJ_BAL,2025,REG,12,2025-11-23,Sunday,13:00,NYJ,10.0,BAL,23.0,Home,13.0,33.0,0.0,2025112300,60008.0,,202511230rav,28583,401772782,6899,10,7,675.0,-1050.0,14.0,-110.0,-110.0,44.5,-102.0,-118.0,0,outdoors,grass,54.0,3.0,00-0028118,00-0034796,Tyrod Taylor,Lamar Jackson,Aaron Glenn,John Harbaugh,Clete Blakeman,BAL00,M&T Bank Stadium,NYJ,BAL,False,REG,BAL,17.0,28.0,222.0,1.0,1.0,3.0,-18.0,0.0,0.0,288.0,149.0,10.0,0.7697196948200404,-1.4548066589567397,0.0,26.0,78.0,0.0,1.0,1.0,5.0,-10.468584730115253,0.0,17.0,27.0,222.0,1.0,0.0,0.0,288.0,149.0,10.0,5.077089336459565,0.0,0.0,26.0,0.0,44.0,2.0,11.0,0.0,1.0,10.0,1.0,0.0,0.0,3.0,0.0,0.0,0.0,0.0,0.0,0.0,0.0,0.0,0.0,6.0,81.0,5.0,3.0,23.0,5.0,156.0,1.0,1.0,0.0,0.0,42.0,1.0,0.0,0.0,0.0,1.0,0.0,0.0,0.0,0.0,0.0,0.0,0.0,0.0,42,,,42.0,0.0,0.0,1.0,1.0,0.0,0.0,1.0,0.0,0.0,0.0,0.0,0.0,0.0338228788089835,0
2025_13_ATL_NYJ,2025,REG,13,2025-11-30,Sunday,13:00,ATL,24.0,NYJ,27.0,Home,3.0,51.0,0.0,2025113004,60029.0,,202511300nyj,28604,401772893,6920,7,7,-166.0,140.0,-3.0,-112.0,-108.0,38.5,-105.0,-115.0,0,outdoors,fieldturf,43.0,8.0,00-0029604,00-0028118,Kirk Cousins,Tyrod Taylor,Raheem Morris,Aaron Glenn,Shawn Hochuli,NYC01,MetLife Stadium,NYJ,ATL,True,REG,ATL,19.0,33.0,172.0,1.0,0.0,2.0,-13.0,0.0,0.0,319.0,23.0,8.0,-0.968703565033632,-1.6333287762057396,0.0,28.0,110.0,2.0,0.0,0.0,7.0,1.5421442350489087,0.0,19.0,31.0,172.0,1.0,0.0,0.0,319.0,23.0,8.0,0.3086583047334175,0.0,0.0,39.0,0.0,40.0,7.0,24.0,0.0,2.0,12.0,7.0,0.0,0.0,7.0,0.0,0.0,0.0,0.0,0.0,0.0,1.0,1.0,0.0,9.0,59.0,5.0,1.0,16.0,1.0,83.0,2.0,3.0,1.0,0.0,56.0,0.6666666666666666,0.0,0.0,1.0,0.0,1.0,0.0,0.0,0.0,0.0,0.0,1.0,0.0,32;56,55,,88.0,55.0,0.0,3.0,3.0,0.0,0.0,1.0,1.0,1.0,0.0,0.0,56.0,0.7761446882082808,1
2025_14_MIA_NYJ,2025,REG,14,2025-12-07,Sunday,13:00,MIA,,NYJ,,Home,,,,2025120706,,,202512070nyj,28619,401772790,6935,7,7,-155.0,130.0,-2.5,-120.0,100.0,41.5,-110.0,-110.0,1,outdoors,fieldturf,,,00-0036212,00-0028118,Tua Tagovailoa,Tyrod Taylor,Mike McDaniel,Aaron Glenn,,NYC01,MetLife Stadium,NYJ,MIA,True,,,,,,,,,,,,,,,,,,,,,,,,,,,,,,,,,,,,,,,,,,,,,,,,,,,,,,,,,,,,,,,,,,,,,,,,,,,,,,,,,,,,,,,,,,,,,,,,,,,,0.0165731397877506,0
2025_15_NYJ_JAX,2025,REG,15,2025-12-14,Sunday,13:00,NYJ,,JAX,,Home,,,,2025121403,,,202512140jax,28630,401772797,6946,7,7,360.0,-470.0,9.5,-112.0,-108.0,43.5,-110.0,-110.0,0,outdoors,grass,,,,,,,Aaron Glenn,Liam Coen,,JAX00,TIAA Bank Stadium,NYJ,JAX,False,,,,,,,,,,,,,,,,,,,,,,,,,,,,,,,,,,,,,,,,,,,,,,,,,,,,,,,,,,,,,,,,,,,,,,,,,,,,,,,,,,,,,,,,,,,,,,,,,,,,0.0182607965715682,0
2025_16_NYJ_NO,2025,REG,16,2025-12-21,Sunday,13:00,NYJ,,NO,,Home,,,,2025122104,,,202512210nor,28649,401772801,6965,7,7,,,,,,,,,0,dome,sportturf,,,,,,,Aaron Glenn,Kellen Moore,,NOR00,Mercedes-Benz Superdome,NYJ,NO,False,,,,,,,,,,,,,,,,,,,,,,,,,,,,,,,,,,,,,,,,,,,,,,,,,,,,,,,,,,,,,,,,,,,,,,,,,,,,,,,,,,,,,,,,,,,,,,,,,,,,0.0182607965715682,0
2025_17_NE_NYJ,2025,REG,17,2025-12-28,Sunday,13:00,NE,,NYJ,,Home,,,,2025122803,,,202512280nyj,28669,401772808,6985,7,7,,,,,,,,,1,outdoors,fieldturf,,,,,,,Mike Vrabel,Aaron Glenn,,NYC01,MetLife Stadium,NYJ,NE,True,,,,,,,,,,,,,,,,,,,,,,,,,,,,,,,,,,,,,,,,,,,,,,,,,,,,,,,,,,,,,,,,,,,,,,,,,,,,,,,,,,,,,,,,,,,,,,,,,,,,0.0165731397877506,0
2025_18_NYJ_BUF,2025,REG,18,2026-01-04,Sunday,13:00,NYJ,,BUF,,Home,,,,2025010401,,,202501040buf,28674,401772967,6991,6,6,,,,,,,,,1,outdoors,a_turf,,,,,,,Aaron Glenn,Sean McDermott,,BUF00,New Era Field,NYJ,BUF,False,,,,,,,,,,,,,,,,,,,,,,,,,,,,,,,,,,,,,,,,,,,,,,,,,,,,,,,,,,,,,,,,,,,,,,,,,,,,,,,,,,,,,,,,,,,,,,,,,,,,0.0182607965715682,0
2025_01_DAL_PHI,2025,REG,1,2025-09-04,Thursday,20:20,DAL,20.0,PHI,24.0,Home,4.0,44.0,0.0,2025090400,59843.0,,202509040phi,28418,401772510,6734,7,7,330.0,-425.0,8.5,-110.0,-110.0,47.5,-110.0,-110.0,1,outdoors,grass,75.0,11.0,00-0033077,00-0036389,Dak Prescott,Jalen Hurts,Brian Schottenheimer,Nick Sirianni,Shawn Smith,PHI00,Lincoln Financial Field,PHI,DAL,True,REG,DAL,19.0,23.0,152.0,0.0,0.0,1.0,-8.0,0.0,0.0,112.0,61.0,6.0,1.5907520360172063,21.806308776140213,0.0,38.0,158.0,3.0,0.0,0.0,14.0,6.04487540962873,0.0,19.0,20.0,152.0,0.0,0.0,0.0,112.0,61.0,6.0,5.758010305403572,0.0,0.0,32.0,2.0,26.0,3.0,8.0,1.0,0.0,0.0,1.0,0.0,0.0,6.0,0.0,0.0,0.0,0.0,0.0,0.0,1.0,1.0,0.0,9.0,110.0,3.0,0.0,0.0,2.0,32.0,1.0,1.0,0.0,0.0,58.0,1.0,0.0,0.0,0.0,0.0,1.0,0.0,0.0,0.0,0.0,0.0,0.0,0.0,58,,,58.0,0.0,0.0,3.0,3.0,0.0,0.0,1.0,0.0,0.0,0.0,0.0,0.0,0.4774062317772728,1
2025_02_PHI_KC,2025,REG,2,2025-09-14,Sunday,16:25,PHI,20.0,KC,17.0,Home,-3.0,37.0,0.0,2025091411,59871.0,,202509140kan,28446,401772837,6762,10,9,-122.0,102.0,-1.5,-110.0,-110.0,46.5,-102.0,-118.0,0,outdoors,grass,88.0,12.0,00-0036389,00-0033873,Jalen Hurts,Patrick Mahomes,Nick Sirianni,Andy Reid,Alex Kemp,KAN00,GEHA Field at Arrowhead Stadium,PHI,KC,False,REG,KC,15.0,22.0,101.0,0.0,0.0,2.0,-7.0,1.0,0.0,167.0,54.0,4.0,-4.85998605615568,4.396389211927142,0.0,34.0,122.0,2.0,0.0,0.0,9.0,2.4358081016107462,0.0,15.0,21.0,101.0,0.0,0.0,0.0,167.0,54.0,4.0,-2.1610662251372514,0.0,0.0,35.0,3.0,23.0,4.0,7.0,1.0,2.0,14.0,10.0,1.0,41.0,4.0,0.0,0.0,0.0,0.0,1.0,1.0,0.0,0.0,0.0,6.0,48.0,5.0,1.0,14.0,3.0,69.0,2.0,2.0,0.0,0.0,58.0,1.0,0.0,0.0,0.0,0.0,2.0,0.0,0.0,0.0,0.0,0.0,0.0,0.0,58;51,,,109.0,0.0,0.0,2.0,2.0,0.0,0.0,1.0,0.0,0.0,0.0,0.0,0.0,0.7597236389434449,1
2025_03_LA_PHI,2025,REG,3,2025-09-21,Sunday,13:00,LA,26.0,PHI,33.0,Home,7.0,59.0,0.0,2025092105,59881.0,,202509210phi,28457,401772839,6772,7,7,164.0,-198.0,3.5,-108.0,-112.0,45.5,-108.0,-112.0,0,outdoors,grass,73.0,9.0,00-0026498,00-0036389,Matthew Stafford,Jalen Hurts,Sean McVay,Nick Sirianni,Brad Rogers,PHI00,Lincoln Financial Field,PHI,LA,True,REG,LA,21.0,32.0,226.0,3.0,0.0,4.0,-24.0,1.0,1.0,274.0,63.0,9.0,-0.21159855952998619,5.956184168656667,0.0,27.0,86.0,1.0,0.0,0.0,8.0,1.259862583305221,0.0,21.0,30.0,226.0,3.0,0.0,0.0,274.0,63.0,9.0,11.580130723174197,0.0,1.0,40.0,2.0,32.0,2.0,3.0,0.0,1.0,0.0,7.0,1.0,0.0,4.0,0.0,0.0,0.0,61.0,0.0,0.0,0.0,0.0,0.0,5.0,50.0,3.0,0.0,0.0,5.0,55.0,0.0,0.0,0.0,0.0,,,0.0,0.0,0.0,0.0,0.0,0.0,0.0,0.0,0.0,0.0,0.0,0.0,,,,0.0,0.0,0.0,3.0,3.0,0.0,0.0,1.0,0.0,0.0,0.0,0.0,0.0,0.2912353073830001,1
2025_04_PHI_TB,2025,REG,4,2025-09-28,Sunday,13:00,PHI,31.0,TB,25.0,Home,-6.0,56.0,0.0,2025092807,59899.0,,202509280tam,28474,401772845,6790,7,7,-185.0,154.0,-3.5,-102.0,-118.0,44.5,-118.0,-102.0,0,outdoors,grass,88.0,6.0,00-0036389,00-0034855,Jalen Hurts,Baker Mayfield,Nick Sirianni,Todd Bowles,Alan Eck,TAM00,Raymond James Stadium,PHI,TB,False,REG,TB,15.0,24.0,130.0,2.0,0.0,2.0,-18.0,0.0,0.0,167.0,82.0,10.0,-1.2928640485042706,-4.997034619251887,0.0,32.0,88.0,1.0,1.0,0.0,6.0,-2.992559434971749,0.0,15.0,24.0,130.0,2.0,0.0,0.0,167.0,82.0,10.0,2.1934821679024026,0.0,1.0,46.0,1.0,23.0,4.0,19.0,2.0,2.0,17.0,1.0,1.0,0.0,13.0,0.0,0.0,0.0,35.0,1.0,2.0,1.0,1.0,0.0,8.0,83.0,4.0,1.0,3.0,5.0,148.0,1.0,1.0,0.0,0.0,39.0,1.0,0.0,0.0,1.0,0.0,0.0,0.0,0.0,0.0,0.0,0.0,0.0,0.0,39,,,39.0,0.0,0.0,4.0,4.0,0.0,0.0,1.0,0.0,0.0,0.0,0.0,0.0,0.7335478352566341,1
2025_05_DEN_PHI,2025,REG,5,2025-10-05,Sunday,13:00,DEN,21.0,PHI,17.0,Home,-4.0,38.0,0.0,2025100506,59914.0,,202510050phi,28489,401772745,6805,6,7,180.0,-218.0,3.5,-105.0,-115.0,44.5,-115.0,-105.0,0,outdoors,grass,80.0,6.0,00-0039732,00-0036389,Bo Nix,Jalen Hurts,Sean Payton,Nick Sirianni,Adrian Hill,PHI00,Lincoln Financial Field,PHI,DEN,True,REG,DEN,23.0,38.0,280.0,2.0,0.0,6.0,-23.0,0.0,0.0,416.0,117.0,11.0,0.5049775303469999,-2.2626442683709636,0.0,11.0,45.0,0.0,0.0,0.0,2.0,-0.3342715204344131,0.0,23.0,37.0,280.0,2.0,0.0,0.0,416.0,117.0,11.0,8.996224171320259,0.0,0.0,45.0,2.0,30.0,5.0,22.0,0.0,2.0,14.0,8.0,0.0,0.0,2.0,0.0,0.0,0.0,0.0,0.0,0.0,0.0,0.0,0.0,9.0,55.0,5.0,1.0,15.0,5.0,130.0,1.0,1.0,0.0,0.0,31.0,1.0,0.0,0.0,1.0,0.0,0.0,0.0,0.0,0.0,0.0,0.0,0.0,0.0,31,,,31.0,0.0,0.0,2.0,2.0,0.0,0.0,1.0,0.0,0.0,0.0,0.0,0.0,0.07384628773067,0
2025_06_PHI_NYG,2025,REG,6,2025-10-09,Thursday,20:15,PHI,17.0,NYG,34.0,Home,17.0,51.0,0.0,2025100900,59921.0,,202510090nyg,28496,401772940,6812,4,4,-395.0,310.0,-7.0,-120.0,100.0,40.5,-105.0,-115.0,1,outdoors,fieldturf,53.0,3.0,00-0036389,00-0040691,Jalen Hurts,Jaxson Dart,Nick Sirianni,Brian Daboll,Clete Blakeman,NYC01,MetLife Stadium,PHI,NYG,False,REG,NYG,24.0,33.0,283.0,1.0,1.0,3.0,-17.0,0.0,0.0,316.0,93.0,14.0,2.1615822567789524,9.212653245776892,0.0,20.0,73.0,1.0,0.0,0.0,5.0,-2.4201052308490034,0.0,24.0,32.0,283.0,1.0,1.0,1.0,316.0,93.0,14.0,2.024240669207525,0.0,0.0,39.0,0.0,36.0,1.0,1.0,0.0,2.0,1.0,3.0,0.0,0.0,4.0,0.0,0.0,0.0,0.0,0.0,0.0,0.0,0.0,0.0,4.0,46.0,5.0,2.0,16.0,5.0,84.0,1.0,1.0,0.0,0.0,42.0,1.0,0.0,0.0,0.0,1.0,0.0,0.0,0.0,0.0,0.0,0.0,0.0,0.0,42,,,42.0,0.0,0.0,2.0,2.0,0.0,0.0,1.0,0.0,0.0,0.0,0.0,0.0,0.1069842296757588,0
2025_07_PHI_MIN,2025,REG,7,2025-10-19,Sunday,13:00,PHI,28.0,MIN,22.0,Home,-6.0,50.0,0.0,2025101904,59941.0,,202510190min,28516,401772862,6832,10,14,-148.0,124.0,-2.5,-110.0,-110.0,43.5,-105.0,-115.0,0,dome,sportturf,,,00-0036389,00-0032950,Jalen Hurts,Carson Wentz,Nick Sirianni,Kevin O'Connell,Bill Vinovich,MIN01,U.S. Bank Stadium,PHI,MIN,False,REG,MIN,19.0,23.0,326.0,3.0,0.0,3.0,-10.0,0.0,0.0,284.0,90.0,9.0,18.90667418378871,17.924261611440908,0.0,23.0,45.0,0.0,0.0,0.0,5.0,-7.184854001140094,0.0,19.0,23.0,326.0,3.0,0.0,0.0,284.0,90.0,9.0,21.526996093103662,0.0,0.0,40.0,2.0,20.0,6.0,23.0,0.0,2.0,15.0,8.0,2.0,42.0,3.0,1.0,0.0,0.0,0.0,0.0,0.0,0.0,0.0,0.0,8.0,64.0,4.0,0.0,0.0,7.0,186.0,0.0,1.0,1.0,0.0,,0.0,0.0,0.0,0.0,0.0,0.0,0.0,0.0,0.0,0.0,1.0,0.0,0.0,,42,,0.0,42.0,0.0,4.0,4.0,0.0,0.0,1.0,0.0,0.0,0.0,0.0,0.0,0.6592873623555237,1
2025_08_NYG_PHI,2025,REG,8,2025-10-26,Sunday,13:00,NYG,20.0,PHI,38.0,Home,18.0,58.0,0.0,2025102606,59958.0,,202510260phi,28533,401772867,6849,7,7,300.0,-380.0,7.0,-102.0,-118.0,43.5,-108.0,-112.0,1,outdoors,grass,60.0,4.0,00-0040691,00-0036389,Jaxson Dart,Jalen Hurts,Brian Daboll,Nick Sirianni,Brad Rogers,PHI00,Lincoln Financial Field,PHI,NYG,True,REG,NYG,15.0,20.0,179.0,4.0,0.0,4.0,-28.0,0.0,0.0,147.0,87.0,10.0,8.026514688373709,9.823632687330246,0.0,33.0,276.0,1.0,0.0,0.0,12.0,12.976867634279188,0.0,15.0,20.0,179.0,4.0,0.0,0.0,147.0,87.0,10.0,13.971651525103653,0.0,0.0,35.0,0.0,14.0,7.0,19.0,0.0,5.0,15.0,6.0,0.0,0.0,4.0,0.0,0.0,0.0,0.0,0.0,0.0,0.0,0.0,0.0,5.0,30.0,1.0,1.0,17.0,3.0,99.0,1.0,2.0,1.0,0.0,40.0,0.5,0.0,0.0,0.0,1.0,0.0,0.0,0.0,0.0,0.0,0.0,1.0,0.0,40,58,,40.0,58.0,0.0,5.0,5.0,0.0,0.0,1.0,0.0,0.0,0.0,0.0,0.0,0.9973209130634344,1
2025_10_PHI_GB,2025,REG,10,2025-11-10,Monday,20:15,PHI,10.0,GB,7.0,Home,-3.0,17.0,0.0,2025111000,59991.0,,202511100gnb,28566,401772630,6882,15,8,-110.0,-110.0,1.5,-122.0,102.0,45.5,-108.0,-112.0,0,outdoors,grass,33.0,9.0,00-0036389,00-0036264,Jalen Hurts,Jordan Love,Nick Sirianni,Matt LaFleur,Clay Martin,GNB00,Lambeau Field,PHI,GB,False,REG,GB,15.0,26.0,183.0,1.0,0.0,0.0,0.0,0.0,0.0,229.0,92.0,8.0,8.49402574551641,-0.7928240558375483,0.0,34.0,111.0,0.0,1.0,1.0,4.0,-13.186782399947447,0.0,15.0,23.0,183.0,1.0,0.0,0.0,229.0,92.0,8.0,9.43892930066795,0.0,0.0,39.0,2.0,26.0,5.0,29.0,2.0,3.0,19.0,8.0,0.0,0.0,5.0,0.0,0.0,0.0,0.0,0.0,0.0,2.0,2.0,0.0,7.0,61.0,3.0,2.0,31.0,2.0,51.0,1.0,1.0,0.0,0.0,39.0,1.0,0.0,0.0,1.0,0.0,0.0,0.0,0.0,0.0,0.0,0.0,0.0,0.0,39,,,39.0,0.0,0.0,1.0,1.0,0.0,0.0,1.0,0.0,0.0,0.0,0.0,0.0,0.2762938865173645,1
2025_11_DET_PHI,2025,REG,11,2025-11-16,Sunday,20:20,DET,9.0,PHI,16.0,Home,7.0,25.0,0.0,2025111612,60005.0,,202511160phi,28581,401772928,6896,7,6,130.0,-155.0,2.5,-102.0,-118.0,46.5,-108.0,-112.0,0,outdoors,grass,45.0,15.0,00-0033106,00-0036389,Jared Goff,Jalen Hurts,Dan Campbell,Nick Sirianni,Alex Kemp,PHI00,Lincoln Financial Field,PHI,DET,True,REG,DET,14.0,28.0,135.0,0.0,0.0,1.0,-11.0,0.0,0.0,362.0,40.0,6.0,-8.38929800431808,-9.799184732966953,0.0,40.0,148.0,1.0,1.0,0.0,9.0,-8.129248097393429,0.0,14.0,27.0,135.0,0.0,0.0,0.0,362.0,40.0,6.0,-5.241583880606159,0.0,0.0,30.0,0.0,22.0,3.0,13.0,0.0,2.0,12.0,7.0,1.0,21.0,10.0,0.0,2.0,0.0,0.0,1.0,2.0,0.0,0.0,0.0,9.0,78.0,4.0,1.0,0.0,1.0,22.0,3.0,3.0,0.0,0.0,49.0,1.0,0.0,1.0,1.0,1.0,0.0,0.0,0.0,0.0,0.0,0.0,0.0,0.0,27;34;49,,,110.0,0.0,0.0,1.0,1.0,0.0,0.0,1.0,0.0,0.0,0.0,0.0,0.0,0.7722693660833844,1
2025_12_PHI_DAL,2025,REG,12,2025-11-23,Sunday,16:25,PHI,21.0,DAL,24.0,Home,3.0,45.0,0.0,2025112309,60017.0,,202511230dal,28592,401772890,6908,7,6,-162.0,136.0,-3.0,-105.0,-115.0,47.5,100.0,-120.0,1,closed,matrixturf,,,00-0036389,00-0033077,Jalen Hurts,Dak Prescott,Nick Sirianni,Brian Schottenheimer,Bill Vinovich,DAL00,AT&T Stadium,PHI,DAL,False,REG,DAL,27.0,39.0,289.0,1.0,0.0,1.0,-13.0,0.0,0.0,293.0,134.0,14.0,8.190091875261315,6.52964860200882,0.0,18.0,63.0,2.0,0.0,0.0,4.0,-0.8006968189729378,0.0,27.0,36.0,289.0,1.0,1.0,1.0,293.0,134.0,14.0,8.851214288846277,0.0,0.0,36.0,0.0,34.0,2.0,10.0,1.0,1.0,6.0,6.0,1.0,0.0,4.0,0.0,1.0,0.0,0.0,0.0,0.0,1.0,1.0,0.0,14.0,96.0,4.0,2.0,19.0,4.0,106.0,0.0,1.0,1.0,0.0,,0.0,0.0,0.0,0.0,0.0,0.0,0.0,0.0,0.0,0.0,0.0,1.0,0.0,,56,,0.0,56.0,0.0,3.0,3.0,0.0,0.0,1.0,0.0,0.0,0.0,0.0,0.0,0.3585622340048454,0
2025_13_CHI_PHI,2025,REG,13,2025-11-28,Friday,15:00,CHI,24.0,PHI,15.0,Home,-9.0,39.0,0.0,2025112800,60024.0,,202511280phi,28599,401772621,6915,5,5,270.0,-340.0,7.0,-105.0,-115.0,43.5,-115.0,-105.0,0,outdoors,grass,42.0,18.0,00-0039918,00-0036389,Caleb Williams,Jalen Hurts,Ben Johnson,Nick Sirianni,Carl Cheffers,PHI00,Lincoln Financial Field,PHI,CHI,True,REG,CHI,19.0,34.0,230.0,2.0,1.0,0.0,0.0,0.0,0.0,334.0,55.0,11.0,2.19848314169032,0.5673018097877502,0.0,17.0,87.0,0.0,1.0,1.0,2.0,-4.337462017865619,0.0,19.0,30.0,230.0,2.0,0.0,0.0,334.0,55.0,11.0,4.5268021138276495,0.0,0.0,44.0,1.0,39.0,2.0,13.0,0.0,2.0,10.0,6.0,1.0,11.0,7.0,0.0,1.0,0.0,0.0,1.0,1.0,0.0,0.0,0.0,7.0,44.0,3.0,1.0,9.0,3.0,69.0,1.0,2.0,1.0,0.0,44.0,0.5,0.0,0.0,0.0,1.0,0.0,0.0,0.0,0.0,0.0,0.0,1.0,0.0,44,52,,44.0,52.0,0.0,0.0,1.0,1.0,0.0,0.0,0.0,0.0,0.0,0.0,0.0,0.1567593860270885,0
2025_14_PHI_LAC,2025,REG,14,2025-12-08,Monday,20:15,PHI,,LAC,,Home,,,,2025120800,,,202512080sdg,28625,401772822,6941,10,8,-148.0,124.0,-2.5,-115.0,-105.0,41.5,-118.0,-102.0,0,dome,matrixturf,,,00-0036389,00-0036355,Jalen Hurts,Justin Herbert,Nick Sirianni,Jim Harbaugh,,LAX01,SoFi Stadium,PHI,LAC,False,,,,,,,,,,,,,,,,,,,,,,,,,,,,,,,,,,,,,,,,,,,,,,,,,,,,,,,,,,,,,,,,,,,,,,,,,,,,,,,,,,,,,,,,,,,,,,,,,,,,0.0182607965715682,0
2025_15_LV_PHI,2025,REG,15,2025-12-14,Sunday,13:00,LV,,PHI,,Home,,,,2025121407,,,202512140phi,28634,401772906,6950,7,6,625.0,-950.0,12.5,-110.0,-110.0,40.5,-110.0,-110.0,0,outdoors,grass,,,,,,,Pete Carroll,Nick Sirianni,,PHI00,Lincoln Financial Field,PHI,LV,True,,,,,,,,,,,,,,,,,,,,,,,,,,,,,,,,,,,,,,,,,,,,,,,,,,,,,,,,,,,,,,,,,,,,,,,,,,,,,,,,,,,,,,,,,,,,,,,,,,,,0.0165731397877506,0
2025_16_PHI_WAS,2025,REG,16,2025-12-19,Friday,13:00,PHI,,WAS,,Home,,,,2025121901,,,202512190was,28644,401772612,6960,5,5,,,,,,,,,1,outdoors,grass,,,,,,,Nick Sirianni,Dan Quinn,,WAS00,FedExField,PHI,WAS,False,,,,,,,,,,,,,,,,,,,,,,,,,,,,,,,,,,,,,,,,,,,,,,,,,,,,,,,,,,,,,,,,,,,,,,,,,,,,,,,,,,,,,,,,,,,,,,,,,,,,0.0182607965715682,0
2025_17_PHI_BUF,2025,REG,17,2025-12-28,Sunday,16:25,PHI,,BUF,,Home,,,,2025122805,,,202512280buf,28671,401772917,6987,9,7,,,,,,,,,0,outdoors,a_turf,,,,,,,Nick Sirianni,Sean McDermott,,BUF00,New Era Field,PHI,BUF,False,,,,,,,,,,,,,,,,,,,,,,,,,,,,,,,,,,,,,,,,,,,,,,,,,,,,,,,,,,,,,,,,,,,,,,,,,,,,,,,,,,,,,,,,,,,,,,,,,,,,0.0182607965715682,0
2025_18_WAS_PHI,2025,REG,18,2026-01-04,Sunday,13:00,WAS,,PHI,,Home,,,,2025010412,,,202501040phi,28685,401772959,7002,6,6,,,,,,,,,1,outdoors,grass,,,,,,,Dan Quinn,Nick Sirianni,,PHI00,Lincoln Financial Field,PHI,WAS,True,,,,,,,,,,,,,,,,,,,,,,,,,,,,,,,,,,,,,,,,,,,,,,,,,,,,,,,,,,,,,,,,,,,,,,,,,,,,,,,,,,,,,,,,,,,,,,,,,,,,0.0165731397877506,0
2025_01_PIT_NYJ,2025,REG,1,2025-09-07,Sunday,13:00,PIT,34.0,NYJ,32.0,Home,-2.0,66.0,0.0,2025090706,59851.0,,202509070nyj,28426,401772721,6742,7,7,-155.0,130.0,-3.0,-110.0,-110.0,37.5,-108.0,-112.0,0,outdoors,fieldturf,67.0,3.0,00-0023459,00-0036945,Aaron Rodgers,Justin Fields,Mike Tomlin,Aaron Glenn,Bill Vinovich,NYC01,MetLife Stadium,PIT,NYJ,False,REG,NYJ,22.0,30.0,244.0,4.0,0.0,4.0,-26.0,0.0,0.0,139.0,173.0,14.0,10.20475524963341,6.350380901632638,0.0,20.0,53.0,0.0,1.0,0.0,2.0,-3.0508692141156644,0.0,22.0,29.0,244.0,4.0,0.0,0.0,139.0,173.0,14.0,16.357469686740032,0.0,0.0,45.0,5.0,25.0,6.0,20.0,1.0,1.0,6.0,6.0,0.0,0.0,4.0,0.0,0.0,0.0,0.0,2.0,2.0,1.0,1.0,0.0,4.0,26.0,4.0,0.0,0.0,6.0,165.0,2.0,2.0,0.0,0.0,60.0,1.0,0.0,0.0,0.0,0.0,1.0,1.0,0.0,0.0,0.0,0.0,0.0,0.0,56;60,,,116.0,0.0,0.0,4.0,4.0,0.0,0.0,1.0,0.0,0.0,0.0,0.0,0.0,0.6915045466795303,1
2025_02_SEA_PIT,2025,REG,2,2025-09-14,Sunday,13:00,SEA,31.0,PIT,17.0,Home,-14.0,48.0,0.0,2025091407,59867.0,,202509140pit,28442,401772836,6758,7,7,160.0,-192.0,3.5,-110.0,-110.0,40.5,-108.0,-112.0,0,outdoors,grass,79.0,5.0,00-0034869,00-0023459,Sam Darnold,Aaron Rodgers,Mike Macdonald,Mike Tomlin,Scott Novak,PIT00,Acrisure Stadium,PIT,SEA,True,REG,SEA,20.0,35.0,215.0,1.0,2.0,3.0,-20.0,0.0,0.0,186.0,147.0,6.0,-7.798906615701059,-4.566772041782256,1.0,21.0,72.0,0.0,0.0,0.0,6.0,-4.128408530410377,0.0,20.0,31.0,215.0,1.0,0.0,0.0,186.0,147.0,6.0,-1.7183725719792042,1.0,0.0,44.0,3.0,25.0,6.0,28.0,0.0,2.0,17.0,8.0,2.0,43.0,6.0,0.0,0.0,0.0,0.0,0.0,0.0,0.0,0.0,0.0,2.0,15.0,3.0,0.0,0.0,4.0,78.0,3.0,3.0,0.0,0.0,48.0,1.0,0.0,0.0,0.0,3.0,0.0,0.0,0.0,0.0,0.0,0.0,0.0,0.0,48;48;45,,,141.0,0.0,0.0,0.0,0.0,0.0,0.0,,0.0,0.0,0.0,0.0,0.0,0.1940102501694204,0
2025_03_PIT_NE,2025,REG,3,2025-09-21,Sunday,13:00,PIT,21.0,NE,14.0,Home,-7.0,35.0,0.0,2025092104,59880.0,,202509210nwe,28456,401772732,6771,7,7,-120.0,100.0,-1.5,-105.0,-115.0,44.5,-112.0,-108.0,0,outdoors,fieldturf,66.0,5.0,00-0023459,00-0039851,Aaron Rodgers,Drake Maye,Mike Tomlin,Mike Vrabel,Clete Blakeman,BOS00,Gillette Stadium,PIT,NE,False,REG,NE,16.0,23.0,139.0,2.0,1.0,0.0,0.0,0.0,0.0,114.0,107.0,6.0,0.19340494932839647,4.534721103581515,0.0,26.0,64.0,1.0,0.0,0.0,7.0,-2.5897415331273805,0.0,16.0,22.0,139.0,2.0,1.0,0.0,114.0,107.0,6.0,0.7168290939298458,0.0,0.0,49.0,0.0,34.0,6.0,21.0,4.0,5.0,18.0,8.0,1.0,0.0,5.0,0.0,0.0,0.0,0.0,0.0,0.0,4.0,4.0,0.0,8.0,59.0,3.0,0.0,0.0,1.0,27.0,0.0,0.0,0.0,0.0,,,0.0,0.0,0.0,0.0,0.0,0.0,0.0,0.0,0.0,0.0,0.0,0.0,,,,0.0,0.0,0.0,3.0,3.0,0.0,0.0,1.0,0.0,0.0,0.0,0.0,0.0,0.6241540070846405,1
2025_04_MIN_PIT,2025,REG,4,2025-09-28,Sunday,09:30,MIN,21.0,PIT,24.0,Neutral,3.0,45.0,0.0,2025092800,59892.0,,202509280pit,28467,401772632,6783,7,7,-148.0,124.0,-2.5,-125.0,105.0,41.5,-115.0,-105.0,0,outdoors,grass,61.0,5.0,00-0032950,00-0023459,Carson Wentz,Aaron Rodgers,Kevin O'Connell,Mike Tomlin,Brad Allen,PIT00,Acrisure Stadium,PIT,MIN,True,REG,MIN,18.0,22.0,200.0,1.0,0.0,2.0,-18.0,0.0,0.0,73.0,146.0,6.0,3.799732759834968,9.5908369530331,0.0,29.0,131.0,2.0,1.0,0.0,11.0,4.948146642709617,0.0,18.0,22.0,200.0,1.0,0.0,0.0,73.0,146.0,6.0,6.915883548215732,0.0,0.0,47.0,0.0,28.0,10.0,43.0,2.0,6.0,48.0,14.0,2.0,9.0,8.0,0.0,0.0,0.0,0.0,1.0,1.0,0.0,0.0,0.0,5.0,35.0,4.0,2.0,9.0,4.0,100.0,1.0,2.0,0.0,1.0,33.0,0.5,0.0,0.0,1.0,0.0,0.0,0.0,0.0,0.0,0.0,0.0,0.0,0.0,33,,30,33.0,0.0,30.0,3.0,3.0,0.0,0.0,1.0,0.0,0.0,0.0,0.0,0.0,0.9822253760269892,1
2025_06_CLE_PIT,2025,REG,6,2025-10-12,Sunday,13:00,CLE,9.0,PIT,23.0,Home,14.0,32.0,0.0,2025101206,59928.0,,202510120pit,28503,401772748,6819,7,14,225.0,-278.0,5.5,100.0,-120.0,37.5,100.0,-120.0,1,outdoors,grass,64.0,8.0,00-0040704,00-0023459,Dillon Gabriel,Aaron Rodgers,Kevin Stefanski,Mike Tomlin,Ron Torbert,PIT00,Acrisure Stadium,PIT,CLE,True,REG,CLE,21.0,30.0,235.0,2.0,0.0,0.0,0.0,0.0,0.0,223.0,132.0,11.0,9.599199736872942,8.184740769452063,0.0,28.0,100.0,0.0,0.0,0.0,7.0,-2.440723583976448,0.0,21.0,29.0,235.0,2.0,1.0,0.0,223.0,132.0,11.0,10.078600338576615,0.0,0.0,36.0,0.0,46.0,6.0,32.0,0.0,6.0,38.0,17.0,0.0,0.0,8.0,0.0,0.0,0.0,0.0,0.0,0.0,0.0,0.0,0.0,10.0,59.0,5.0,3.0,30.0,3.0,74.0,3.0,4.0,1.0,0.0,50.0,0.75,0.0,0.0,0.0,2.0,1.0,0.0,0.0,0.0,0.0,0.0,1.0,0.0,44;50;48,54,,142.0,54.0,0.0,2.0,2.0,0.0,0.0,1.0,0.0,0.0,0.0,0.0,0.0,0.9480828139923908,1
2025_07_PIT_CIN,2025,REG,7,2025-10-16,Thursday,20:15,PIT,31.0,CIN,33.0,Home,2.0,64.0,0.0,2025101600,59936.0,,202510160cin,28511,401772941,6827,4,4,-245.0,200.0,-5.5,-105.0,-115.0,45.5,-115.0,-105.0,1,outdoors,fieldturf,60.0,5.0,00-0023459,00-0026158,Aaron Rodgers,Joe Flacco,Mike Tomlin,Zac Taylor,Clay Martin,CIN00,Paycor Stadium,PIT,CIN,False,REG,CIN,23.0,34.0,249.0,4.0,2.0,0.0,0.0,0.0,0.0,309.0,143.0,12.0,13.311911904311273,4.880153861912814,0.0,20.0,147.0,0.0,0.0,0.0,7.0,6.391976104408968,0.0,23.0,33.0,249.0,4.0,0.0,0.0,309.0,143.0,12.0,13.432846577838063,0.0,0.0,44.0,0.0,26.0,3.0,14.0,0.0,2.0,14.0,6.0,0.0,0.0,6.0,0.0,0.0,0.0,0.0,0.0,0.0,0.0,0.0,0.0,7.0,59.0,5.0,2.0,27.0,6.0,179.0,1.0,1.0,0.0,0.0,41.0,1.0,0.0,0.0,0.0,1.0,0.0,0.0,0.0,0.0,0.0,0.0,0.0,0.0,41,,,41.0,0.0,0.0,4.0,4.0,0.0,0.0,1.0,0.0,0.0,0.0,0.0,0.0,0.542106878146121,0
2025_08_GB_PIT,2025,REG,8,2025-10-26,Sunday,20:20,GB,35.0,PIT,25.0,Home,-10.0,60.0,0.0,2025102610,59962.0,,202510260pit,28537,401772925,6853,7,10,-155.0,130.0,-3.0,100.0,-120.0,46.5,-115.0,-105.0,0,outdoors,grass,46.0,5.0,00-0036264,00-0023459,Jordan Love,Aaron Rodgers,Matt LaFleur,Mike Tomlin,Shawn Hochuli,PIT00,Acrisure Stadium,PIT,GB,True,REG,GB,24.0,36.0,219.0,2.0,0.0,3.0,-17.0,0.0,0.0,240.0,88.0,10.0,-4.052352931075593,4.962281417101622,0.0,18.0,93.0,0.0,0.0,0.0,5.0,-1.2507741656445432,0.0,24.0,32.0,219.0,2.0,1.0,1.0,240.0,88.0,10.0,-0.6927380332029186,0.0,0.0,41.0,0.0,32.0,1.0,1.0,1.0,0.0,0.0,5.0,0.0,0.0,1.0,0.0,0.0,0.0,0.0,0.0,0.0,0.0,0.0,0.0,6.0,65.0,3.0,2.0,21.0,6.0,123.0,4.0,4.0,0.0,0.0,56.0,1.0,0.0,0.0,0.0,1.0,3.0,0.0,0.0,0.0,0.0,0.0,0.0,0.0,56;50;48;56,,,210.0,0.0,0.0,1.0,1.0,0.0,0.0,1.0,0.0,0.0,0.0,0.0,0.0,0.3956427077978711,0
2025_09_IND_PIT,2025,REG,9,2025-11-02,Sunday,13:00,IND,20.0,PIT,27.0,Home,7.0,47.0,0.0,2025110206,59971.0,,202511020pit,28546,401772766,6862,7,7,-185.0,154.0,-3.5,100.0,-120.0,51.5,-105.0,-115.0,0,outdoors,grass,56.0,2.0,00-0035710,00-0023459,Daniel Jones,Aaron Rodgers,Shane Steichen,Mike Tomlin,Craig Wrolstad,PIT00,Acrisure Stadium,PIT,IND,True,REG,IND,25.0,35.0,203.0,1.0,0.0,3.0,-16.0,0.0,0.0,103.0,148.0,10.0,0.010954169245992684,-2.64782224382673,0.0,23.0,38.0,2.0,0.0,0.0,5.0,-3.5235877585364506,0.0,25.0,35.0,203.0,1.0,1.0,1.0,103.0,148.0,10.0,0.06339706810339996,0.0,0.0,40.0,2.0,32.0,5.0,30.0,3.0,5.0,29.0,6.0,3.0,21.0,13.0,0.0,0.0,0.0,0.0,0.0,0.0,3.0,3.0,0.0,8.0,46.0,3.0,2.0,23.0,3.0,74.0,2.0,2.0,0.0,0.0,46.0,1.0,0.0,1.0,0.0,1.0,0.0,0.0,0.0,0.0,0.0,0.0,0.0,0.0,25;46,,,71.0,0.0,0.0,3.0,3.0,0.0,0.0,1.0,0.0,0.0,0.0,0.0,0.0,0.9761109767422156,1
2025_10_PIT_LAC,2025,REG,10,2025-11-09,Sunday,20:20,PIT,10.0,LAC,25.0,Home,15.0,35.0,0.0,2025110911,59990.0,,202511090sdg,28565,401772927,6881,7,7,136.0,-162.0,3.0,-118.0,-102.0,45.5,-115.0,-105.0,0,dome,matrixturf,,,00-0023459,00-0036355,Aaron Rodgers,Justin Herbert,Mike Tomlin,Jim Harbaugh,Brad Rogers,LAX01,SoFi Stadium,PIT,LAC,False,REG,LAC,16.0,31.0,161.0,1.0,2.0,3.0,-13.0,1.0,0.0,251.0,114.0,6.0,-18.09004052675284,-10.830245379890714,0.0,16.0,73.0,0.0,0.0,0.0,4.0,-0.740225144312717,0.0,16.0,28.0,161.0,1.0,0.0,0.0,251.0,114.0,6.0,-12.306086709424402,0.0,0.0,36.0,0.0,46.0,11.0,33.0,0.0,5.0,21.0,9.0,0.0,0.0,5.0,0.0,1.0,0.0,0.0,1.0,1.0,0.0,0.0,0.0,4.0,29.0,4.0,2.0,11.0,3.0,84.0,1.0,2.0,1.0,0.0,59.0,0.5,0.0,0.0,0.0,0.0,1.0,0.0,0.0,0.0,0.0,1.0,0.0,0.0,59,45,,59.0,45.0,0.0,1.0,1.0,0.0,0.0,1.0,0.0,0.0,0.0,0.0,0.0,0.0878084180317467,0
2025_11_CIN_PIT,2025,REG,11,2025-11-16,Sunday,13:00,CIN,12.0,PIT,34.0,Home,22.0,46.0,0.0,2025111606,59999.0,,202511160pit,28575,401772774,6890,14,7,205.0,-250.0,5.5,-108.0,-112.0,48.5,-110.0,-110.0,1,outdoors,grass,46.0,17.0,00-0026158,00-0023459,Joe Flacco,Aaron Rodgers,Zac Taylor,Mike Tomlin,Bill Vinovich,PIT00,Acrisure Stadium,PIT,CIN,True,REG,CIN,21.0,31.0,243.0,2.0,0.0,1.0,-11.0,0.0,0.0,133.0,225.0,13.0,11.96037800567234,0.5320483240587958,0.0,28.0,111.0,0.0,0.0,0.0,7.0,-0.20317181741120294,0.0,21.0,29.0,243.0,2.0,0.0,0.0,133.0,225.0,13.0,16.24194268371124,0.0,0.0,31.0,2.0,38.0,2.0,8.0,1.0,1.0,7.0,3.0,1.0,73.0,8.0,1.0,0.0,0.0,0.0,0.0,0.0,1.0,1.0,1.0,8.0,76.0,5.0,2.0,15.0,3.0,64.0,2.0,2.0,0.0,0.0,30.0,1.0,0.0,1.0,1.0,0.0,0.0,0.0,0.0,0.0,0.0,0.0,0.0,0.0,25;30,,,55.0,0.0,0.0,4.0,4.0,0.0,0.0,1.0,0.0,0.0,0.0,0.0,0.0,0.8222962910690157,1
2025_12_PIT_CHI,2025,REG,12,2025-11-23,Sunday,13:00,PIT,28.0,CHI,31.0,Home,3.0,59.0,0.0,2025112301,60009.0,,202511230chi,28584,401772780,6900,7,7,130.0,-155.0,3.0,-115.0,-105.0,46.5,-108.0,-112.0,0,outdoors,grass,51.0,3.0,00-0034771,00-0039918,Mason Rudolph,Caleb Williams,Mike Tomlin,Ben Johnson,John Hussey,CHI98,Soldier Field,PIT,CHI,False,REG,CHI,24.0,31.0,171.0,1.0,1.0,2.0,-12.0,1.0,1.0,196.0,116.0,8.0,-5.817271571839228,8.868385514905375,0.0,36.0,186.0,2.0,0.0,0.0,13.0,5.889781014062464,0.0,24.0,31.0,171.0,1.0,0.0,0.0,196.0,116.0,8.0,0.6474908059462905,0.0,0.0,28.0,1.0,35.0,2.0,14.0,2.0,1.0,10.0,1.0,0.0,0.0,2.0,0.0,0.0,0.0,0.0,0.0,0.0,2.0,2.0,1.0,6.0,41.0,4.0,2.0,24.0,4.0,63.0,0.0,0.0,0.0,0.0,,,0.0,0.0,0.0,0.0,0.0,0.0,0.0,0.0,0.0,0.0,0.0,0.0,,,,0.0,0.0,0.0,4.0,4.0,0.0,0.0,1.0,0.0,0.0,0.0,0.0,0.0,0.5465411366929439,0
2025_13_BUF_PIT,2025,REG,13,2025-11-30,Sunday,16:25,BUF,26.0,PIT,7.0,Home,-19.0,33.0,0.0,2025113009,60034.0,,202511300pit,28609,401772789,6925,10,7,-166.0,140.0,-3.0,-115.0,-105.0,44.5,-112.0,-108.0,0,outdoors,grass,34.0,16.0,00-0034857,00-0023459,Josh Allen,Aaron Rodgers,Sean McDermott,Mike Tomlin,Alex Kemp,PIT00,Acrisure Stadium,PIT,BUF,True,REG,BUF,10.0,24.0,117.0,0.0,1.0,1.0,-9.0,1.0,1.0,121.0,97.0,4.0,-11.867266053333879,-26.582244986837562,0.0,18.0,58.0,1.0,0.0,0.0,6.0,-6.375447580474429,0.0,10.0,22.0,117.0,0.0,0.0,0.0,121.0,97.0,4.0,-2.446367966593243,0.0,0.0,40.0,2.0,50.0,4.0,13.0,2.0,0.0,0.0,1.0,1.0,0.0,3.0,0.0,0.0,0.0,0.0,1.0,2.0,1.0,1.0,0.0,5.0,67.0,4.0,1.0,12.0,5.0,115.0,0.0,0.0,0.0,0.0,,,0.0,0.0,0.0,0.0,0.0,0.0,0.0,0.0,0.0,0.0,0.0,0.0,,,,0.0,0.0,0.0,1.0,1.0,0.0,0.0,1.0,0.0,0.0,0.0,0.0,0.0,0.0208704547096383,0
2025_14_PIT_BAL,2025,REG,14,2025-12-07,Sunday,13:00,PIT,,BAL,,Home,,,,2025120701,,,202512070rav,28614,401772791,6930,7,10,220.0,-270.0,5.5,-105.0,-115.0,42.5,-108.0,-112.0,1,outdoors,grass,,,00-0023459,00-0034796,Aaron Rodgers,Lamar Jackson,Mike Tomlin,John Harbaugh,,BAL00,M&T Bank Stadium,PIT,BAL,False,,,,,,,,,,,,,,,,,,,,,,,,,,,,,,,,,,,,,,,,,,,,,,,,,,,,,,,,,,,,,,,,,,,,,,,,,,,,,,,,,,,,,,,,,,,,,,,,,,,,0.0182607965715682,0
2025_15_MIA_PIT,2025,REG,15,2025-12-15,Monday,20:15,MIA,,PIT,,Home,,,,2025121500,,,202512150pit,28641,401772823,6957,8,8,140.0,-166.0,3.0,-112.0,-108.0,43.5,-115.0,-105.0,0,outdoors,grass,,,,,,,Mike McDaniel,Mike Tomlin,,PIT00,Acrisure Stadium,PIT,MIA,True,,,,,,,,,,,,,,,,,,,,,,,,,,,,,,,,,,,,,,,,,,,,,,,,,,,,,,,,,,,,,,,,,,,,,,,,,,,,,,,,,,,,,,,,,,,,,,,,,,,,0.0165731397877506,0
2025_16_PIT_DET,2025,REG,16,2025-12-21,Sunday,16:25,PIT,,DET,,Home,,,,2025122109,,,202512210det,28654,401772806,6970,6,7,,,,,,,,,0,dome,fieldturf,,,,,,,Mike Tomlin,Dan Campbell,,DET00,Ford Field,PIT,DET,False,,,,,,,,,,,,,,,,,,,,,,,,,,,,,,,,,,,,,,,,,,,,,,,,,,,,,,,,,,,,,,,,,,,,,,,,,,,,,,,,,,,,,,,,,,,,,,,,,,,,0.0182607965715682,0
2025_17_PIT_CLE,2025,REG,17,2025-12-28,Sunday,13:00,PIT,,CLE,,Home,,,,2025122800,,,202512280cle,28666,401772807,6979,7,7,,,,,,,,,1,outdoors,grass,,,,,,,Mike Tomlin,Kevin Stefanski,,CLE00,FirstEnergy Stadium,PIT,CLE,False,,,,,,,,,,,,,,,,,,,,,,,,,,,,,,,,,,,,,,,,,,,,,,,,,,,,,,,,,,,,,,,,,,,,,,,,,,,,,,,,,,,,,,,,,,,,,,,,,,,,0.0182607965715682,0
2025_18_BAL_PIT,2025,REG,18,2026-01-04,Sunday,13:00,BAL,,PIT,,Home,,,,2025010413,,,202501040pit,28686,401772960,7003,10,10,,,,,,,,,1,outdoors,grass,,,,,,,John Harbaugh,Mike Tomlin,,PIT00,Acrisure Stadium,PIT,BAL,True,,,,,,,,,,,,,,,,,,,,,,,,,,,,,,,,,,,,,,,,,,,,,,,,,,,,,,,,,,,,,,,,,,,,,,,,,,,,,,,,,,,,,,,,,,,,,,,,,,,,0.0165731397877506,0
2025_01_SF_SEA,2025,REG,1,2025-09-07,Sunday,16:05,SF,17.0,SEA,13.0,Home,-4.0,30.0,0.0,2025090709,59854.0,,202509070sea,28429,401772831,6745,7,7,-135.0,114.0,-2.5,-105.0,-115.0,43.5,-112.0,-108.0,1,outdoors,fieldturf,67.0,6.0,00-0037834,00-0034869,Brock Purdy,Sam Darnold,Kyle Shanahan,Mike Macdonald,Shawn Hochuli,SEA00,Lumen Field,SEA,SF,True,REG,SF,16.0,23.0,150.0,0.0,0.0,1.0,-4.0,1.0,1.0,197.0,47.0,7.0,-6.831034911036733,7.339647954160517,0.0,26.0,84.0,1.0,0.0,0.0,6.0,-2.973436875258346,0.0,16.0,22.0,150.0,0.0,2.0,1.0,197.0,47.0,7.0,-5.419835606412272,0.0,0.0,43.0,4.0,38.0,7.0,22.0,0.0,1.0,12.0,8.0,2.0,7.0,4.0,0.0,0.0,0.0,8.0,0.0,0.0,0.0,0.0,0.0,4.0,30.0,5.0,1.0,12.0,2.0,59.0,2.0,2.0,0.0,0.0,48.0,1.0,0.0,0.0,1.0,1.0,0.0,0.0,0.0,0.0,0.0,0.0,0.0,0.0,48;37,,,85.0,0.0,0.0,1.0,1.0,0.0,0.0,1.0,0.0,0.0,0.0,0.0,0.0,0.405651809772761,0
2025_02_SEA_PIT,2025,REG,2,2025-09-14,Sunday,13:00,SEA,31.0,PIT,17.0,Home,-14.0,48.0,0.0,2025091407,59867.0,,202509140pit,28442,401772836,6758,7,7,160.0,-192.0,3.5,-110.0,-110.0,40.5,-108.0,-112.0,0,outdoors,grass,79.0,5.0,00-0034869,00-0023459,Sam Darnold,Aaron Rodgers,Mike Macdonald,Mike Tomlin,Scott Novak,PIT00,Acrisure Stadium,SEA,PIT,False,REG,PIT,22.0,33.0,295.0,2.0,2.0,2.0,-17.0,0.0,0.0,265.0,130.0,13.0,2.854062096416647,7.034775614738464,0.0,29.0,117.0,1.0,0.0,0.0,8.0,1.8983401061268523,0.0,22.0,30.0,295.0,2.0,0.0,0.0,265.0,130.0,13.0,8.618643854494687,0.0,1.0,35.0,5.0,23.0,2.0,14.0,0.0,3.0,20.0,8.0,2.0,28.0,5.0,0.0,0.0,0.0,0.0,0.0,0.0,0.0,0.0,0.0,2.0,10.0,3.0,2.0,30.0,5.0,133.0,1.0,2.0,1.0,0.0,54.0,0.5,0.0,0.0,0.0,0.0,1.0,0.0,0.0,0.0,1.0,0.0,0.0,0.0,54,36,,54.0,36.0,0.0,4.0,4.0,0.0,0.0,1.0,0.0,0.0,0.0,0.0,0.0,0.9197570488031804,1
2025_03_NO_SEA,2025,REG,3,2025-09-21,Sunday,16:05,NO,13.0,SEA,44.0,Home,31.0,57.0,0.0,2025092110,59886.0,,202509210sea,28462,401772736,6777,7,7,295.0,-375.0,7.5,-115.0,-105.0,41.5,-108.0,-112.0,0,outdoors,fieldturf,63.0,3.0,00-0039376,00-0034869,Spencer Rattler,Sam Darnold,Kellen Moore,Mike Macdonald,Alex Moore,SEA00,Lumen Field,SEA,NO,True,REG,NO,16.0,21.0,233.0,2.0,0.0,0.0,0.0,0.0,0.0,163.0,79.0,11.0,16.074012299435225,19.11948189139366,0.0,33.0,87.0,2.0,1.0,1.0,7.0,-8.591331416158937,0.0,16.0,20.0,233.0,2.0,0.0,0.0,163.0,79.0,11.0,16.809075804444973,0.0,1.0,51.0,2.0,24.0,4.0,13.0,0.0,2.0,13.0,8.0,1.0,0.0,7.0,0.0,0.0,0.0,0.0,0.0,0.0,0.0,0.0,0.0,8.0,70.0,1.0,3.0,114.0,2.0,92.0,3.0,3.0,0.0,0.0,56.0,1.0,0.0,0.0,1.0,1.0,1.0,0.0,0.0,0.0,0.0,0.0,0.0,0.0,56;46;37,,,139.0,0.0,0.0,5.0,5.0,0.0,0.0,1.0,0.0,0.0,0.0,0.0,0.0,0.9881854291211006,1
2025_04_SEA_ARI,2025,REG,4,2025-09-25,Thursday,20:15,SEA,23.0,ARI,20.0,Home,-3.0,43.0,0.0,2025092500,59891.0,,202509250crd,28466,401772938,6782,4,4,-125.0,105.0,-1.5,-110.0,-110.0,43.5,-108.0,-112.0,1,closed,grass,,,00-0034869,00-0035228,Sam Darnold,Kyler Murray,Mike Macdonald,Jonathan Gannon,Alex Kemp,PHO00,State Farm Stadium,SEA,ARI,False,REG,ARI,18.0,26.0,242.0,1.0,0.0,3.0,-13.0,1.0,0.0,237.0,97.0,11.0,9.92136531109626,6.929043804605802,0.0,35.0,155.0,1.0,0.0,0.0,8.0,-6.383653187288553,0.0,18.0,24.0,242.0,1.0,0.0,0.0,237.0,97.0,11.0,14.117827685684269,0.0,0.0,41.0,0.0,26.0,5.0,30.0,0.0,6.0,36.0,7.0,2.0,44.0,8.0,0.0,1.0,0.0,0.0,1.0,1.0,0.0,0.0,0.0,6.0,74.0,5.0,2.0,10.0,4.0,103.0,3.0,4.0,1.0,0.0,52.0,0.75,0.0,0.0,1.0,1.0,1.0,0.0,0.0,0.0,0.0,0.0,1.0,0.0,44;31;52,53,,127.0,53.0,0.0,2.0,2.0,0.0,0.0,1.0,1.0,1.0,0.0,0.0,52.0,0.9910222288534504,1
2025_05_TB_SEA,2025,REG,5,2025-10-05,Sunday,16:05,TB,38.0,SEA,35.0,Home,-3.0,73.0,0.0,2025100508,59916.0,,202510050sea,28490,401772746,6807,7,10,150.0,-180.0,3.5,-115.0,-105.0,44.5,-110.0,-110.0,0,outdoors,fieldturf,61.0,8.0,00-0034855,00-0034869,Baker Mayfield,Sam Darnold,Todd Bowles,Mike Macdonald,Craig Wrolstad,SEA00,Lumen Field,SEA,TB,True,REG,TB,28.0,34.0,341.0,4.0,1.0,0.0,0.0,0.0,0.0,275.0,104.0,18.0,23.413120006202856,16.30231229697957,0.0,20.0,122.0,1.0,1.0,1.0,7.0,-1.5084197649848647,0.0,28.0,34.0,341.0,4.0,0.0,0.0,275.0,104.0,18.0,23.413120006202856,0.0,0.0,39.0,3.0,29.0,6.0,22.0,0.0,1.0,9.0,2.0,0.0,0.0,2.0,0.0,0.0,0.0,0.0,0.0,1.0,0.0,0.0,0.0,7.0,56.0,5.0,0.0,0.0,7.0,196.0,0.0,1.0,1.0,0.0,,0.0,0.0,0.0,0.0,0.0,0.0,0.0,0.0,0.0,0.0,1.0,0.0,0.0,,44,,0.0,44.0,0.0,5.0,5.0,0.0,0.0,1.0,0.0,0.0,0.0,0.0,0.0,0.6940549714633822,0
2025_06_SEA_JAX,2025,REG,6,2025-10-12,Sunday,13:00,SEA,20.0,JAX,12.0,Home,-8.0,32.0,0.0,2025101204,59926.0,,202510120jax,28501,401772857,6817,7,6,-115.0,-105.0,-1.5,100.0,-120.0,47.5,-115.0,-105.0,0,outdoors,grass,76.0,8.0,00-0034869,00-0036971,Sam Darnold,Trevor Lawrence,Mike Macdonald,Liam Coen,Clay Martin,JAX00,TIAA Bank Stadium,SEA,JAX,False,REG,JAX,16.0,27.0,295.0,2.0,0.0,1.0,-9.0,0.0,0.0,361.0,95.0,10.0,10.52449972709388,7.398529102404912,0.0,26.0,60.0,0.0,0.0,0.0,2.0,-13.150013602185885,0.0,16.0,24.0,295.0,2.0,0.0,0.0,361.0,95.0,10.0,14.345827610902289,0.0,0.0,40.0,0.0,34.0,7.0,31.0,0.0,7.0,44.0,17.0,0.0,0.0,2.0,0.0,0.0,0.0,0.0,0.0,0.0,0.0,0.0,0.0,7.0,56.0,4.0,3.0,5.0,2.0,40.0,2.0,2.0,0.0,0.0,53.0,1.0,0.0,1.0,0.0,0.0,1.0,0.0,0.0,0.0,0.0,0.0,0.0,0.0,24;53,,,77.0,0.0,0.0,2.0,2.0,0.0,0.0,1.0,0.0,0.0,0.0,0.0,0.0,0.8980497882217247,1
2025_07_HOU_SEA,2025,REG,7,2025-10-20,Monday,22:00,HOU,19.0,SEA,27.0,Home,8.0,46.0,0.0,2025102001,59950.0,,202510200sea,28525,401772826,6840,15,8,140.0,-166.0,3.0,-110.0,-110.0,41.5,-110.0,-110.0,0,outdoors,fieldturf,56.0,5.0,00-0039163,00-0034869,C.J. Stroud,Sam Darnold,DeMeco Ryans,Mike Macdonald,Carl Cheffers,SEA00,Lumen Field,SEA,HOU,True,REG,HOU,17.0,32.0,213.0,1.0,2.0,2.0,-15.0,1.0,1.0,280.0,80.0,9.0,-10.983927926970681,-4.435563395763266,0.0,33.0,118.0,2.0,0.0,0.0,7.0,-1.1994721797578576,0.0,17.0,29.0,213.0,1.0,1.0,1.0,280.0,80.0,9.0,-5.1829996637906985,0.0,0.0,41.0,4.0,20.0,10.0,45.0,0.0,3.0,31.0,7.0,1.0,23.0,12.0,0.0,0.0,0.0,0.0,0.0,0.0,0.0,0.0,0.0,12.0,93.0,4.0,5.0,67.0,4.0,116.0,2.0,3.0,0.0,1.0,47.0,0.6666666666666666,0.0,1.0,0.0,1.0,0.0,0.0,0.0,0.0,0.0,0.0,0.0,0.0,26;47,,53,73.0,0.0,53.0,3.0,3.0,0.0,0.0,1.0,0.0,0.0,0.0,0.0,0.0,0.784012027297907,1
2025_09_SEA_WAS,2025,REG,9,2025-11-02,Sunday,20:20,SEA,38.0,WAS,14.0,Home,-24.0,52.0,0.0,2025110211,59976.0,,202511020was,28551,401772926,6867,13,6,-148.0,124.0,-2.5,-120.0,100.0,47.5,-115.0,-105.0,0,outdoors,grass,53.0,3.0,00-0034869,00-0039910,Sam Darnold,Jayden Daniels,Mike Macdonald,Dan Quinn,Bill Vinovich,WAS00,FedExField,SEA,WAS,False,REG,WAS,21.0,24.0,330.0,4.0,1.0,0.0,0.0,0.0,0.0,207.0,145.0,13.0,22.447935086084,23.53871576488018,0.0,24.0,88.0,1.0,0.0,0.0,5.0,-0.9239840050577186,0.0,21.0,24.0,330.0,4.0,1.0,0.0,207.0,145.0,13.0,22.447935086084,0.0,0.0,30.0,2.0,56.0,5.0,12.0,1.0,4.0,20.0,7.0,1.0,0.0,3.0,0.0,0.0,0.0,0.0,1.0,1.0,1.0,1.0,0.0,5.0,44.0,4.0,0.0,0.0,3.0,58.0,1.0,1.0,0.0,0.0,41.0,1.0,0.0,0.0,0.0,1.0,0.0,0.0,0.0,0.0,0.0,0.0,0.0,0.0,41,,,41.0,0.0,0.0,5.0,5.0,0.0,0.0,1.0,0.0,0.0,0.0,0.0,0.0,0.9873931716532576,1
2025_10_ARI_SEA,2025,REG,10,2025-11-09,Sunday,16:05,ARI,22.0,SEA,44.0,Home,22.0,66.0,0.0,2025110908,59987.0,,202511090sea,28562,401772773,6878,6,7,270.0,-340.0,7.0,-115.0,-105.0,44.5,-102.0,-118.0,1,outdoors,fieldturf,59.0,5.0,00-0033119,00-0034869,Jacoby Brissett,Sam Darnold,Jonathan Gannon,Mike Macdonald,Alan Eck,SEA00,Lumen Field,SEA,ARI,True,REG,ARI,10.0,12.0,178.0,1.0,1.0,1.0,-4.0,1.0,1.0,128.0,79.0,6.0,4.095139754899237,18.889621645212173,0.0,46.0,198.0,2.0,2.0,1.0,16.0,-0.11511666210400184,0.0,10.0,12.0,178.0,1.0,0.0,0.0,128.0,79.0,6.0,9.158727554451133,0.0,0.0,40.0,1.0,31.0,10.0,54.0,2.0,5.0,52.0,10.0,0.0,0.0,10.0,0.0,0.0,0.0,0.0,2.0,2.0,2.0,2.0,2.0,3.0,20.0,4.0,0.0,0.0,3.0,67.0,3.0,3.0,0.0,0.0,46.0,1.0,0.0,0.0,2.0,1.0,0.0,0.0,0.0,0.0,0.0,0.0,0.0,0.0,46;32;34,,,112.0,0.0,0.0,5.0,5.0,0.0,0.0,1.0,0.0,0.0,0.0,0.0,0.0,0.9983902647533056,1
2025_11_SEA_LA,2025,REG,11,2025-11-16,Sunday,16:05,SEA,19.0,LA,21.0,Home,2.0,40.0,0.0,2025111609,60002.0,,202511160ram,28578,401772884,6893,7,7,145.0,-175.0,3.0,100.0,-120.0,49.5,-105.0,-115.0,1,dome,matrixturf,,,00-0034869,00-0026498,Sam Darnold,Matthew Stafford,Mike Macdonald,Sean McVay,John Hussey,LAX01,SoFi Stadium,SEA,LA,False,REG,LA,29.0,44.0,279.0,0.0,4.0,0.0,0.0,0.0,0.0,342.0,113.0,15.0,-13.136533367589896,0.018557551361265637,0.0,35.0,135.0,1.0,0.0,0.0,9.0,-2.636224651389057,0.0,29.0,42.0,279.0,0.0,1.0,0.0,342.0,113.0,15.0,-11.504567789357829,0.0,0.0,30.0,1.0,23.0,3.0,9.0,1.0,0.0,0.0,3.0,0.0,0.0,4.0,0.0,0.0,0.0,0.0,1.0,1.0,1.0,1.0,0.0,6.0,47.0,5.0,2.0,20.0,0.0,0.0,4.0,5.0,1.0,0.0,57.0,0.8,0.0,2.0,1.0,0.0,1.0,0.0,0.0,0.0,0.0,0.0,0.0,1.0,57;30;22;29,61,,138.0,61.0,0.0,1.0,1.0,0.0,0.0,1.0,0.0,1.0,1.0,0.0,61.0,0.1919733775754673,0
2025_12_SEA_TEN,2025,REG,12,2025-11-23,Sunday,13:00,SEA,30.0,TEN,24.0,Home,-6.0,54.0,0.0,2025112306,60014.0,,202511230oti,28589,401772886,6905,7,7,-950.0,625.0,-12.5,-115.0,-105.0,41.5,-110.0,-110.0,0,outdoors,grass,55.0,1.0,00-0034869,00-0040676,Sam Darnold,Cam Ward,Mike Macdonald,Brian Callahan,Ron Torbert,NAS00,Nissan Stadium,SEA,TEN,False,REG,TEN,16.0,26.0,244.0,2.0,0.0,1.0,-5.0,0.0,0.0,245.0,122.0,9.0,9.42420726075015,2.109574556350708,0.0,20.0,114.0,1.0,0.0,0.0,8.0,2.3655736859946046,0.0,16.0,25.0,244.0,2.0,0.0,0.0,245.0,122.0,9.0,12.667101723059927,0.0,0.0,41.0,0.0,30.0,6.0,33.0,0.0,4.0,24.0,11.0,0.0,0.0,6.0,0.0,0.0,0.0,0.0,0.0,0.0,0.0,0.0,0.0,11.0,69.0,4.0,3.0,40.0,3.0,56.0,3.0,3.0,0.0,0.0,47.0,1.0,0.0,0.0,2.0,1.0,0.0,0.0,0.0,0.0,0.0,0.0,0.0,0.0,47;30;36,,,113.0,0.0,0.0,3.0,3.0,0.0,0.0,1.0,0.0,0.0,0.0,0.0,0.0,0.9708141719305378,1
2025_13_MIN_SEA,2025,REG,13,2025-11-30,Sunday,16:05,MIN,0.0,SEA,26.0,Home,26.0,26.0,0.0,2025113007,60032.0,,202511300sea,28608,401772896,6923,7,7,600.0,-900.0,12.5,-110.0,-110.0,42.5,-110.0,-110.0,0,outdoors,fieldturf,45.0,2.0,00-0040494,00-0034869,Max Brosmer,Sam Darnold,Kevin O'Connell,Mike Macdonald,Clete Blakeman,SEA00,Lumen Field,SEA,MIN,True,REG,MIN,14.0,26.0,128.0,0.0,0.0,4.0,-34.0,2.0,1.0,93.0,110.0,8.0,-8.514976311607233,-15.94495345716891,0.0,32.0,125.0,1.0,0.0,0.0,8.0,-2.513899272540584,0.0,14.0,23.0,128.0,0.0,0.0,0.0,93.0,110.0,8.0,4.702509294229494,0.0,0.0,32.0,2.0,24.0,4.0,27.0,2.0,4.0,30.0,7.0,4.0,121.0,6.0,1.0,1.0,0.0,0.0,1.0,1.0,1.0,1.0,0.0,4.0,25.0,2.0,3.0,43.0,0.0,0.0,4.0,4.0,0.0,0.0,56.0,1.0,0.0,0.0,1.0,1.0,2.0,0.0,0.0,0.0,0.0,0.0,0.0,0.0,33;56;54;40,,,183.0,0.0,0.0,2.0,2.0,0.0,0.0,1.0,0.0,0.0,0.0,0.0,0.0,0.9958065770515668,1
2025_14_SEA_ATL,2025,REG,14,2025-12-07,Sunday,13:00,SEA,,ATL,,Home,,,,2025120700,,,202512070atl,28613,401772900,6929,7,7,-355.0,280.0,-7.0,-105.0,-115.0,44.5,-108.0,-112.0,0,closed,fieldturf,,,00-0034869,00-0029604,Sam Darnold,Kirk Cousins,Mike Macdonald,Raheem Morris,,ATL97,Mercedes-Benz Stadium,SEA,ATL,False,,,,,,,,,,,,,,,,,,,,,,,,,,,,,,,,,,,,,,,,,,,,,,,,,,,,,,,,,,,,,,,,,,,,,,,,,,,,,,,,,,,,,,,,,,,,,,,,,,,,0.0182607965715682,0
2025_15_IND_SEA,2025,REG,15,2025-12-14,Sunday,16:25,IND,,SEA,,Home,,,,2025121411,,,202512140sea,28637,401772799,6954,7,7,154.0,-185.0,3.5,-110.0,-110.0,46.5,-105.0,-115.0,0,outdoors,fieldturf,,,,,,,Shane Steichen,Mike Macdonald,,SEA00,Lumen Field,SEA,IND,True,,,,,,,,,,,,,,,,,,,,,,,,,,,,,,,,,,,,,,,,,,,,,,,,,,,,,,,,,,,,,,,,,,,,,,,,,,,,,,,,,,,,,,,,,,,,,,,,,,,,0.0165731397877506,0
2025_16_LA_SEA,2025,REG,16,2025-12-18,Thursday,20:15,LA,,SEA,,Home,,,,2025121800,,,202512180sea,28642,401772949,6958,4,4,,,,,,,,,1,outdoors,fieldturf,,,,,,,Sean McVay,Mike Macdonald,,SEA00,Lumen Field,SEA,LA,True,,,,,,,,,,,,,,,,,,,,,,,,,,,,,,,,,,,,,,,,,,,,,,,,,,,,,,,,,,,,,,,,,,,,,,,,,,,,,,,,,,,,,,,,,,,,,,,,,,,,0.0165731397877506,0
2025_17_SEA_CAR,2025,REG,17,2025-12-28,Sunday,13:00,SEA,,CAR,,Home,,,,2025122800,,,202512280car,28661,401772952,6977,10,7,,,,,,,,,0,outdoors,grass,,,,,,,Mike Macdonald,Dave Canales,,CAR00,Bank of America Stadium,SEA,CAR,False,,,,,,,,,,,,,,,,,,,,,,,,,,,,,,,,,,,,,,,,,,,,,,,,,,,,,,,,,,,,,,,,,,,,,,,,,,,,,,,,,,,,,,,,,,,,,,,,,,,,0.0182607965715682,0
2025_18_SEA_SF,2025,REG,18,2026-01-04,Sunday,13:00,SEA,,SF,,Home,,,,2025010414,,,202501040sfo,28687,401772961,7004,9,5,,,,,,,,,1,outdoors,grass,,,,,,,Mike Macdonald,Kyle Shanahan,,SFO01,Levi's Stadium,SEA,SF,False,,,,,,,,,,,,,,,,,,,,,,,,,,,,,,,,,,,,,,,,,,,,,,,,,,,,,,,,,,,,,,,,,,,,,,,,,,,,,,,,,,,,,,,,,,,,,,,,,,,,0.0182607965715682,0
2025_01_SF_SEA,2025,REG,1,2025-09-07,Sunday,16:05,SF,17.0,SEA,13.0,Home,-4.0,30.0,0.0,2025090709,59854.0,,202509070sea,28429,401772831,6745,7,7,-135.0,114.0,-2.5,-105.0,-115.0,43.5,-112.0,-108.0,1,outdoors,fieldturf,67.0,6.0,00-0037834,00-0034869,Brock Purdy,Sam Darnold,Kyle Shanahan,Mike Macdonald,Shawn Hochuli,SEA00,Lumen Field,SF,SEA,False,REG,SEA,26.0,35.0,277.0,2.0,2.0,1.0,-12.0,0.0,0.0,260.0,121.0,15.0,13.329884157278123,15.341458162840675,0.0,36.0,119.0,0.0,0.0,0.0,7.0,-5.458840667270124,0.0,26.0,34.0,277.0,2.0,0.0,0.0,260.0,121.0,15.0,16.50143826356578,0.0,0.0,36.0,1.0,19.0,7.0,21.0,2.0,1.0,4.0,2.0,0.0,0.0,3.0,0.0,1.0,0.0,0.0,1.0,1.0,2.0,2.0,0.0,9.0,61.0,2.0,4.0,39.0,2.0,40.0,1.0,3.0,1.0,1.0,32.0,0.3333333333333333,0.0,0.0,1.0,0.0,0.0,0.0,0.0,1.0,0.0,0.0,0.0,0.0,32,27,36,32.0,27.0,36.0,2.0,2.0,0.0,0.0,1.0,0.0,0.0,0.0,0.0,0.0,0.1655867662646332,1
2025_02_SF_NO,2025,REG,2,2025-09-14,Sunday,13:00,SF,26.0,NO,21.0,Home,-5.0,47.0,0.0,2025091405,59865.0,,202509140nor,28440,401772833,6756,7,7,-166.0,140.0,-3.0,-110.0,-110.0,40.5,-105.0,-115.0,0,dome,sportturf,,,00-0036972,00-0039376,Mac Jones,Spencer Rattler,Kyle Shanahan,Kellen Moore,Shawn Smith,NOR00,Mercedes-Benz Superdome,SF,NO,False,REG,NO,26.0,39.0,279.0,3.0,0.0,3.0,-12.0,1.0,1.0,254.0,135.0,15.0,2.688142357473266,-3.6296302550717403,0.0,26.0,77.0,0.0,1.0,0.0,6.0,-3.4588275047717616,0.0,26.0,38.0,279.0,3.0,0.0,0.0,254.0,135.0,15.0,11.621242587475576,0.0,0.0,43.0,3.0,31.0,7.0,35.0,2.0,3.0,21.0,5.0,0.0,0.0,3.0,0.0,0.0,0.0,0.0,1.0,1.0,1.0,1.0,0.0,5.0,40.0,4.0,1.0,1.0,2.0,47.0,2.0,2.0,0.0,0.0,46.0,1.0,0.0,0.0,0.0,2.0,0.0,0.0,0.0,0.0,0.0,0.0,0.0,0.0,44;46,,,90.0,0.0,0.0,2.0,3.0,1.0,0.0,0.6666666666666666,0.0,0.0,0.0,0.0,0.0,0.7050514764132939,1
2025_03_ARI_SF,2025,REG,3,2025-09-21,Sunday,16:25,ARI,15.0,SF,16.0,Home,1.0,31.0,0.0,2025092112,59888.0,,202509210sfo,28464,401772843,6779,7,7,105.0,-125.0,1.5,-112.0,-108.0,44.5,-112.0,-108.0,1,outdoors,grass,72.0,7.0,00-0035228,00-0036972,Kyler Murray,Mac Jones,Jonathan Gannon,Kyle Shanahan,John Hussey,SFO01,Levi's Stadium,SF,ARI,True,REG,ARI,27.0,41.0,284.0,1.0,1.0,1.0,-2.0,0.0,0.0,309.0,101.0,14.0,1.5022151318471164,3.2555606020124337,0.0,20.0,73.0,0.0,0.0,0.0,6.0,-4.746350501456151,0.0,27.0,38.0,284.0,1.0,0.0,0.0,309.0,101.0,14.0,4.468624763881017,0.0,0.0,33.0,1.0,43.0,4.0,8.0,1.0,1.0,5.0,4.0,0.0,0.0,5.0,0.0,0.0,0.0,0.0,0.0,0.0,0.0,0.0,0.0,5.0,69.0,5.0,3.0,26.0,3.0,80.0,3.0,3.0,0.0,0.0,51.0,1.0,0.0,0.0,2.0,0.0,1.0,0.0,0.0,0.0,0.0,0.0,0.0,0.0,38;51;35,,,124.0,0.0,0.0,1.0,1.0,0.0,0.0,1.0,1.0,1.0,0.0,0.0,35.0,0.1587693706204281,1
2025_04_JAX_SF,2025,REG,4,2025-09-28,Sunday,16:05,JAX,26.0,SF,21.0,Home,-5.0,47.0,0.0,2025092809,59901.0,,202509280sfo,28476,401772848,6792,7,7,150.0,-180.0,3.5,-120.0,100.0,45.5,-108.0,-112.0,0,outdoors,grass,72.0,7.0,00-0036971,00-0037834,Trevor Lawrence,Brock Purdy,Liam Coen,Kyle Shanahan,Clete Blakeman,SFO01,Levi's Stadium,SF,JAX,True,REG,JAX,22.0,38.0,309.0,2.0,2.0,1.0,-3.0,1.0,1.0,306.0,138.0,17.0,3.371967635811135,-8.329106665946341,1.0,24.0,83.0,0.0,0.0,0.0,3.0,-2.6413358681020327,0.0,22.0,37.0,309.0,2.0,2.0,1.0,306.0,138.0,17.0,3.5300084534821563,1.0,0.0,38.0,2.0,26.0,6.0,8.0,1.0,0.0,0.0,0.0,0.0,0.0,2.0,0.0,0.0,0.0,0.0,1.0,1.0,0.0,0.0,0.0,5.0,54.0,5.0,1.0,16.0,3.0,80.0,2.0,2.0,0.0,0.0,26.0,1.0,0.0,2.0,0.0,0.0,0.0,0.0,0.0,0.0,0.0,0.0,0.0,0.0,26;23,,,49.0,0.0,0.0,1.0,1.0,0.0,0.0,1.0,0.0,0.0,0.0,0.0,0.0,0.071351256958086,0
2025_05_SF_LA,2025,REG,5,2025-10-02,Thursday,20:15,SF,26.0,LA,23.0,Home,-3.0,49.0,1.0,2025100200,59907.0,,202510020ram,28482,401772939,6798,4,4,340.0,-440.0,8.5,-110.0,-110.0,43.5,-108.0,-112.0,1,dome,matrixturf,,,00-0036972,00-0026498,Mac Jones,Matthew Stafford,Kyle Shanahan,Sean McVay,Bill Vinovich,LAX01,SoFi Stadium,SF,LA,False,REG,LA,33.0,49.0,342.0,2.0,0.0,1.0,-9.0,0.0,0.0,290.0,179.0,19.0,14.00177889080927,-0.9093616157770157,0.0,33.0,74.0,0.0,0.0,0.0,6.0,-3.7546213712597183,0.0,33.0,48.0,342.0,2.0,0.0,0.0,290.0,179.0,19.0,15.87880703273671,0.0,0.0,33.0,0.0,32.0,1.0,11.0,1.0,1.0,11.0,2.0,0.0,0.0,4.0,0.0,0.0,0.0,0.0,0.0,0.0,2.0,2.0,0.0,8.0,44.0,7.0,1.0,0.0,4.0,73.0,4.0,4.0,0.0,0.0,59.0,1.0,0.0,1.0,1.0,1.0,1.0,0.0,0.0,0.0,0.0,0.0,0.0,0.0,37;20;59;41,,,157.0,0.0,0.0,2.0,2.0,0.0,0.0,1.0,1.0,1.0,0.0,0.0,41.0,0.7929643056447407,1
2025_06_SF_TB,2025,REG,6,2025-10-12,Sunday,16:25,SF,19.0,TB,30.0,Home,11.0,49.0,0.0,2025101207,59929.0,,202510120tam,28504,401772749,6820,10,7,160.0,-192.0,3.5,-105.0,-115.0,46.5,-105.0,-115.0,0,outdoors,grass,82.0,10.0,00-0036972,00-0034855,Mac Jones,Baker Mayfield,Kyle Shanahan,Todd Bowles,Brad Rogers,TAM00,Raymond James Stadium,SF,TB,False,REG,TB,27.0,39.0,347.0,0.0,2.0,6.0,-51.0,1.0,0.0,378.0,165.0,10.0,-4.42705243935853,7.158802489976625,0.0,22.0,67.0,1.0,0.0,0.0,7.0,-1.2894251411780715,0.0,27.0,37.0,347.0,0.0,0.0,0.0,378.0,165.0,10.0,5.599992172187388,0.0,0.0,34.0,1.0,23.0,4.0,14.0,0.0,1.0,8.0,1.0,0.0,0.0,2.0,0.0,0.0,0.0,0.0,1.0,1.0,0.0,0.0,0.0,9.0,65.0,6.0,2.0,25.0,6.0,161.0,4.0,4.0,0.0,0.0,54.0,1.0,0.0,1.0,0.0,1.0,2.0,0.0,0.0,0.0,0.0,0.0,0.0,0.0,52;54;42;29,,,177.0,0.0,0.0,1.0,1.0,0.0,0.0,1.0,0.0,0.0,0.0,0.0,0.0,0.1902177498361607,0
2025_07_ATL_SF,2025,REG,7,2025-10-19,Sunday,20:20,ATL,10.0,SF,20.0,Home,10.0,30.0,0.0,2025101911,59948.0,,202510190sfo,28523,401772924,6839,6,7,-105.0,-115.0,1.5,-120.0,100.0,46.5,-112.0,-108.0,0,outdoors,grass,74.0,5.0,00-0039917,00-0036972,Michael Penix,Mac Jones,Raheem Morris,Kyle Shanahan,Ron Torbert,SFO01,Levi's Stadium,SF,ATL,True,REG,ATL,17.0,26.0,152.0,0.0,1.0,1.0,-2.0,0.0,0.0,132.0,100.0,10.0,1.968226376034634,1.154978449145953,0.0,39.0,174.0,2.0,0.0,0.0,12.0,-1.7518074903346132,0.0,17.0,24.0,152.0,0.0,0.0,0.0,132.0,100.0,10.0,4.6142768231670725,0.0,0.0,35.0,0.0,28.0,4.0,16.0,1.0,2.0,11.0,5.0,0.0,0.0,2.0,0.0,0.0,0.0,0.0,0.0,0.0,1.0,1.0,0.0,3.0,25.0,1.0,1.0,8.0,2.0,53.0,2.0,2.0,0.0,0.0,55.0,1.0,0.0,0.0,0.0,1.0,1.0,0.0,0.0,0.0,0.0,0.0,0.0,0.0,55;43,,,98.0,0.0,0.0,2.0,2.0,0.0,0.0,1.0,0.0,0.0,0.0,0.0,0.0,0.6800957704608602,1
2025_08_SF_HOU,2025,REG,8,2025-10-26,Sunday,13:00,SF,15.0,HOU,26.0,Home,11.0,41.0,0.0,2025102604,59956.0,,202510260htx,28531,401772866,6847,7,6,130.0,-155.0,2.5,100.0,-120.0,41.5,-112.0,-108.0,0,closed,astroturf,,,00-0036972,00-0039163,Mac Jones,C.J. Stroud,Kyle Shanahan,DeMeco Ryans,Alan Eck,HOU00,NRG Stadium,SF,HOU,False,REG,HOU,19.0,32.0,193.0,2.0,1.0,2.0,-18.0,0.0,0.0,319.0,64.0,10.0,-2.791569479173515,-2.3466238091068883,1.0,10.0,48.0,0.0,0.0,0.0,3.0,0.9891126414295286,0.0,19.0,31.0,193.0,2.0,0.0,0.0,319.0,64.0,10.0,0.8563454585820436,1.0,0.0,45.0,1.0,45.0,3.0,8.0,0.0,0.0,0.0,2.0,1.0,26.0,2.0,0.0,1.0,0.0,0.0,1.0,1.0,0.0,0.0,0.0,4.0,30.0,5.0,0.0,0.0,5.0,151.0,0.0,0.0,0.0,0.0,,,0.0,0.0,0.0,0.0,0.0,0.0,0.0,0.0,0.0,0.0,0.0,0.0,,,,0.0,0.0,0.0,1.0,1.0,0.0,0.0,1.0,0.0,0.0,0.0,0.0,0.0,0.012334640789664,0
2025_09_SF_NYG,2025,REG,9,2025-11-02,Sunday,13:00,SF,34.0,NYG,24.0,Home,-10.0,58.0,0.0,2025110205,59970.0,,202511020nyg,28545,401772767,6861,7,7,-148.0,124.0,-2.5,-120.0,100.0,47.5,-108.0,-112.0,0,outdoors,fieldturf,56.0,5.0,00-0036972,00-0040691,Mac Jones,Jaxson Dart,Kyle Shanahan,Brian Daboll,John Hussey,NYC01,MetLife Stadium,SF,NYG,False,REG,NYG,19.0,24.0,235.0,2.0,0.0,2.0,-14.0,1.0,1.0,160.0,112.0,13.0,13.49070095318574,12.027716636657715,0.0,39.0,159.0,2.0,0.0,0.0,10.0,4.97246976243332,0.0,19.0,23.0,235.0,2.0,0.0,0.0,160.0,112.0,13.0,17.54056456459192,0.0,0.0,34.0,1.0,35.0,3.0,14.0,0.0,2.0,12.0,3.0,0.0,0.0,4.0,0.0,0.0,0.0,0.0,0.0,0.0,0.0,0.0,0.0,6.0,34.0,4.0,3.0,34.0,3.0,92.0,2.0,2.0,0.0,0.0,54.0,1.0,0.0,0.0,1.0,0.0,1.0,0.0,0.0,0.0,0.0,0.0,0.0,0.0,54;33,,,87.0,0.0,0.0,4.0,4.0,0.0,0.0,1.0,0.0,0.0,0.0,0.0,0.0,0.970894036476389,1
2025_10_LA_SF,2025,REG,10,2025-11-09,Sunday,16:25,LA,42.0,SF,26.0,Home,-16.0,68.0,0.0,2025110909,59988.0,,202511090sfo,28563,401772879,6879,7,7,-258.0,210.0,-5.5,-115.0,-105.0,49.5,-110.0,-110.0,1,outdoors,grass,77.0,3.0,00-0026498,00-0036972,Matthew Stafford,Mac Jones,Sean McVay,Kyle Shanahan,Land Clark,SFO01,Levi's Stadium,SF,LA,True,REG,LA,33.0,39.0,319.0,3.0,1.0,0.0,0.0,0.0,0.0,282.0,101.0,16.0,18.252678949662485,14.974827949817364,0.0,21.0,74.0,1.0,0.0,0.0,8.0,-4.082942657521926,0.0,33.0,39.0,319.0,3.0,1.0,1.0,282.0,101.0,16.0,11.807590478260071,0.0,0.0,31.0,2.0,42.0,3.0,7.0,0.0,1.0,5.0,8.0,0.0,0.0,3.0,0.0,0.0,0.0,0.0,0.0,0.0,0.0,0.0,0.0,7.0,45.0,5.0,1.0,27.0,1.0,16.0,0.0,0.0,0.0,0.0,,,0.0,0.0,0.0,0.0,0.0,0.0,0.0,0.0,0.0,0.0,0.0,0.0,,,,0.0,0.0,0.0,2.0,3.0,0.0,1.0,0.6666666666666666,0.0,0.0,0.0,0.0,0.0,0.1156153427094705,0
2025_11_SF_ARI,2025,REG,11,2025-11-16,Sunday,16:05,SF,41.0,ARI,22.0,Home,-19.0,63.0,0.0,2025111608,60001.0,,202511160crd,28577,401772885,6892,7,7,-192.0,160.0,-3.5,-105.0,-115.0,48.5,-112.0,-108.0,1,closed,grass,,,00-0037834,00-0033119,Brock Purdy,Jacoby Brissett,Kyle Shanahan,Jonathan Gannon,Carl Cheffers,PHO00,State Farm Stadium,SF,ARI,False,REG,ARI,19.0,26.0,200.0,3.0,0.0,1.0,-14.0,0.0,0.0,188.0,77.0,13.0,8.642695559272799,10.061668038368225,0.0,25.0,95.0,2.0,0.0,0.0,8.0,-2.416475222154986,0.0,19.0,25.0,200.0,3.0,0.0,0.0,188.0,77.0,13.0,12.355679042624816,0.0,0.0,39.0,2.0,54.0,3.0,10.0,1.0,0.0,0.0,4.0,2.0,64.0,4.0,0.0,0.0,0.0,0.0,0.0,0.0,1.0,1.0,0.0,1.0,15.0,3.0,1.0,9.0,2.0,140.0,3.0,3.0,0.0,0.0,48.0,1.0,0.0,0.0,0.0,3.0,0.0,0.0,0.0,0.0,0.0,0.0,0.0,0.0,48;47;47,,,142.0,0.0,0.0,2.0,4.0,1.0,1.0,0.5,0.0,0.0,0.0,0.0,0.0,0.9883735036739464,1
2025_12_CAR_SF,2025,REG,12,2025-11-24,Monday,20:15,CAR,9.0,SF,20.0,Home,11.0,29.0,0.0,2025112400,60020.0,,202511240sfo,28595,401772820,6911,8,8,310.0,-395.0,7.5,-115.0,-105.0,48.5,-105.0,-115.0,0,outdoors,grass,58.0,3.0,00-0039150,00-0037834,Bryce Young,Brock Purdy,Dave Canales,Kyle Shanahan,Alex Kemp,SFO01,Levi's Stadium,SF,CAR,True,REG,CAR,23.0,32.0,193.0,1.0,3.0,0.0,0.0,0.0,0.0,195.0,119.0,11.0,-3.168522982927289,1.4753536321222782,0.0,38.0,147.0,1.0,1.0,0.0,12.0,1.5826466525390037,0.0,23.0,32.0,193.0,1.0,0.0,0.0,195.0,119.0,11.0,-3.168522982927289,0.0,0.0,28.0,1.0,15.0,2.0,11.0,1.0,1.0,8.0,3.0,2.0,4.0,4.0,0.0,0.0,0.0,0.0,1.0,1.0,0.0,0.0,0.0,2.0,6.0,4.0,0.0,0.0,3.0,80.0,2.0,2.0,0.0,0.0,47.0,1.0,0.0,1.0,0.0,1.0,0.0,0.0,0.0,0.0,0.0,0.0,0.0,0.0,47;29,,,76.0,0.0,0.0,2.0,2.0,0.0,0.0,1.0,0.0,0.0,0.0,0.0,0.0,0.5508039267518058,1
2025_13_SF_CLE,2025,REG,13,2025-11-30,Sunday,13:00,SF,26.0,CLE,8.0,Home,-18.0,34.0,0.0,2025113001,60026.0,,202511300cle,28601,401772785,6917,6,7,-250.0,205.0,-5.5,-108.0,-112.0,35.5,-112.0,-108.0,0,outdoors,grass,35.0,20.0,00-0037834,00-0040668,Brock Purdy,Shedeur Sanders,Kyle Shanahan,Kevin Stefanski,Brad Allen,CLE00,FirstEnergy Stadium,SF,CLE,False,REG,CLE,16.0,30.0,168.0,1.0,0.0,1.0,-7.0,0.0,0.0,266.0,44.0,11.0,2.6439921403565534,9.485659262408381,0.0,33.0,91.0,2.0,0.0,0.0,7.0,-2.865204558649566,0.0,16.0,23.0,168.0,1.0,0.0,0.0,266.0,44.0,11.0,9.703144478719318,0.0,0.0,37.0,1.0,31.0,5.0,36.0,1.0,3.0,34.0,6.0,0.0,0.0,1.0,0.0,0.0,0.0,0.0,0.0,0.0,2.0,2.0,0.0,3.0,11.0,5.0,3.0,69.0,1.0,24.0,2.0,2.0,0.0,0.0,31.0,1.0,0.0,1.0,1.0,0.0,0.0,0.0,0.0,0.0,0.0,0.0,0.0,0.0,25;31,,,56.0,0.0,0.0,2.0,2.0,0.0,0.0,1.0,0.0,0.0,0.0,0.0,0.0,0.8236456198359192,1
2025_15_TEN_SF,2025,REG,15,2025-12-14,Sunday,16:25,TEN,,SF,,Home,,,,2025121412,,,202512140sfo,28639,401772907,6955,7,14,625.0,-950.0,12.5,-110.0,-110.0,44.5,-115.0,-105.0,0,outdoors,grass,,,,,,,Brian Callahan,Kyle Shanahan,,SFO01,Levi's Stadium,SF,TEN,True,,,,,,,,,,,,,,,,,,,,,,,,,,,,,,,,,,,,,,,,,,,,,,,,,,,,,,,,,,,,,,,,,,,,,,,,,,,,,,,,,,,,,,,,,,,,,,,,,,,,0.0165731397877506,0
2025_16_SF_IND,2025,REG,16,2025-12-22,Monday,20:15,SF,,IND,,Home,,,,2025122200,,,202512220clt,28657,401772824,6973,8,8,,,,,,,,,0,closed,fieldturf,,,,,,,Kyle Shanahan,Shane Steichen,,IND00,Lucas Oil Stadium,SF,IND,False,,,,,,,,,,,,,,,,,,,,,,,,,,,,,,,,,,,,,,,,,,,,,,,,,,,,,,,,,,,,,,,,,,,,,,,,,,,,,,,,,,,,,,,,,,,,,,,,,,,,0.0182607965715682,0
2025_17_CHI_SF,2025,REG,17,2025-12-28,Sunday,20:20,CHI,,SF,,Home,,,,2025122806,,,202512280sfo,28672,401772935,6988,9,6,,,,,,,,,0,outdoors,grass,,,,,,,Ben Johnson,Kyle Shanahan,,SFO01,Levi's Stadium,SF,CHI,True,,,,,,,,,,,,,,,,,,,,,,,,,,,,,,,,,,,,,,,,,,,,,,,,,,,,,,,,,,,,,,,,,,,,,,,,,,,,,,,,,,,,,,,,,,,,,,,,,,,,0.0165731397877506,0
2025_18_SEA_SF,2025,REG,18,2026-01-04,Sunday,13:00,SEA,,SF,,Home,,,,2025010414,,,202501040sfo,28687,401772961,7004,9,5,,,,,,,,,1,outdoors,grass,,,,,,,Mike Macdonald,Kyle Shanahan,,SFO01,Levi's Stadium,SF,SEA,True,,,,,,,,,,,,,,,,,,,,,,,,,,,,,,,,,,,,,,,,,,,,,,,,,,,,,,,,,,,,,,,,,,,,,,,,,,,,,,,,,,,,,,,,,,,,,,,,,,,,0.0165731397877506,0
2025_01_TB_ATL,2025,REG,1,2025-09-07,Sunday,13:00,TB,23.0,ATL,20.0,Home,-3.0,43.0,0.0,2025090700,59845.0,,202509070atl,28420,401772830,6736,7,7,-115.0,-105.0,-1.5,-102.0,-118.0,47.5,-105.0,-115.0,1,closed,fieldturf,,,00-0034855,00-0039917,Baker Mayfield,Michael Penix,Todd Bowles,Raheem Morris,Land Clark,ATL97,Mercedes-Benz Stadium,TB,ATL,False,REG,ATL,17.0,32.0,167.0,3.0,0.0,1.0,-8.0,0.0,0.0,334.0,45.0,10.0,5.766234403595268,-10.401313503583273,0.0,23.0,101.0,0.0,0.0,0.0,6.0,0.5059995500487275,0.0,17.0,30.0,167.0,3.0,0.0,0.0,334.0,45.0,10.0,7.285032267335742,0.0,0.0,41.0,2.0,34.0,7.0,18.0,0.0,1.0,9.0,4.0,0.0,0.0,6.0,0.0,0.0,0.0,0.0,0.0,0.0,0.0,0.0,0.0,5.0,60.0,5.0,1.0,54.0,3.0,81.0,1.0,2.0,1.0,0.0,48.0,0.5,0.0,0.0,0.0,1.0,0.0,0.0,0.0,0.0,0.0,1.0,0.0,0.0,48,44,,48.0,44.0,0.0,2.0,3.0,1.0,0.0,0.6666666666666666,0.0,0.0,0.0,0.0,0.0,0.3667734136826486,1
2025_02_TB_HOU,2025,REG,2,2025-09-15,Monday,19:00,TB,20.0,HOU,19.0,Home,-1.0,39.0,0.0,2025091500,59873.0,,202509150htx,28448,401772715,6765,8,8,114.0,-135.0,2.5,-110.0,-110.0,42.5,-110.0,-110.0,0,closed,astroturf,,,00-0034855,00-0039163,Baker Mayfield,C.J. Stroud,Todd Bowles,DeMeco Ryans,Shawn Hochuli,HOU00,NRG Stadium,TB,HOU,False,REG,HOU,25.0,38.0,215.0,2.0,0.0,4.0,-24.0,1.0,0.0,304.0,129.0,12.0,-0.643385174034916,1.9042374359236822,0.0,30.0,169.0,1.0,0.0,0.0,9.0,10.471795816905797,0.0,25.0,36.0,215.0,2.0,0.0,0.0,304.0,129.0,12.0,8.390001583227601,0.0,0.0,34.0,2.0,10.0,5.0,22.0,0.0,3.0,25.0,6.0,0.0,0.0,2.0,0.0,0.0,0.0,0.0,1.0,1.0,0.0,0.0,0.0,7.0,45.0,4.0,1.0,6.0,3.0,68.0,0.0,1.0,1.0,0.0,,0.0,0.0,0.0,0.0,0.0,0.0,0.0,0.0,0.0,1.0,0.0,0.0,0.0,,38,,0.0,38.0,0.0,2.0,2.0,0.0,0.0,1.0,0.0,0.0,0.0,0.0,0.0,0.3517950170249096,1
2025_03_NYJ_TB,2025,REG,3,2025-09-21,Sunday,13:00,NYJ,27.0,TB,29.0,Home,2.0,56.0,0.0,2025092106,59882.0,,202509210tam,28458,401772840,6773,7,6,275.0,-345.0,6.5,-105.0,-115.0,43.5,-115.0,-105.0,0,outdoors,grass,88.0,5.0,00-0028118,00-0034855,Tyrod Taylor,Baker Mayfield,Aaron Glenn,Todd Bowles,Adrian Hill,TAM00,Raymond James Stadium,TB,NYJ,True,REG,NYJ,19.0,29.0,233.0,1.0,0.0,1.0,-8.0,1.0,0.0,232.0,139.0,12.0,8.269022356935064,1.1716819015042534,0.0,34.0,122.0,0.0,0.0,0.0,5.0,-6.91463324007844,0.0,19.0,29.0,233.0,1.0,0.0,0.0,232.0,139.0,12.0,9.824077634124304,0.0,0.0,43.0,0.0,20.0,9.0,43.0,1.0,4.0,29.0,10.0,1.0,55.0,4.0,1.0,0.0,0.0,0.0,1.0,1.0,1.0,1.0,0.0,14.0,124.0,3.0,2.0,-1.0,5.0,124.0,5.0,6.0,0.0,1.0,55.0,0.8333333333333334,0.0,1.0,2.0,0.0,2.0,0.0,0.0,0.0,0.0,0.0,0.0,0.0,54;33;28;55;36,,43,206.0,0.0,43.0,2.0,2.0,0.0,0.0,1.0,1.0,1.0,0.0,0.0,36.0,0.9753008458476464,1
2025_04_PHI_TB,2025,REG,4,2025-09-28,Sunday,13:00,PHI,31.0,TB,25.0,Home,-6.0,56.0,0.0,2025092807,59899.0,,202509280tam,28474,401772845,6790,7,7,-185.0,154.0,-3.5,-102.0,-118.0,44.5,-118.0,-102.0,0,outdoors,grass,88.0,6.0,00-0036389,00-0034855,Jalen Hurts,Baker Mayfield,Nick Sirianni,Todd Bowles,Alan Eck,TAM00,Raymond James Stadium,TB,PHI,True,REG,PHI,22.0,40.0,289.0,2.0,1.0,2.0,-17.0,1.0,0.0,319.0,199.0,7.0,-5.439326392272233,-10.171916622381945,0.0,26.0,104.0,0.0,1.0,1.0,5.0,-4.505528443027288,0.0,22.0,39.0,289.0,2.0,0.0,0.0,319.0,199.0,7.0,-2.4390541260899705,0.0,0.0,43.0,2.0,16.0,11.0,84.0,1.0,2.0,18.0,3.0,0.0,0.0,5.0,0.0,0.0,1.0,0.0,1.0,1.0,0.0,0.0,0.0,5.0,40.0,6.0,6.0,100.0,5.0,96.0,3.0,3.0,0.0,0.0,65.0,1.0,0.0,0.0,0.0,1.0,1.0,1.0,0.0,0.0,0.0,0.0,0.0,0.0,42;65;58,,,165.0,0.0,0.0,2.0,2.0,0.0,0.0,1.0,0.0,0.0,0.0,0.0,0.0,0.6042325629799516,0
2025_05_TB_SEA,2025,REG,5,2025-10-05,Sunday,16:05,TB,38.0,SEA,35.0,Home,-3.0,73.0,0.0,2025100508,59916.0,,202510050sea,28490,401772746,6807,7,10,150.0,-180.0,3.5,-115.0,-105.0,44.5,-110.0,-110.0,0,outdoors,fieldturf,61.0,8.0,00-0034855,00-0034869,Baker Mayfield,Sam Darnold,Todd Bowles,Mike Macdonald,Craig Wrolstad,SEA00,Lumen Field,TB,SEA,False,REG,SEA,29.0,33.0,379.0,2.0,0.0,1.0,-9.0,0.0,0.0,257.0,202.0,17.0,25.9806902520554,20.44649673625827,1.0,24.0,56.0,2.0,0.0,0.0,6.0,-3.0906922598586846,0.0,29.0,32.0,379.0,2.0,0.0,0.0,257.0,202.0,17.0,28.312724776818403,1.0,0.0,31.0,1.0,31.0,1.0,2.0,0.0,0.0,0.0,2.0,1.0,3.0,6.0,0.0,0.0,0.0,0.0,0.0,0.0,1.0,1.0,0.0,4.0,37.0,2.0,0.0,0.0,5.0,129.0,3.0,3.0,0.0,0.0,39.0,1.0,0.0,0.0,3.0,0.0,0.0,0.0,0.0,0.0,0.0,0.0,0.0,0.0,30;36;39,,,105.0,0.0,0.0,3.0,3.0,0.0,0.0,1.0,1.0,1.0,0.0,0.0,39.0,0.9326902524111448,1
2025_06_SF_TB,2025,REG,6,2025-10-12,Sunday,16:25,SF,19.0,TB,30.0,Home,11.0,49.0,0.0,2025101207,59929.0,,202510120tam,28504,401772749,6820,10,7,160.0,-192.0,3.5,-105.0,-115.0,46.5,-105.0,-115.0,0,outdoors,grass,82.0,10.0,00-0036972,00-0034855,Mac Jones,Baker Mayfield,Kyle Shanahan,Todd Bowles,Brad Rogers,TAM00,Raymond James Stadium,TB,SF,True,REG,SF,17.0,23.0,256.0,2.0,0.0,1.0,-8.0,0.0,0.0,239.0,106.0,9.0,12.067489617715157,7.469806982123333,0.0,26.0,104.0,2.0,1.0,0.0,10.0,1.0234146490548737,0.0,17.0,23.0,256.0,2.0,0.0,0.0,239.0,106.0,9.0,14.198441419030107,0.0,0.0,46.0,0.0,30.0,5.0,34.0,1.0,6.0,51.0,10.0,2.0,19.0,5.0,0.0,0.0,0.0,0.0,1.0,1.0,0.0,0.0,0.0,5.0,31.0,1.0,1.0,6.0,6.0,158.0,1.0,2.0,1.0,0.0,45.0,0.5,0.0,0.0,0.0,1.0,0.0,0.0,0.0,0.0,0.0,1.0,0.0,0.0,45,49,,45.0,49.0,0.0,3.0,3.0,0.0,0.0,1.0,0.0,0.0,0.0,0.0,0.0,0.9890836678595334,1
2025_07_TB_DET,2025,REG,7,2025-10-20,Monday,19:00,TB,9.0,DET,24.0,Home,15.0,33.0,0.0,2025102000,59949.0,,202510200det,28524,401772816,6841,8,8,225.0,-278.0,6.0,-112.0,-108.0,54.5,-115.0,-105.0,0,dome,fieldturf,,,00-0034855,00-0033106,Baker Mayfield,Jared Goff,Todd Bowles,Dan Campbell,John Hussey,DET00,Ford Field,TB,DET,False,REG,DET,28.0,50.0,228.0,1.0,1.0,4.0,-18.0,1.0,0.0,478.0,107.0,11.0,-25.048290733687832,-9.447585046291351,0.0,12.0,41.0,0.0,0.0,0.0,2.0,1.5655925021274015,0.0,28.0,50.0,228.0,1.0,1.0,1.0,478.0,107.0,11.0,-24.802573287600904,0.0,0.0,35.0,3.0,39.0,7.0,33.0,1.0,4.0,26.0,9.0,1.0,13.0,2.0,0.0,0.0,0.0,0.0,1.0,1.0,1.0,1.0,0.0,6.0,35.0,5.0,3.0,34.0,4.0,95.0,1.0,1.0,0.0,0.0,53.0,1.0,0.0,0.0,0.0,0.0,1.0,0.0,0.0,0.0,0.0,0.0,0.0,0.0,53,,,53.0,0.0,0.0,0.0,0.0,0.0,0.0,,0.0,0.0,0.0,0.0,0.0,0.0383901537722027,0
2025_08_TB_NO,2025,REG,8,2025-10-26,Sunday,16:05,TB,23.0,NO,3.0,Home,-20.0,26.0,0.0,2025102607,59959.0,,202510260nor,28534,401772869,6850,6,7,-218.0,180.0,-4.5,-105.0,-115.0,46.5,-110.0,-110.0,1,dome,sportturf,,,00-0034855,00-0039376,Baker Mayfield,Spencer Rattler,Todd Bowles,Kellen Moore,Ron Torbert,NOR00,Mercedes-Benz Superdome,TB,NO,False,REG,NO,15.0,24.0,152.0,0.0,0.0,3.0,-28.0,1.0,1.0,162.0,86.0,8.0,-1.7703624639505273,-9.644939750432968,0.0,29.0,88.0,1.0,1.0,0.0,5.0,-6.51483526178299,0.0,15.0,24.0,152.0,0.0,0.0,0.0,162.0,86.0,8.0,5.134059490407004,0.0,0.0,41.0,0.0,32.0,5.0,32.0,2.0,5.0,37.0,8.0,2.0,3.0,7.0,1.0,0.0,0.0,0.0,0.0,0.0,2.0,2.0,0.0,4.0,25.0,0.0,1.0,8.0,2.0,50.0,3.0,3.0,0.0,0.0,55.0,1.0,0.0,0.0,0.0,0.0,3.0,0.0,0.0,0.0,0.0,0.0,0.0,0.0,55;52;54,,,161.0,0.0,0.0,2.0,2.0,0.0,0.0,1.0,0.0,0.0,0.0,0.0,0.0,0.9489964437608028,1
2025_10_NE_TB,2025,REG,10,2025-11-09,Sunday,13:00,NE,28.0,TB,23.0,Home,-5.0,51.0,0.0,2025110907,59986.0,,202511090tam,28561,401772772,6877,7,14,124.0,-148.0,2.5,100.0,-120.0,48.5,-105.0,-115.0,0,outdoors,grass,82.0,11.0,00-0039851,00-0034855,Drake Maye,Baker Mayfield,Mike Vrabel,Todd Bowles,Alex Kemp,TAM00,Raymond James Stadium,TB,NE,True,REG,NE,28.0,43.0,273.0,3.0,0.0,2.0,-15.0,0.0,0.0,282.0,132.0,14.0,0.9682208392788594,-2.538804813872936,0.0,21.0,113.0,0.0,0.0,0.0,9.0,2.002403006292414,0.0,28.0,43.0,273.0,3.0,0.0,0.0,282.0,132.0,14.0,4.791047339329583,0.0,0.0,33.0,1.0,19.0,3.0,7.0,0.0,1.0,1.0,6.0,1.0,0.0,5.0,0.0,0.0,0.0,0.0,0.0,0.0,0.0,0.0,0.0,6.0,40.0,6.0,2.0,12.0,2.0,48.0,1.0,1.0,0.0,0.0,36.0,1.0,0.0,0.0,1.0,0.0,0.0,0.0,0.0,0.0,0.0,0.0,0.0,0.0,36,,,36.0,0.0,0.0,2.0,2.0,0.0,0.0,1.0,0.0,0.0,0.0,0.0,0.0,0.3772728033163141,0
2025_11_TB_BUF,2025,REG,11,2025-11-16,Sunday,13:00,TB,32.0,BUF,44.0,Home,12.0,76.0,0.0,2025111602,59995.0,,202511160buf,28570,401772776,6886,7,7,230.0,-285.0,6.0,-108.0,-112.0,46.5,-112.0,-108.0,0,outdoors,a_turf,38.0,20.0,00-0034855,00-0034857,Baker Mayfield,Josh Allen,Todd Bowles,Sean McDermott,Alex Moore,BUF00,New Era Field,TB,BUF,False,REG,BUF,16.0,28.0,173.0,1.0,1.0,1.0,-8.0,1.0,1.0,196.0,78.0,6.0,-8.958836055104404,-8.347461952103508,0.0,39.0,202.0,3.0,0.0,0.0,13.0,12.678194421285298,0.0,16.0,27.0,173.0,1.0,0.0,0.0,196.0,78.0,6.0,-2.8357643775728234,0.0,0.0,31.0,1.0,21.0,3.0,6.0,2.0,0.0,0.0,1.0,2.0,3.0,6.0,0.0,0.0,0.0,0.0,0.0,0.0,1.0,1.0,0.0,2.0,30.0,6.0,0.0,0.0,6.0,161.0,2.0,2.0,0.0,0.0,24.0,1.0,0.0,2.0,0.0,0.0,0.0,0.0,0.0,0.0,0.0,0.0,0.0,0.0,23;24,,,47.0,0.0,0.0,2.0,2.0,0.0,0.0,1.0,0.0,0.0,0.0,0.0,0.0,0.9639794985172097,0
2025_12_TB_LA,2025,REG,12,2025-11-23,Sunday,20:20,TB,7.0,LA,34.0,Home,27.0,41.0,0.0,2025112311,60019.0,,202511230ram,28594,401772929,6910,7,7,295.0,-375.0,7.0,-110.0,-110.0,49.5,100.0,-120.0,0,dome,matrixturf,,,00-0034855,00-0026498,Baker Mayfield,Matthew Stafford,Todd Bowles,Sean McVay,Clay Martin,LAX01,SoFi Stadium,TB,LA,False,REG,LA,17.0,34.0,103.0,1.0,2.0,4.0,-33.0,0.0,0.0,251.0,73.0,5.0,-30.73498036712408,-18.583328589316338,0.0,29.0,123.0,0.0,0.0,0.0,8.0,1.9304917429108173,0.0,17.0,31.0,103.0,1.0,0.0,0.0,251.0,73.0,5.0,-17.901334063964896,0.0,0.0,32.0,0.0,22.0,3.0,21.0,0.0,1.0,10.0,3.0,0.0,0.0,3.0,0.0,0.0,0.0,0.0,1.0,2.0,0.0,0.0,0.0,2.0,10.0,2.0,1.0,15.0,2.0,48.0,0.0,0.0,0.0,0.0,,,0.0,0.0,0.0,0.0,0.0,0.0,0.0,0.0,0.0,0.0,0.0,0.0,,,,0.0,0.0,0.0,1.0,1.0,0.0,0.0,1.0,0.0,0.0,0.0,0.0,0.0,0.0076285865996726,0
2025_13_ARI_TB,2025,REG,13,2025-11-30,Sunday,13:00,ARI,17.0,TB,20.0,Home,3.0,37.0,0.0,2025113005,60030.0,,202511300tam,28605,401772895,6921,7,7,164.0,-198.0,4.5,-115.0,-105.0,44.5,-108.0,-112.0,0,outdoors,grass,80.0,8.0,00-0033119,00-0034855,Jacoby Brissett,Baker Mayfield,Jonathan Gannon,Todd Bowles,Bill Vinovich,TAM00,Raymond James Stadium,TB,ARI,True,REG,ARI,18.0,28.0,194.0,1.0,0.0,2.0,-10.0,1.0,0.0,208.0,151.0,8.0,1.7500612158833175,-0.5803908293063824,0.0,27.0,95.0,1.0,0.0,0.0,5.0,-2.471798776561627,0.0,18.0,26.0,194.0,1.0,0.0,0.0,208.0,151.0,8.0,6.887447054548385,0.0,0.0,42.0,1.0,27.0,3.0,12.0,1.0,2.0,10.0,7.0,1.0,5.0,3.0,0.0,0.0,0.0,0.0,1.0,1.0,1.0,1.0,0.0,5.0,40.0,2.0,2.0,23.0,2.0,46.0,2.0,2.0,0.0,0.0,57.0,1.0,0.0,1.0,0.0,0.0,1.0,0.0,0.0,0.0,0.0,0.0,0.0,0.0,25;57,,,82.0,0.0,0.0,2.0,2.0,0.0,0.0,1.0,0.0,0.0,0.0,0.0,0.0,0.6661586872229355,1
2025_14_NO_TB,2025,REG,14,2025-12-07,Sunday,13:00,NO,,TB,,Home,,,,2025120707,,,202512070tam,28620,401772792,6936,7,7,340.0,-440.0,8.5,-112.0,-108.0,41.5,-110.0,-110.0,1,outdoors,grass,,,00-0040743,00-0034855,Tyler Shough,Baker Mayfield,Kellen Moore,Todd Bowles,,TAM00,Raymond James Stadium,TB,NO,True,,,,,,,,,,,,,,,,,,,,,,,,,,,,,,,,,,,,,,,,,,,,,,,,,,,,,,,,,,,,,,,,,,,,,,,,,,,,,,,,,,,,,,,,,,,,,,,,,,,,0.0165731397877506,0
2025_15_ATL_TB,2025,REG,15,2025-12-11,Thursday,20:15,ATL,,TB,,Home,,,,2025121100,,,202512110tam,28626,401772948,6942,4,4,205.0,-250.0,6.0,-112.0,-108.0,44.5,-110.0,-110.0,1,outdoors,grass,,,,,,,Raheem Morris,Todd Bowles,,TAM00,Raymond James Stadium,TB,ATL,True,,,,,,,,,,,,,,,,,,,,,,,,,,,,,,,,,,,,,,,,,,,,,,,,,,,,,,,,,,,,,,,,,,,,,,,,,,,,,,,,,,,,,,,,,,,,,,,,,,,,0.0165731397877506,0
2025_16_TB_CAR,2025,REG,16,2025-12-21,Sunday,13:00,TB,,CAR,,Home,,,,2025122101,,,202512210car,28646,401772912,6962,10,7,,,,,,,,,1,outdoors,grass,,,,,,,Todd Bowles,Dave Canales,,CAR00,Bank of America Stadium,TB,CAR,False,,,,,,,,,,,,,,,,,,,,,,,,,,,,,,,,,,,,,,,,,,,,,,,,,,,,,,,,,,,,,,,,,,,,,,,,,,,,,,,,,,,,,,,,,,,,,,,,,,,,0.0182607965715682,0
2025_17_TB_MIA,2025,REG,17,2025-12-28,Sunday,13:00,TB,,MIA,,Home,,,,2025122802,,,202512280mia,28668,401772916,6984,7,7,,,,,,,,,0,outdoors,grass,,,,,,,Todd Bowles,Mike McDaniel,,MIA00,Hard Rock Stadium,TB,MIA,False,,,,,,,,,,,,,,,,,,,,,,,,,,,,,,,,,,,,,,,,,,,,,,,,,,,,,,,,,,,,,,,,,,,,,,,,,,,,,,,,,,,,,,,,,,,,,,,,,,,,0.0182607965715682,0
2025_18_CAR_TB,2025,REG,18,2026-01-04,Sunday,13:00,CAR,,TB,,Home,,,,2025010415,,,202501040tam,28688,401772969,7005,6,6,,,,,,,,,1,outdoors,grass,,,,,,,Dave Canales,Todd Bowles,,TAM00,Raymond James Stadium,TB,CAR,True,,,,,,,,,,,,,,,,,,,,,,,,,,,,,,,,,,,,,,,,,,,,,,,,,,,,,,,,,,,,,,,,,,,,,,,,,,,,,,,,,,,,,,,,,,,,,,,,,,,,0.0165731397877506,0
2025_01_TEN_DEN,2025,REG,1,2025-09-07,Sunday,16:05,TEN,12.0,DEN,20.0,Home,8.0,32.0,0.0,2025090708,59853.0,,202509070den,28428,401772832,6744,7,7,350.0,-455.0,8.5,-105.0,-115.0,42.5,-108.0,-112.0,0,outdoors,grass,84.0,6.0,00-0040676,00-0039732,Cam Ward,Bo Nix,Brian Callahan,Sean Payton,Alex Kemp,DEN00,Empower Field at Mile High,TEN,DEN,False,REG,DEN,12.0,28.0,112.0,0.0,0.0,6.0,-50.0,1.0,1.0,294.0,64.0,5.0,-13.389458418787804,-12.597031831741333,0.0,21.0,71.0,0.0,1.0,1.0,2.0,-9.17674626053992,0.0,12.0,25.0,112.0,0.0,0.0,0.0,294.0,64.0,5.0,-0.8734515384421684,0.0,0.0,43.0,3.0,29.0,4.0,15.0,1.0,1.0,10.0,5.0,2.0,16.0,5.0,0.0,0.0,0.0,0.0,0.0,0.0,2.0,2.0,0.0,13.0,131.0,5.0,1.0,12.0,4.0,144.0,4.0,4.0,0.0,0.0,50.0,1.0,0.0,0.0,2.0,1.0,1.0,0.0,0.0,0.0,0.0,0.0,0.0,0.0,50;33;42;35,,,160.0,0.0,0.0,0.0,0.0,0.0,0.0,,0.0,0.0,0.0,0.0,0.0,0.304297124066148,0
2025_02_LA_TEN,2025,REG,2,2025-09-14,Sunday,13:00,LA,33.0,TEN,19.0,Home,-14.0,52.0,0.0,2025091408,59868.0,,202509140oti,28443,401772724,6759,7,7,-250.0,205.0,-5.5,-108.0,-112.0,41.5,-112.0,-108.0,0,outdoors,grass,83.0,3.0,00-0026498,00-0040676,Matthew Stafford,Cam Ward,Sean McVay,Brian Callahan,John Hussey,NAS00,Nissan Stadium,TEN,LA,True,REG,LA,19.0,33.0,175.0,1.0,0.0,5.0,-32.0,1.0,1.0,215.0,80.0,10.0,-6.7339741762074565,-4.793273537389694,0.0,26.0,109.0,0.0,0.0,0.0,7.0,-1.183518824098611,0.0,19.0,31.0,175.0,1.0,0.0,0.0,215.0,80.0,10.0,5.513757542143677,0.0,0.0,34.0,2.0,26.0,2.0,9.0,0.0,1.0,8.0,6.0,1.0,0.0,4.0,0.0,0.0,0.0,0.0,0.0,0.0,0.0,0.0,0.0,10.0,62.0,6.0,2.0,37.0,5.0,83.0,4.0,4.0,0.0,0.0,57.0,1.0,0.0,0.0,2.0,0.0,2.0,0.0,0.0,0.0,0.0,0.0,0.0,0.0,55;37;57;35,,,184.0,0.0,0.0,1.0,1.0,0.0,0.0,1.0,0.0,0.0,0.0,0.0,0.0,0.6428133082665289,0
2025_03_IND_TEN,2025,REG,3,2025-09-21,Sunday,13:00,IND,41.0,TEN,20.0,Home,-21.0,61.0,0.0,2025092107,59883.0,,202509210oti,28459,401772733,6774,7,7,-245.0,200.0,-6.0,-108.0,-112.0,43.5,-115.0,-105.0,1,outdoors,grass,84.0,8.0,00-0035710,00-0040676,Daniel Jones,Cam Ward,Shane Steichen,Brian Callahan,Scott Novak,NAS00,Nissan Stadium,TEN,IND,True,REG,IND,23.0,38.0,219.0,1.0,1.0,4.0,-23.0,0.0,0.0,185.0,114.0,11.0,-12.524410886228843,-1.3854862135999344,0.0,23.0,86.0,1.0,0.0,0.0,8.0,1.3147960329661146,0.0,23.0,34.0,219.0,1.0,0.0,0.0,185.0,114.0,11.0,-2.184083973760543,0.0,0.0,32.0,1.0,19.0,0.0,0.0,0.0,0.0,0.0,2.0,0.0,0.0,3.0,0.0,0.0,0.0,0.0,0.0,0.0,0.0,0.0,0.0,8.0,68.0,1.0,0.0,0.0,6.0,162.0,2.0,4.0,1.0,1.0,57.0,0.5,0.0,0.0,0.0,1.0,1.0,0.0,0.0,0.0,0.0,0.0,0.0,1.0,57;42,64,62,99.0,64.0,62.0,2.0,2.0,0.0,0.0,1.0,0.0,0.0,0.0,0.0,0.0,0.1606170374330686,0
2025_04_TEN_HOU,2025,REG,4,2025-09-28,Sunday,13:00,TEN,0.0,HOU,26.0,Home,26.0,26.0,0.0,2025092804,59896.0,,202509280htx,28471,401772738,6787,7,7,340.0,-440.0,7.5,-115.0,-105.0,39.5,-105.0,-115.0,1,closed,astroturf,,,00-0040676,00-0039163,Cam Ward,C.J. Stroud,Brian Callahan,DeMeco Ryans,Brad Rogers,HOU00,NRG Stadium,TEN,HOU,False,REG,HOU,10.0,26.0,108.0,0.0,1.0,2.0,-15.0,0.0,0.0,190.0,41.0,5.0,-16.60359526718991,-24.49821518815082,0.0,18.0,82.0,0.0,0.0,0.0,3.0,1.1587332143382625,0.0,10.0,23.0,108.0,0.0,0.0,0.0,190.0,41.0,5.0,-11.812701358774456,0.0,0.0,40.0,7.0,33.0,6.0,17.0,0.0,2.0,9.0,5.0,0.0,0.0,1.0,0.0,0.0,0.0,0.0,0.0,0.0,0.0,0.0,0.0,4.0,35.0,3.0,0.0,0.0,6.0,141.0,0.0,2.0,2.0,0.0,,0.0,0.0,0.0,0.0,0.0,0.0,0.0,0.0,0.0,0.0,2.0,0.0,0.0,,41;43,,0.0,84.0,0.0,0.0,0.0,0.0,0.0,,0.0,0.0,0.0,0.0,0.0,0.0115198432233531,0
2025_05_TEN_ARI,2025,REG,5,2025-10-05,Sunday,16:05,TEN,22.0,ARI,21.0,Home,-1.0,43.0,0.0,2025100507,59915.0,,202510050crd,28491,401772747,6806,7,10,330.0,-425.0,7.5,-108.0,-112.0,41.5,-110.0,-110.0,0,closed,grass,,,00-0040676,00-0035228,Cam Ward,Kyler Murray,Brian Callahan,Jonathan Gannon,Shawn Smith,PHO00,State Farm Stadium,TEN,ARI,False,REG,ARI,21.0,39.0,265.0,0.0,1.0,2.0,-16.0,0.0,0.0,421.0,81.0,12.0,1.597718604147161,-9.621611318072757,0.0,24.0,78.0,1.0,1.0,1.0,6.0,-6.611232318535867,0.0,21.0,37.0,265.0,0.0,0.0,0.0,421.0,81.0,12.0,6.980010543780333,0.0,0.0,40.0,3.0,29.0,4.0,22.0,0.0,3.0,28.0,6.0,0.0,0.0,2.0,0.0,0.0,0.0,0.0,0.0,0.0,2.0,2.0,1.0,6.0,35.0,4.0,3.0,33.0,4.0,136.0,3.0,3.0,0.0,0.0,51.0,1.0,0.0,1.0,0.0,1.0,1.0,0.0,0.0,0.0,0.0,0.0,0.0,0.0,44;51;29,,,124.0,0.0,0.0,1.0,2.0,1.0,0.0,0.5,1.0,1.0,0.0,0.0,29.0,0.5351448976383121,1
2025_06_TEN_LV,2025,REG,6,2025-10-12,Sunday,16:05,TEN,10.0,LV,20.0,Home,10.0,30.0,0.0,2025101208,59930.0,,202510120rai,28505,401772859,6821,7,7,154.0,-185.0,3.5,-110.0,-110.0,41.5,-105.0,-115.0,0,dome,grass,,,00-0040676,00-0030565,Cam Ward,Geno Smith,Brian Callahan,Pete Carroll,Carl Cheffers,VEG00,Allegiant Stadium,TEN,LV,False,REG,LV,26.0,38.0,222.0,1.0,1.0,6.0,-62.0,2.0,2.0,253.0,117.0,11.0,-14.68072225380456,5.549942921189701,0.0,15.0,65.0,0.0,0.0,0.0,3.0,-3.206434338061692,0.0,26.0,34.0,222.0,1.0,0.0,0.0,253.0,117.0,11.0,2.9208083390258253,0.0,0.0,34.0,2.0,34.0,8.0,32.0,0.0,2.0,16.0,7.0,1.0,1.0,4.0,0.0,0.0,0.0,0.0,0.0,0.0,0.0,0.0,0.0,7.0,34.0,5.0,0.0,0.0,3.0,66.0,1.0,1.0,0.0,0.0,46.0,1.0,0.0,0.0,0.0,1.0,0.0,0.0,0.0,0.0,0.0,0.0,0.0,0.0,46,,,46.0,0.0,0.0,1.0,1.0,0.0,0.0,1.0,0.0,0.0,0.0,0.0,0.0,0.0355981543754188,0
2025_07_NE_TEN,2025,REG,7,2025-10-19,Sunday,13:00,NE,31.0,TEN,13.0,Home,-18.0,44.0,0.0,2025101906,59943.0,,202510190oti,28518,401772755,6834,7,7,-290.0,235.0,-6.5,-108.0,-112.0,40.5,-108.0,-112.0,0,outdoors,grass,60.0,18.0,00-0039851,00-0040676,Drake Maye,Cam Ward,Mike Vrabel,Brian Callahan,Craig Wrolstad,NAS00,Nissan Stadium,TEN,NE,True,REG,NE,25.0,34.0,255.0,1.0,1.0,5.0,-39.0,1.0,1.0,226.0,132.0,14.0,-11.742684764254212,6.665890011936426,0.0,12.0,39.0,0.0,0.0,0.0,1.0,-2.7508370465948246,0.0,25.0,32.0,255.0,1.0,0.0,0.0,226.0,132.0,14.0,5.945108379205411,0.0,0.0,41.0,1.0,35.0,6.0,27.0,0.0,4.0,22.0,4.0,0.0,0.0,0.0,0.0,0.0,0.0,0.0,0.0,0.0,0.0,0.0,0.0,3.0,15.0,3.0,1.0,15.0,3.0,84.0,2.0,2.0,0.0,0.0,50.0,1.0,0.0,0.0,0.0,1.0,1.0,0.0,0.0,0.0,0.0,0.0,0.0,0.0,49;50,,,99.0,0.0,0.0,1.0,1.0,0.0,0.0,1.0,0.0,0.0,0.0,0.0,0.0,0.0820391719747078,0
2025_08_TEN_IND,2025,REG,8,2025-10-26,Sunday,16:25,TEN,14.0,IND,38.0,Home,24.0,52.0,0.0,2025102609,59961.0,,202510260clt,28536,401772761,6852,7,7,950.0,-1650.0,15.5,-115.0,-105.0,47.5,-102.0,-118.0,1,closed,fieldturf,,,00-0040676,00-0035710,Cam Ward,Daniel Jones,Brian Callahan,Shane Steichen,Land Clark,IND00,Lucas Oil Stadium,TEN,IND,False,REG,IND,22.0,38.0,259.0,1.0,1.0,4.0,-31.0,0.0,0.0,328.0,101.0,13.0,-7.903359759788102,-7.154050952679402,0.0,25.0,113.0,1.0,0.0,0.0,5.0,2.595340423169546,0.0,22.0,37.0,259.0,1.0,0.0,0.0,328.0,101.0,13.0,-0.18557561369379982,0.0,0.0,35.0,0.0,12.0,5.0,27.0,0.0,3.0,16.0,5.0,0.0,0.0,4.0,0.0,0.0,0.0,0.0,0.0,0.0,0.0,0.0,0.0,3.0,34.0,3.0,0.0,0.0,7.0,175.0,0.0,1.0,1.0,0.0,,0.0,0.0,0.0,0.0,0.0,0.0,0.0,0.0,0.0,0.0,0.0,1.0,0.0,,58,,0.0,58.0,0.0,2.0,2.0,0.0,0.0,1.0,0.0,0.0,0.0,0.0,0.0,0.1383024981633519,0
2025_09_LAC_TEN,2025,REG,9,2025-11-02,Sunday,13:00,LAC,27.0,TEN,20.0,Home,-7.0,47.0,0.0,2025110207,59972.0,,202511020oti,28547,401772764,6863,10,7,-650.0,470.0,-10.0,-112.0,-108.0,44.5,-110.0,-110.0,0,outdoors,grass,46.0,5.0,00-0036355,00-0040676,Justin Herbert,Cam Ward,Jim Harbaugh,Brian Callahan,Alex Kemp,NAS00,Nissan Stadium,TEN,LAC,True,REG,LAC,12.0,21.0,145.0,0.0,0.0,4.0,-27.0,1.0,0.0,183.0,85.0,7.0,-1.692690688505536,-11.784661525771732,0.0,19.0,88.0,0.0,1.0,0.0,4.0,-6.10583594875809,0.0,12.0,21.0,145.0,0.0,0.0,0.0,183.0,85.0,7.0,3.4020859284792095,0.0,1.0,41.0,1.0,29.0,6.0,40.0,1.0,6.0,38.0,11.0,1.0,24.0,4.0,1.0,0.0,0.0,0.0,2.0,3.0,0.0,0.0,0.0,7.0,60.0,3.0,3.0,98.0,4.0,117.0,2.0,2.0,0.0,0.0,49.0,1.0,0.0,0.0,1.0,1.0,0.0,0.0,0.0,0.0,0.0,0.0,0.0,0.0,49;37,,,86.0,0.0,0.0,2.0,2.0,0.0,0.0,1.0,0.0,0.0,0.0,0.0,0.0,0.6409067699073655,0
2025_11_HOU_TEN,2025,REG,11,2025-11-16,Sunday,13:00,HOU,16.0,TEN,13.0,Home,-3.0,29.0,0.0,2025111607,60000.0,,202511160oti,28576,401772881,6891,7,14,-265.0,215.0,-5.5,-108.0,-112.0,37.5,-118.0,-102.0,1,outdoors,grass,64.0,8.0,00-0036898,00-0040676,Davis Mills,Cam Ward,DeMeco Ryans,Brian Callahan,Shawn Hochuli,NAS00,Nissan Stadium,TEN,HOU,True,REG,HOU,24.0,37.0,194.0,1.0,0.0,3.0,-23.0,1.0,1.0,268.0,89.0,10.0,-2.71816846039732,-1.9957180238432355,0.0,17.0,58.0,0.0,0.0,0.0,3.0,-4.10874587091476,0.0,24.0,36.0,194.0,1.0,0.0,0.0,268.0,89.0,10.0,5.483560656622247,0.0,0.0,41.0,2.0,30.0,8.0,33.0,0.0,4.0,34.0,8.0,0.0,0.0,9.0,0.0,1.0,0.0,0.0,1.0,1.0,0.0,0.0,0.0,9.0,62.0,4.0,2.0,1.0,2.0,49.0,2.0,2.0,0.0,0.0,56.0,1.0,0.0,0.0,0.0,1.0,1.0,0.0,0.0,0.0,0.0,0.0,0.0,0.0,56;47,,,103.0,0.0,0.0,1.0,1.0,0.0,0.0,1.0,0.0,0.0,0.0,0.0,0.0,0.132599517445976,0
2025_12_SEA_TEN,2025,REG,12,2025-11-23,Sunday,13:00,SEA,30.0,TEN,24.0,Home,-6.0,54.0,0.0,2025112306,60014.0,,202511230oti,28589,401772886,6905,7,7,-950.0,625.0,-12.5,-115.0,-105.0,41.5,-110.0,-110.0,0,outdoors,grass,55.0,1.0,00-0034869,00-0040676,Sam Darnold,Cam Ward,Mike Macdonald,Brian Callahan,Ron Torbert,NAS00,Nissan Stadium,TEN,SEA,True,REG,SEA,28.0,42.0,256.0,1.0,0.0,4.0,-24.0,0.0,0.0,195.0,158.0,12.0,2.1197189295604066,4.87278456750669,0.0,22.0,64.0,1.0,0.0,0.0,5.0,-2.4792282995185815,0.0,28.0,38.0,256.0,1.0,0.0,0.0,195.0,158.0,12.0,11.908852136402857,0.0,1.0,30.0,0.0,16.0,3.0,13.0,0.0,1.0,5.0,3.0,0.0,0.0,5.0,0.0,0.0,0.0,0.0,0.0,0.0,0.0,0.0,0.0,10.0,63.0,4.0,1.0,90.0,6.0,130.0,1.0,1.0,0.0,0.0,22.0,1.0,0.0,1.0,0.0,0.0,0.0,0.0,0.0,0.0,0.0,0.0,0.0,0.0,22,,,22.0,0.0,0.0,3.0,3.0,0.0,0.0,1.0,0.0,0.0,0.0,0.0,0.0,0.1528777967597007,0
2025_13_JAX_TEN,2025,REG,13,2025-11-30,Sunday,13:00,JAX,25.0,TEN,3.0,Home,-22.0,28.0,0.0,2025113006,60031.0,,202511300oti,28606,401772786,6922,7,7,-270.0,220.0,-6.0,-108.0,-112.0,42.5,-105.0,-115.0,1,outdoors,grass,38.0,7.0,00-0036971,00-0040676,Trevor Lawrence,Cam Ward,Liam Coen,Brian Callahan,Brad Rogers,NAS00,Nissan Stadium,TEN,JAX,True,REG,JAX,24.0,38.0,141.0,0.0,0.0,3.0,-20.0,1.0,0.0,248.0,49.0,4.0,-20.3992894543822,-1.6733853306089128,0.0,14.0,67.0,0.0,0.0,0.0,5.0,1.2257994888932444,0.0,24.0,35.0,141.0,0.0,1.0,1.0,248.0,49.0,4.0,-17.212508724527254,0.0,0.0,31.0,1.0,23.0,5.0,29.0,0.0,3.0,27.0,5.0,0.0,0.0,2.0,0.0,0.0,0.0,0.0,1.0,1.0,0.0,0.0,0.0,10.0,86.0,2.0,5.0,76.0,3.0,76.0,1.0,1.0,0.0,0.0,28.0,1.0,0.0,1.0,0.0,0.0,0.0,0.0,0.0,0.0,0.0,0.0,0.0,0.0,28,,,28.0,0.0,0.0,0.0,0.0,0.0,0.0,,0.0,0.0,0.0,0.0,0.0,0.0118738014704733,0
2025_14_TEN_CLE,2025,REG,14,2025-12-07,Sunday,13:00,TEN,,CLE,,Home,,,,2025120702,,,202512070cle,28615,401772898,6931,7,7,170.0,-205.0,4.5,-115.0,-105.0,33.5,-105.0,-115.0,0,outdoors,grass,,,00-0040676,00-0040668,Cam Ward,Shedeur Sanders,Brian Callahan,Kevin Stefanski,,CLE00,FirstEnergy Stadium,TEN,CLE,False,,,,,,,,,,,,,,,,,,,,,,,,,,,,,,,,,,,,,,,,,,,,,,,,,,,,,,,,,,,,,,,,,,,,,,,,,,,,,,,,,,,,,,,,,,,,,,,,,,,,0.0182607965715682,0
2025_15_TEN_SF,2025,REG,15,2025-12-14,Sunday,16:25,TEN,,SF,,Home,,,,2025121412,,,202512140sfo,28639,401772907,6955,7,14,625.0,-950.0,12.5,-110.0,-110.0,44.5,-115.0,-105.0,0,outdoors,grass,,,,,,,Brian Callahan,Kyle Shanahan,,SFO01,Levi's Stadium,TEN,SF,False,,,,,,,,,,,,,,,,,,,,,,,,,,,,,,,,,,,,,,,,,,,,,,,,,,,,,,,,,,,,,,,,,,,,,,,,,,,,,,,,,,,,,,,,,,,,,,,,,,,,0.0182607965715682,0
2025_16_KC_TEN,2025,REG,16,2025-12-21,Sunday,13:00,KC,,TEN,,Home,,,,2025122106,,,202512210oti,28651,401772803,6967,7,7,,,,,,,,,0,outdoors,grass,,,,,,,Andy Reid,Brian Callahan,,NAS00,Nissan Stadium,TEN,KC,True,,,,,,,,,,,,,,,,,,,,,,,,,,,,,,,,,,,,,,,,,,,,,,,,,,,,,,,,,,,,,,,,,,,,,,,,,,,,,,,,,,,,,,,,,,,,,,,,,,,,0.0165731397877506,0
2025_17_NO_TEN,2025,REG,17,2025-12-28,Sunday,13:00,NO,,TEN,,Home,,,,2025122804,,,202512280oti,28670,401772809,6986,7,7,,,,,,,,,0,outdoors,grass,,,,,,,Kellen Moore,Brian Callahan,,NAS00,Nissan Stadium,TEN,NO,True,,,,,,,,,,,,,,,,,,,,,,,,,,,,,,,,,,,,,,,,,,,,,,,,,,,,,,,,,,,,,,,,,,,,,,,,,,,,,,,,,,,,,,,,,,,,,,,,,,,,0.0165731397877506,0
2025_18_TEN_JAX,2025,REG,18,2026-01-04,Sunday,13:00,TEN,,JAX,,Home,,,,2025010406,,,202501040jax,28679,401772970,6996,6,6,,,,,,,,,1,outdoors,grass,,,,,,,Brian Callahan,Liam Coen,,JAX00,TIAA Bank Stadium,TEN,JAX,False,,,,,,,,,,,,,,,,,,,,,,,,,,,,,,,,,,,,,,,,,,,,,,,,,,,,,,,,,,,,,,,,,,,,,,,,,,,,,,,,,,,,,,,,,,,,,,,,,,,,0.0182607965715682,0
2025_01_NYG_WAS,2025,REG,1,2025-09-07,Sunday,13:00,NYG,6.0,WAS,21.0,Home,15.0,27.0,0.0,2025090707,59852.0,,202509070was,28427,401772827,6743,7,7,240.0,-298.0,6.0,-108.0,-112.0,45.5,-110.0,-110.0,1,outdoors,grass,68.0,5.0,00-0029263,00-0039910,Russell Wilson,Jayden Daniels,Brian Daboll,Dan Quinn,Clay Martin,WAS00,FedExField,WAS,NYG,True,REG,NYG,19.0,30.0,233.0,1.0,0.0,3.0,-21.0,0.0,0.0,279.0,97.0,11.0,1.364757596165873,-1.2890843481853091,0.0,32.0,220.0,2.0,0.0,0.0,11.0,7.834049331839196,0.0,19.0,29.0,233.0,1.0,0.0,0.0,279.0,97.0,11.0,8.10985203704331,0.0,0.0,31.0,2.0,28.0,7.0,19.0,1.0,2.0,11.0,8.0,0.0,0.0,7.0,0.0,0.0,0.0,0.0,0.0,0.0,0.0,0.0,0.0,12.0,89.0,6.0,2.0,0.0,3.0,86.0,0.0,0.0,0.0,0.0,,,0.0,0.0,0.0,0.0,0.0,0.0,0.0,0.0,0.0,0.0,0.0,0.0,,,,0.0,0.0,0.0,3.0,3.0,0.0,0.0,1.0,0.0,0.0,0.0,0.0,0.0,0.7218794648793686,1
2025_02_WAS_GB,2025,REG,2,2025-09-11,Thursday,20:15,WAS,18.0,GB,27.0,Home,9.0,45.0,0.0,2025091100,59859.0,,202509110gnb,28434,401772936,6750,4,4,154.0,-185.0,3.5,-118.0,-102.0,48.5,-105.0,-115.0,0,outdoors,grass,65.0,7.0,00-0039910,00-0036264,Jayden Daniels,Jordan Love,Dan Quinn,Matt LaFleur,Brad Rogers,GNB00,Lambeau Field,WAS,GB,False,REG,GB,24.0,42.0,200.0,2.0,0.0,4.0,-21.0,0.0,0.0,279.0,107.0,10.0,-9.158630191520102,-7.198357805609703,1.0,19.0,51.0,0.0,0.0,0.0,3.0,-2.615707643679343,0.0,24.0,40.0,200.0,2.0,0.0,0.0,279.0,107.0,10.0,-0.9754482155585324,1.0,0.0,35.0,0.0,30.0,2.0,14.0,0.0,2.0,23.0,4.0,0.0,0.0,3.0,0.0,0.0,0.0,0.0,0.0,0.0,0.0,0.0,0.0,5.0,30.0,3.0,3.0,50.0,3.0,103.0,1.0,3.0,2.0,0.0,51.0,0.3333333333333333,0.0,0.0,0.0,0.0,1.0,0.0,0.0,0.0,0.0,0.0,2.0,0.0,51,58;52,,51.0,110.0,0.0,1.0,1.0,0.0,0.0,1.0,0.0,0.0,0.0,0.0,0.0,0.0828233865774751,0
2025_03_LV_WAS,2025,REG,3,2025-09-21,Sunday,13:00,LV,24.0,WAS,41.0,Home,17.0,65.0,0.0,2025092108,59884.0,,202509210was,28460,401772841,6775,6,10,130.0,-155.0,2.5,100.0,-120.0,43.5,-110.0,-110.0,0,outdoors,grass,72.0,6.0,00-0030565,00-0032268,Geno Smith,Marcus Mariota,Pete Carroll,Dan Quinn,Shawn Hochuli,WAS00,FedExField,WAS,LV,True,REG,LV,15.0,21.0,207.0,1.0,0.0,1.0,-8.0,0.0,0.0,158.0,113.0,7.0,10.782450092576104,14.572758972644806,0.0,32.0,201.0,3.0,1.0,1.0,8.0,4.011520361507493,0.0,15.0,18.0,207.0,1.0,0.0,0.0,158.0,113.0,7.0,15.5487791822214,0.0,1.0,41.0,2.0,26.0,8.0,35.0,0.0,5.0,28.0,9.0,0.0,0.0,4.0,0.0,0.0,0.0,0.0,0.0,0.0,0.0,0.0,0.0,7.0,54.0,5.0,5.0,127.0,3.0,118.0,2.0,3.0,1.0,0.0,56.0,0.6666666666666666,0.0,0.0,0.0,1.0,1.0,0.0,0.0,0.0,1.0,0.0,0.0,0.0,46;56,37,,102.0,37.0,0.0,5.0,5.0,0.0,0.0,1.0,0.0,0.0,0.0,0.0,0.0,0.997578614747766,1
2025_04_WAS_ATL,2025,REG,4,2025-09-28,Sunday,13:00,WAS,27.0,ATL,34.0,Home,7.0,61.0,0.0,2025092801,59893.0,,202509280atl,28468,401772739,6784,7,7,120.0,-142.0,2.5,-110.0,-110.0,43.5,-112.0,-108.0,0,closed,fieldturf,,,00-0039910,00-0039917,Jayden Daniels,Michael Penix,Dan Quinn,Raheem Morris,Scott Novak,ATL97,Mercedes-Benz Stadium,WAS,ATL,False,REG,ATL,16.0,27.0,156.0,2.0,1.0,2.0,-9.0,0.0,0.0,286.0,23.0,9.0,-0.046404255224956836,3.1432081013917923,1.0,22.0,147.0,0.0,0.0,0.0,7.0,4.784208872006275,0.0,16.0,24.0,156.0,2.0,2.0,0.0,286.0,23.0,9.0,5.750913910709407,1.0,0.0,31.0,4.0,42.0,7.0,27.0,2.0,1.0,6.0,2.0,1.0,23.0,1.0,0.0,2.0,0.0,0.0,3.0,3.0,0.0,0.0,0.0,6.0,50.0,4.0,2.0,0.0,6.0,199.0,4.0,4.0,0.0,0.0,52.0,1.0,0.0,0.0,0.0,3.0,1.0,0.0,0.0,0.0,0.0,0.0,0.0,0.0,43;52;41;42,,,178.0,0.0,0.0,1.0,1.0,0.0,0.0,1.0,0.0,0.0,0.0,0.0,0.0,0.8801056261522213,0
2025_05_WAS_LAC,2025,REG,5,2025-10-05,Sunday,16:25,WAS,27.0,LAC,10.0,Home,-17.0,37.0,0.0,2025100510,59918.0,,202510050sdg,28493,401772853,6809,7,7,130.0,-155.0,2.5,100.0,-120.0,47.5,-115.0,-105.0,0,dome,matrixturf,,,00-0039910,00-0036355,Jayden Daniels,Justin Herbert,Dan Quinn,Jim Harbaugh,John Hussey,LAX01,SoFi Stadium,WAS,LAC,False,REG,LAC,15.0,26.0,231.0,1.0,0.0,1.0,-5.0,0.0,0.0,239.0,110.0,9.0,14.006386082944797,-0.7532947737237682,0.0,28.0,163.0,2.0,1.0,1.0,9.0,0.00040329492185264826,0.0,15.0,23.0,231.0,1.0,0.0,0.0,239.0,110.0,9.0,15.062971955136952,0.0,0.0,44.0,0.0,30.0,6.0,33.0,1.0,5.0,29.0,9.0,1.0,0.0,4.0,0.0,0.0,0.0,0.0,0.0,0.0,1.0,1.0,0.0,7.0,48.0,6.0,0.0,0.0,3.0,92.0,2.0,2.0,0.0,0.0,36.0,1.0,0.0,1.0,1.0,0.0,0.0,0.0,0.0,0.0,0.0,0.0,0.0,0.0,29;36,,,65.0,0.0,0.0,3.0,3.0,0.0,0.0,1.0,0.0,0.0,0.0,0.0,0.0,0.9893764749310432,1
2025_06_CHI_WAS,2025,REG,6,2025-10-13,Monday,20:15,CHI,25.0,WAS,24.0,Home,-1.0,49.0,0.0,2025101301,59935.0,,202510130was,28510,401772717,6826,15,8,210.0,-258.0,5.5,-108.0,-112.0,49.5,-105.0,-115.0,0,outdoors,grass,59.0,12.0,00-0039918,00-0039910,Caleb Williams,Jayden Daniels,Ben Johnson,Dan Quinn,Alex Moore,WAS00,FedExField,WAS,CHI,True,REG,CHI,19.0,26.0,211.0,3.0,1.0,3.0,-6.0,1.0,0.0,212.0,70.0,11.0,6.435357536926994,11.14691657324632,0.0,31.0,124.0,0.0,2.0,2.0,8.0,-10.193474855914246,0.0,19.0,24.0,211.0,3.0,0.0,0.0,212.0,70.0,11.0,12.559384563511367,0.0,0.0,30.0,1.0,39.0,4.0,16.0,0.0,3.0,16.0,5.0,0.0,0.0,5.0,0.0,0.0,0.0,0.0,1.0,2.0,0.0,0.0,0.0,5.0,40.0,5.0,1.0,9.0,4.0,127.0,1.0,2.0,1.0,0.0,53.0,0.5,0.0,0.0,0.0,0.0,1.0,0.0,0.0,0.0,0.0,0.0,1.0,0.0,53,50,,53.0,50.0,0.0,3.0,3.0,0.0,0.0,1.0,0.0,0.0,0.0,0.0,0.0,0.5598033894695533,0
2025_07_WAS_DAL,2025,REG,7,2025-10-19,Sunday,16:25,WAS,22.0,DAL,44.0,Home,22.0,66.0,0.0,2025101910,59947.0,,202510190dal,28522,401772864,6838,6,7,105.0,-125.0,1.5,-108.0,-112.0,54.5,-108.0,-112.0,1,closed,matrixturf,,,00-0039910,00-0033077,Jayden Daniels,Dak Prescott,Dan Quinn,Brian Schottenheimer,Alex Kemp,DAL00,AT&T Stadium,WAS,DAL,False,REG,DAL,16.0,32.0,219.0,1.0,1.0,4.0,-14.0,1.0,1.0,316.0,88.0,8.0,-19.954931111249607,-11.903719459810565,0.0,28.0,136.0,2.0,0.0,0.0,8.0,5.790993408285547,0.0,16.0,31.0,219.0,1.0,0.0,0.0,316.0,88.0,8.0,-9.883332914439961,0.0,0.0,30.0,3.0,37.0,3.0,5.0,0.0,1.0,7.0,5.0,0.0,0.0,7.0,0.0,0.0,1.0,0.0,0.0,0.0,0.0,0.0,0.0,11.0,118.0,1.0,1.0,8.0,8.0,209.0,0.0,0.0,0.0,0.0,,,0.0,0.0,0.0,0.0,0.0,0.0,0.0,0.0,0.0,0.0,0.0,0.0,,,,0.0,0.0,0.0,2.0,2.0,0.0,0.0,1.0,0.0,0.0,0.0,0.0,0.0,0.102037995535922,0
2025_08_WAS_KC,2025,REG,8,2025-10-27,Monday,20:15,WAS,7.0,KC,28.0,Home,21.0,35.0,0.0,2025102700,59963.0,,202510270kan,28538,401772817,6854,8,8,500.0,-700.0,10.5,-105.0,-115.0,48.5,-115.0,-105.0,0,outdoors,grass,54.0,8.0,00-0039910,00-0033873,Jayden Daniels,Patrick Mahomes,Dan Quinn,Andy Reid,Brad Allen,KAN00,GEHA Field at Arrowhead Stadium,WAS,KC,False,REG,KC,21.0,30.0,213.0,1.0,2.0,2.0,-13.0,0.0,0.0,162.0,122.0,9.0,-7.404169346555136,1.1250343918800354,0.0,20.0,60.0,0.0,1.0,0.0,4.0,-2.0106815637554973,0.0,21.0,30.0,213.0,1.0,0.0,0.0,162.0,122.0,9.0,-3.0931440732674673,0.0,0.0,47.0,1.0,23.0,4.0,9.0,2.0,3.0,15.0,7.0,2.0,1.0,3.0,0.0,0.0,0.0,0.0,0.0,0.0,0.0,0.0,0.0,3.0,35.0,0.0,1.0,14.0,3.0,67.0,0.0,0.0,0.0,0.0,,,0.0,0.0,0.0,0.0,0.0,0.0,0.0,0.0,0.0,0.0,0.0,0.0,,,,0.0,0.0,0.0,1.0,1.0,0.0,0.0,1.0,0.0,0.0,0.0,0.0,0.0,0.0395500991159683,0
2025_09_SEA_WAS,2025,REG,9,2025-11-02,Sunday,20:20,SEA,38.0,WAS,14.0,Home,-24.0,52.0,0.0,2025110211,59976.0,,202511020was,28551,401772926,6867,13,6,-148.0,124.0,-2.5,-120.0,100.0,47.5,-115.0,-105.0,0,outdoors,grass,53.0,3.0,00-0034869,00-0039910,Sam Darnold,Jayden Daniels,Mike Macdonald,Dan Quinn,Bill Vinovich,WAS00,FedExField,WAS,SEA,True,REG,SEA,16.0,22.0,153.0,0.0,1.0,4.0,-20.0,0.0,0.0,125.0,71.0,8.0,-1.3299716647306923,4.00167065007346,0.0,36.0,157.0,2.0,0.0,0.0,9.0,0.11067351387464441,0.0,16.0,21.0,153.0,0.0,0.0,0.0,125.0,71.0,8.0,6.083475431078114,0.0,0.0,26.0,2.0,34.0,2.0,5.0,1.0,0.0,0.0,1.0,1.0,0.0,3.0,0.0,0.0,0.0,0.0,0.0,0.0,0.0,0.0,0.0,8.0,87.0,2.0,2.0,15.0,3.0,75.0,0.0,0.0,0.0,0.0,,,0.0,0.0,0.0,0.0,0.0,0.0,0.0,0.0,0.0,0.0,0.0,0.0,,,,0.0,0.0,0.0,2.0,2.0,0.0,0.0,1.0,0.0,0.0,0.0,0.0,0.0,0.1266204147013007,0
2025_10_DET_WAS,2025,REG,10,2025-11-09,Sunday,16:25,DET,44.0,WAS,22.0,Home,-22.0,66.0,0.0,2025110910,59989.0,,202511090was,28564,401772878,6880,7,7,-455.0,350.0,-8.5,-105.0,-115.0,49.5,-112.0,-108.0,0,outdoors,grass,64.0,9.0,00-0033106,00-0032268,Jared Goff,Marcus Mariota,Dan Campbell,Dan Quinn,Scott Novak,WAS00,FedExField,WAS,DET,True,REG,DET,16.0,22.0,213.0,2.0,0.0,2.0,-18.0,0.0,0.0,288.0,39.0,9.0,10.923732237273441,14.25039998509667,0.0,27.0,93.0,1.0,0.0,0.0,5.0,-1.9187083572759294,0.0,16.0,22.0,213.0,2.0,0.0,0.0,288.0,39.0,9.0,14.25705788967906,0.0,0.0,38.0,0.0,40.0,0.0,0.0,0.0,0.0,0.0,5.0,0.0,0.0,3.0,0.0,0.0,0.0,0.0,0.0,0.0,0.0,0.0,0.0,8.0,61.0,3.0,0.0,0.0,7.0,191.0,1.0,1.0,0.0,0.0,44.0,1.0,0.0,0.0,0.0,1.0,0.0,0.0,0.0,0.0,0.0,0.0,0.0,0.0,44,,,44.0,0.0,0.0,1.0,1.0,0.0,0.0,1.0,0.0,0.0,0.0,0.0,0.0,0.1198348827277977,0
2025_11_WAS_MIA,2025,REG,11,2025-11-16,Sunday,09:30,WAS,13.0,MIA,16.0,Neutral,3.0,29.0,1.0,2025111600,59993.0,,202511160mia,28568,401772631,6884,7,7,124.0,-148.0,2.5,100.0,-120.0,47.5,-110.0,-110.0,0,outdoors,grass,,,00-0032268,00-0036212,Marcus Mariota,Tua Tagovailoa,Dan Quinn,Mike McDaniel,Shawn Smith,MIA00,Hard Rock Stadium,WAS,MIA,False,REG,MIA,20.0,30.0,213.0,1.0,1.0,1.0,-6.0,0.0,0.0,221.0,126.0,10.0,4.053688162648051,2.292767886457772,0.0,33.0,172.0,0.0,0.0,0.0,9.0,0.4664705382892862,0.0,20.0,29.0,213.0,1.0,0.0,0.0,221.0,126.0,10.0,6.586390340605795,0.0,0.0,35.0,1.0,29.0,6.0,36.0,0.0,3.0,29.0,3.0,0.0,0.0,1.0,0.0,1.0,0.0,0.0,0.0,0.0,0.0,0.0,0.0,6.0,31.0,6.0,2.0,0.0,4.0,93.0,2.0,4.0,2.0,0.0,30.0,0.5,0.0,1.0,1.0,0.0,0.0,0.0,0.0,0.0,0.0,0.0,2.0,0.0,26;30,51;56,,56.0,107.0,0.0,1.0,1.0,0.0,0.0,1.0,0.0,0.0,0.0,0.0,0.0,0.5667974578141116,0
2025_13_DEN_WAS,2025,REG,13,2025-11-30,Sunday,20:20,DEN,27.0,WAS,26.0,Home,-1.0,53.0,1.0,2025113010,60035.0,,202511300was,28610,401772931,6926,14,14,-310.0,250.0,-6.5,-105.0,-115.0,43.5,-112.0,-108.0,0,outdoors,grass,40.0,13.0,00-0039732,00-0032268,Bo Nix,Marcus Mariota,Sean Payton,Dan Quinn,Land Clark,WAS00,FedExField,WAS,DEN,True,REG,DEN,28.0,50.0,294.0,2.0,1.0,2.0,-18.0,1.0,0.0,598.0,82.0,17.0,-0.3392852788820585,3.2220691442489624,0.0,33.0,143.0,1.0,0.0,0.0,10.0,6.520693123427918,0.0,28.0,45.0,294.0,2.0,0.0,0.0,598.0,82.0,17.0,4.871167520568143,0.0,0.0,35.0,0.0,44.0,2.0,10.0,1.0,1.0,6.0,4.0,1.0,6.0,5.0,0.0,0.0,0.0,0.0,2.0,2.0,0.0,0.0,0.0,5.0,35.0,5.0,1.0,0.0,5.0,129.0,2.0,2.0,0.0,0.0,38.0,1.0,0.0,0.0,2.0,0.0,0.0,0.0,0.0,0.0,0.0,0.0,0.0,0.0,38;32,,,70.0,0.0,0.0,2.0,2.0,0.0,0.0,1.0,0.0,0.0,0.0,0.0,0.0,0.6643715321539857,0
2025_14_WAS_MIN,2025,REG,14,2025-12-07,Sunday,13:00,WAS,,MIN,,Home,,,,2025120705,,,202512070min,28618,401772899,6934,7,7,110.0,-130.0,2.5,-115.0,-105.0,42.5,-115.0,-105.0,0,dome,sportturf,,,00-0032268,00-0039923,Marcus Mariota,J.J. McCarthy,Dan Quinn,Kevin O'Connell,,MIN01,U.S. Bank Stadium,WAS,MIN,False,,,,,,,,,,,,,,,,,,,,,,,,,,,,,,,,,,,,,,,,,,,,,,,,,,,,,,,,,,,,,,,,,,,,,,,,,,,,,,,,,,,,,,,,,,,,,,,,,,,,0.0182607965715682,0
2025_15_WAS_NYG,2025,REG,15,2025-12-14,Sunday,13:00,WAS,,NYG,,Home,,,,2025121406,,,202512140nyg,28633,401772905,6949,7,13,-130.0,110.0,-1.5,-115.0,-105.0,47.5,-110.0,-110.0,1,outdoors,fieldturf,,,,,,,Dan Quinn,Brian Daboll,,NYC01,MetLife Stadium,WAS,NYG,False,,,,,,,,,,,,,,,,,,,,,,,,,,,,,,,,,,,,,,,,,,,,,,,,,,,,,,,,,,,,,,,,,,,,,,,,,,,,,,,,,,,,,,,,,,,,,,,,,,,,0.0182607965715682,0
2025_16_PHI_WAS,2025,REG,16,2025-12-19,Friday,13:00,PHI,,WAS,,Home,,,,2025121901,,,202512190was,28644,401772612,6960,5,5,,,,,,,,,1,outdoors,grass,,,,,,,Nick Sirianni,Dan Quinn,,WAS00,FedExField,WAS,PHI,True,,,,,,,,,,,,,,,,,,,,,,,,,,,,,,,,,,,,,,,,,,,,,,,,,,,,,,,,,,,,,,,,,,,,,,,,,,,,,,,,,,,,,,,,,,,,,,,,,,,,0.0165731397877506,0
2025_17_DAL_WAS,2025,REG,17,2025-12-25,Thursday,13:00,DAL,,WAS,,Home,,,,2025122500,,,202512250was,28658,401772710,6974,4,6,,,,,,,,,1,outdoors,grass,,,,,,,Brian Schottenheimer,Dan Quinn,,WAS00,FedExField,WAS,DAL,True,,,,,,,,,,,,,,,,,,,,,,,,,,,,,,,,,,,,,,,,,,,,,,,,,,,,,,,,,,,,,,,,,,,,,,,,,,,,,,,,,,,,,,,,,,,,,,,,,,,,0.0165731397877506,0
2025_18_WAS_PHI,2025,REG,18,2026-01-04,Sunday,13:00,WAS,,PHI,,Home,,,,2025010412,,,202501040phi,28685,401772959,7002,6,6,,,,,,,,,1,outdoors,grass,,,,,,,Dan Quinn,Nick Sirianni,,PHI00,Lincoln Financial Field,WAS,PHI,False,,,,,,,,,,,,,,,,,,,,,,,,,,,,,,,,,,,,,,,,,,,,,,,,,,,,,,,,,,,,,,,,,,,,,,,,,,,,,,,,,,,,,,,,,,,,,,,,,,,,0.0182607965715682,0
